{
"type": "FeatureCollection",
"name": "grid",
"crs": { "type": "name", "properties": { "name": "urn:ogc:def:crs:OGC:1.3:CRS84" } },
"features": [
{ "type": "Feature", "properties": { "grid_id": "HYD_0001" }, "geometry": { "type": "Polygon", "coordinates": [ [ [ 78.234312605850022, 17.550957213530033 ], [ 78.243724254232049, 17.55108851363828 ], [ 78.243860853006566, 17.54205997084631 ], [ 78.234449669610825, 17.541928742535763 ], [ 78.234312605850022, 17.550957213530033 ] ] ] } },
{ "type": "Feature", "properties": { "grid_id": "HYD_0002" }, "geometry": { "type": "Polygon", "coordinates": [ [ [ 78.234449669610825, 17.541928742535763 ], [ 78.243860853006566, 17.54205997084631 ], [ 78.243997370185951, 17.533031418807891 ], [ 78.23458665149893, 17.532900262288202 ], [ 78.234449669610825, 17.541928742535763 ] ] ] } },
{ "type": "Feature", "properties": { "grid_id": "HYD_0003" }, "geometry": { "type": "Polygon", "coordinates": [ [ [ 78.23458665149893, 17.532900262288202 ], [ 78.243997370185951, 17.533031418807891 ], [ 78.244133805788948, 17.524002857527385 ], [ 78.234723551533179, 17.523871772791704 ], [ 78.23458665149893, 17.532900262288202 ] ] ] } },
{ "type": "Feature", "properties": { "grid_id": "HYD_0004" }, "geometry": { "type": "Polygon", "coordinates": [ [ [ 78.234723551533179, 17.523871772791704 ], [ 78.244133805788948, 17.524002857527385 ], [ 78.244270159834301, 17.514974287009125 ], [ 78.234860369732388, 17.514843274050612 ], [ 78.234723551533179, 17.523871772791704 ] ] ] } },
{ "type": "Feature", "properties": { "grid_id": "HYD_0005" }, "geometry": { "type": "Polygon", "coordinates": [ [ [ 78.234860369732388, 17.514843274050612 ], [ 78.244270159834301, 17.514974287009125 ], [ 78.244406432340767, 17.50594570725745 ], [ 78.234997106115344, 17.505814766069271 ], [ 78.234860369732388, 17.514843274050612 ] ] ] } },
{ "type": "Feature", "properties": { "grid_id": "HYD_0006" }, "geometry": { "type": "Polygon", "coordinates": [ [ [ 78.234997106115344, 17.505814766069271 ], [ 78.244406432340767, 17.50594570725745 ], [ 78.24454262332705, 17.496917118276706 ], [ 78.235133760700862, 17.496786248852032 ], [ 78.234997106115344, 17.505814766069271 ] ] ] } },
{ "type": "Feature", "properties": { "grid_id": "HYD_0007" }, "geometry": { "type": "Polygon", "coordinates": [ [ [ 78.243724254232049, 17.55108851363828 ], [ 78.253135984227981, 17.551219367451758 ], [ 78.253272117997469, 17.542190753106027 ], [ 78.243860853006566, 17.54205997084631 ], [ 78.243724254232049, 17.55108851363828 ] ] ] } },
{ "type": "Feature", "properties": { "grid_id": "HYD_0008" }, "geometry": { "type": "Polygon", "coordinates": [ [ [ 78.243860853006566, 17.54205997084631 ], [ 78.253272117997469, 17.542190753106027 ], [ 78.253408170449347, 17.533162129520683 ], [ 78.243997370185951, 17.533031418807891 ], [ 78.243860853006566, 17.54205997084631 ] ] ] } },
{ "type": "Feature", "properties": { "grid_id": "HYD_0009" }, "geometry": { "type": "Polygon", "coordinates": [ [ [ 78.243997370185951, 17.533031418807891 ], [ 78.253408170449347, 17.533162129520683 ], [ 78.253544141602333, 17.52413349670006 ], [ 78.244133805788948, 17.524002857527385 ], [ 78.243997370185951, 17.533031418807891 ] ] ] } },
{ "type": "Feature", "properties": { "grid_id": "HYD_0010" }, "geometry": { "type": "Polygon", "coordinates": [ [ [ 78.244133805788948, 17.524002857527385 ], [ 78.253544141602333, 17.52413349670006 ], [ 78.253680031475113, 17.515104854648506 ], [ 78.244270159834301, 17.514974287009125 ], [ 78.244133805788948, 17.524002857527385 ] ] ] } },
{ "type": "Feature", "properties": { "grid_id": "HYD_0011" }, "geometry": { "type": "Polygon", "coordinates": [ [ [ 78.244270159834301, 17.514974287009125 ], [ 78.253680031475113, 17.515104854648506 ], [ 78.253815840086361, 17.506076203370345 ], [ 78.244406432340767, 17.50594570725745 ], [ 78.244270159834301, 17.514974287009125 ] ] ] } },
{ "type": "Feature", "properties": { "grid_id": "HYD_0012" }, "geometry": { "type": "Polygon", "coordinates": [ [ [ 78.244406432340767, 17.50594570725745 ], [ 78.253815840086361, 17.506076203370345 ], [ 78.25395156745472, 17.497047542869929 ], [ 78.24454262332705, 17.496917118276706 ], [ 78.244406432340767, 17.50594570725745 ] ] ] } },
{ "type": "Feature", "properties": { "grid_id": "HYD_0013" }, "geometry": { "type": "Polygon", "coordinates": [ [ [ 78.24454262332705, 17.496917118276706 ], [ 78.25395156745472, 17.497047542869929 ], [ 78.254087213598851, 17.488018873151589 ], [ 78.244678732811863, 17.487888520071248 ], [ 78.24454262332705, 17.496917118276706 ] ] ] } },
{ "type": "Feature", "properties": { "grid_id": "HYD_0014" }, "geometry": { "type": "Polygon", "coordinates": [ [ [ 78.244678732811863, 17.487888520071248 ], [ 78.254087213598851, 17.488018873151589 ], [ 78.254222778537354, 17.478990194219666 ], [ 78.244814760813895, 17.478859912645394 ], [ 78.244678732811863, 17.487888520071248 ] ] ] } },
{ "type": "Feature", "properties": { "grid_id": "HYD_0015" }, "geometry": { "type": "Polygon", "coordinates": [ [ [ 78.244814760813895, 17.478859912645394 ], [ 78.254222778537354, 17.478990194219666 ], [ 78.254358262288875, 17.469961506078509 ], [ 78.244950707351833, 17.469831296003509 ], [ 78.244814760813895, 17.478859912645394 ] ] ] } },
{ "type": "Feature", "properties": { "grid_id": "HYD_0016" }, "geometry": { "type": "Polygon", "coordinates": [ [ [ 78.244950707351833, 17.469831296003509 ], [ 78.254358262288875, 17.469961506078509 ], [ 78.254493664872015, 17.460932808732451 ], [ 78.245086572444336, 17.460802670149945 ], [ 78.244950707351833, 17.469831296003509 ] ] ] } },
{ "type": "Feature", "properties": { "grid_id": "HYD_0017" }, "geometry": { "type": "Polygon", "coordinates": [ [ [ 78.245086572444336, 17.460802670149945 ], [ 78.254493664872015, 17.460932808732451 ], [ 78.254628986305363, 17.451904102185832 ], [ 78.245222356110062, 17.451774035089034 ], [ 78.245086572444336, 17.460802670149945 ] ] ] } },
{ "type": "Feature", "properties": { "grid_id": "HYD_0018" }, "geometry": { "type": "Polygon", "coordinates": [ [ [ 78.245222356110062, 17.451774035089034 ], [ 78.254628986305363, 17.451904102185832 ], [ 78.254764226607477, 17.44287538644301 ], [ 78.245358058367643, 17.442745390825134 ], [ 78.245222356110062, 17.451774035089034 ] ] ] } },
{ "type": "Feature", "properties": { "grid_id": "HYD_0019" }, "geometry": { "type": "Polygon", "coordinates": [ [ [ 78.253135984227981, 17.551219367451758 ], [ 78.262547795560224, 17.551349774953461 ], [ 78.262683464305937, 17.542321089297925 ], [ 78.253272117997469, 17.542190753106027 ], [ 78.253135984227981, 17.551219367451758 ] ] ] } },
{ "type": "Feature", "properties": { "grid_id": "HYD_0020" }, "geometry": { "type": "Polygon", "coordinates": [ [ [ 78.253272117997469, 17.542190753106027 ], [ 78.262683464305937, 17.542321089297925 ], [ 78.262819052011636, 17.533292394409575 ], [ 78.253408170449347, 17.533162129520683 ], [ 78.253272117997469, 17.542190753106027 ] ] ] } },
{ "type": "Feature", "properties": { "grid_id": "HYD_0021" }, "geometry": { "type": "Polygon", "coordinates": [ [ [ 78.253408170449347, 17.533162129520683 ], [ 78.262819052011636, 17.533292394409575 ], [ 78.262954558695938, 17.524263690292752 ], [ 78.253544141602333, 17.52413349670006 ], [ 78.253408170449347, 17.533162129520683 ] ] ] } },
{ "type": "Feature", "properties": { "grid_id": "HYD_0022" }, "geometry": { "type": "Polygon", "coordinates": [ [ [ 78.253544141602333, 17.52413349670006 ], [ 78.262954558695938, 17.524263690292752 ], [ 78.263089984377473, 17.515234976951778 ], [ 78.253680031475113, 17.515104854648506 ], [ 78.253544141602333, 17.52413349670006 ] ] ] } },
{ "type": "Feature", "properties": { "grid_id": "HYD_0023" }, "geometry": { "type": "Polygon", "coordinates": [ [ [ 78.253680031475113, 17.515104854648506 ], [ 78.263089984377473, 17.515234976951778 ], [ 78.263225329074842, 17.506206254391003 ], [ 78.253815840086361, 17.506076203370345 ], [ 78.253680031475113, 17.515104854648506 ] ] ] } },
{ "type": "Feature", "properties": { "grid_id": "HYD_0024" }, "geometry": { "type": "Polygon", "coordinates": [ [ [ 78.253815840086361, 17.506076203370345 ], [ 78.263225329074842, 17.506206254391003 ], [ 78.26336059280662, 17.497177522614741 ], [ 78.25395156745472, 17.497047542869929 ], [ 78.253815840086361, 17.506076203370345 ] ] ] } },
{ "type": "Feature", "properties": { "grid_id": "HYD_0025" }, "geometry": { "type": "Polygon", "coordinates": [ [ [ 78.25395156745472, 17.497047542869929 ], [ 78.26336059280662, 17.497177522614741 ], [ 78.263495775591437, 17.488148781627345 ], [ 78.254087213598851, 17.488018873151589 ], [ 78.25395156745472, 17.497047542869929 ] ] ] } },
{ "type": "Feature", "properties": { "grid_id": "HYD_0026" }, "geometry": { "type": "Polygon", "coordinates": [ [ [ 78.254087213598851, 17.488018873151589 ], [ 78.263495775591437, 17.488148781627345 ], [ 78.26363087744781, 17.479120031433148 ], [ 78.254222778537354, 17.478990194219666 ], [ 78.254087213598851, 17.488018873151589 ] ] ] } },
{ "type": "Feature", "properties": { "grid_id": "HYD_0027" }, "geometry": { "type": "Polygon", "coordinates": [ [ [ 78.254222778537354, 17.478990194219666 ], [ 78.26363087744781, 17.479120031433148 ], [ 78.263765898394311, 17.470091272036477 ], [ 78.254358262288875, 17.469961506078509 ], [ 78.254222778537354, 17.478990194219666 ] ] ] } },
{ "type": "Feature", "properties": { "grid_id": "HYD_0028" }, "geometry": { "type": "Polygon", "coordinates": [ [ [ 78.254358262288875, 17.469961506078509 ], [ 78.263765898394311, 17.470091272036477 ], [ 78.263900838449487, 17.461062503441681 ], [ 78.254493664872015, 17.460932808732451 ], [ 78.254358262288875, 17.469961506078509 ] ] ] } },
{ "type": "Feature", "properties": { "grid_id": "HYD_0029" }, "geometry": { "type": "Polygon", "coordinates": [ [ [ 78.254493664872015, 17.460932808732451 ], [ 78.263900838449487, 17.461062503441681 ], [ 78.264035697631869, 17.452033725653084 ], [ 78.254628986305363, 17.451904102185832 ], [ 78.254493664872015, 17.460932808732451 ] ] ] } },
{ "type": "Feature", "properties": { "grid_id": "HYD_0030" }, "geometry": { "type": "Polygon", "coordinates": [ [ [ 78.254628986305363, 17.451904102185832 ], [ 78.264035697631869, 17.452033725653084 ], [ 78.264170475959943, 17.443004938675031 ], [ 78.254764226607477, 17.44287538644301 ], [ 78.254628986305363, 17.451904102185832 ] ] ] } },
{ "type": "Feature", "properties": { "grid_id": "HYD_0031" }, "geometry": { "type": "Polygon", "coordinates": [ [ [ 78.254764226607477, 17.44287538644301 ], [ 78.264170475959943, 17.443004938675031 ], [ 78.264305173452257, 17.43397614251187 ], [ 78.254899385796932, 17.433846661508316 ], [ 78.254764226607477, 17.44287538644301 ] ] ] } },
{ "type": "Feature", "properties": { "grid_id": "HYD_0032" }, "geometry": { "type": "Polygon", "coordinates": [ [ [ 78.254899385796932, 17.433846661508316 ], [ 78.264305173452257, 17.43397614251187 ], [ 78.264439790127255, 17.424947337167936 ], [ 78.255034463892301, 17.424817927386098 ], [ 78.254899385796932, 17.433846661508316 ] ] ] } },
{ "type": "Feature", "properties": { "grid_id": "HYD_0033" }, "geometry": { "type": "Polygon", "coordinates": [ [ [ 78.262547795560224, 17.551349774953461 ], [ 78.271959687951124, 17.551479736126435 ], [ 78.272094891654447, 17.542450979405057 ], [ 78.262683464305937, 17.542321089297925 ], [ 78.262547795560224, 17.551349774953461 ] ] ] } },
{ "type": "Feature", "properties": { "grid_id": "HYD_0034" }, "geometry": { "type": "Polygon", "coordinates": [ [ [ 78.262683464305937, 17.542321089297925 ], [ 78.272094891654447, 17.542450979405057 ], [ 78.272230014595323, 17.533422213457644 ], [ 78.262819052011636, 17.533292394409575 ], [ 78.262683464305937, 17.542321089297925 ] ] ] } },
{ "type": "Feature", "properties": { "grid_id": "HYD_0035" }, "geometry": { "type": "Polygon", "coordinates": [ [ [ 78.262819052011636, 17.533292394409575 ], [ 78.272230014595323, 17.533422213457644 ], [ 78.272365056792324, 17.524393438288531 ], [ 78.262954558695938, 17.524263690292752 ], [ 78.262819052011636, 17.533292394409575 ] ] ] } },
{ "type": "Feature", "properties": { "grid_id": "HYD_0036" }, "geometry": { "type": "Polygon", "coordinates": [ [ [ 78.262954558695938, 17.524263690292752 ], [ 78.272365056792324, 17.524393438288531 ], [ 78.272500018263983, 17.515364653902051 ], [ 78.263089984377473, 17.515234976951778 ], [ 78.262954558695938, 17.524263690292752 ] ] ] } },
{ "type": "Feature", "properties": { "grid_id": "HYD_0037" }, "geometry": { "type": "Polygon", "coordinates": [ [ [ 78.263089984377473, 17.515234976951778 ], [ 78.272500018263983, 17.515364653902051 ], [ 78.272634899028887, 17.506335860302517 ], [ 78.263225329074842, 17.506206254391003 ], [ 78.263089984377473, 17.515234976951778 ] ] ] } },
{ "type": "Feature", "properties": { "grid_id": "HYD_0038" }, "geometry": { "type": "Polygon", "coordinates": [ [ [ 78.263225329074842, 17.506206254391003 ], [ 78.272634899028887, 17.506335860302517 ], [ 78.272769699105524, 17.497307057494272 ], [ 78.26336059280662, 17.497177522614741 ], [ 78.263225329074842, 17.506206254391003 ] ] ] } },
{ "type": "Feature", "properties": { "grid_id": "HYD_0039" }, "geometry": { "type": "Polygon", "coordinates": [ [ [ 78.26336059280662, 17.497177522614741 ], [ 78.272769699105524, 17.497307057494272 ], [ 78.272904418512439, 17.488278245481641 ], [ 78.263495775591437, 17.488148781627345 ], [ 78.26336059280662, 17.497177522614741 ] ] ] } },
{ "type": "Feature", "properties": { "grid_id": "HYD_0040" }, "geometry": { "type": "Polygon", "coordinates": [ [ [ 78.263495775591437, 17.488148781627345 ], [ 78.272904418512439, 17.488278245481641 ], [ 78.273039057268122, 17.479249424268968 ], [ 78.26363087744781, 17.479120031433148 ], [ 78.263495775591437, 17.488148781627345 ] ] ] } },
{ "type": "Feature", "properties": { "grid_id": "HYD_0041" }, "geometry": { "type": "Polygon", "coordinates": [ [ [ 78.26363087744781, 17.479120031433148 ], [ 78.273039057268122, 17.479249424268968 ], [ 78.273173615391073, 17.47022059386056 ], [ 78.263765898394311, 17.470091272036477 ], [ 78.26363087744781, 17.479120031433148 ] ] ] } },
{ "type": "Feature", "properties": { "grid_id": "HYD_0042" }, "geometry": { "type": "Polygon", "coordinates": [ [ [ 78.263765898394311, 17.470091272036477 ], [ 78.273173615391073, 17.47022059386056 ], [ 78.273308092899768, 17.461191754260778 ], [ 78.263900838449487, 17.461062503441681 ], [ 78.263765898394311, 17.470091272036477 ] ] ] } },
{ "type": "Feature", "properties": { "grid_id": "HYD_0043" }, "geometry": { "type": "Polygon", "coordinates": [ [ [ 78.263900838449487, 17.461062503441681 ], [ 78.273308092899768, 17.461191754260778 ], [ 78.273442489812666, 17.452162905473937 ], [ 78.264035697631869, 17.452033725653084 ], [ 78.263900838449487, 17.461062503441681 ] ] ] } },
{ "type": "Feature", "properties": { "grid_id": "HYD_0044" }, "geometry": { "type": "Polygon", "coordinates": [ [ [ 78.264035697631869, 17.452033725653084 ], [ 78.273442489812666, 17.452162905473937 ], [ 78.273576806148228, 17.443134047504376 ], [ 78.264170475959943, 17.443004938675031 ], [ 78.264035697631869, 17.452033725653084 ] ] ] } },
{ "type": "Feature", "properties": { "grid_id": "HYD_0045" }, "geometry": { "type": "Polygon", "coordinates": [ [ [ 78.264170475959943, 17.443004938675031 ], [ 78.273576806148228, 17.443134047504376 ], [ 78.273711041924869, 17.434105180356436 ], [ 78.264305173452257, 17.43397614251187 ], [ 78.264170475959943, 17.443004938675031 ] ] ] } },
{ "type": "Feature", "properties": { "grid_id": "HYD_0046" }, "geometry": { "type": "Polygon", "coordinates": [ [ [ 78.264305173452257, 17.43397614251187 ], [ 78.273711041924869, 17.434105180356436 ], [ 78.273845197161037, 17.425076304034437 ], [ 78.264439790127255, 17.424947337167936 ], [ 78.264305173452257, 17.43397614251187 ] ] ] } },
{ "type": "Feature", "properties": { "grid_id": "HYD_0047" }, "geometry": { "type": "Polygon", "coordinates": [ [ [ 78.264439790127255, 17.424947337167936 ], [ 78.273845197161037, 17.425076304034437 ], [ 78.273979271875135, 17.416047418542728 ], [ 78.264574326003427, 17.415918522647551 ], [ 78.264439790127255, 17.424947337167936 ] ] ] } },
{ "type": "Feature", "properties": { "grid_id": "HYD_0048" }, "geometry": { "type": "Polygon", "coordinates": [ [ [ 78.271959687951124, 17.551479736126435 ], [ 78.28137166112306, 17.551609250953792 ], [ 78.281506399765391, 17.542580423410552 ], [ 78.272094891654447, 17.542450979405057 ], [ 78.271959687951124, 17.551479736126435 ] ] ] } },
{ "type": "Feature", "properties": { "grid_id": "HYD_0049" }, "geometry": { "type": "Polygon", "coordinates": [ [ [ 78.272094891654447, 17.542450979405057 ], [ 78.281506399765391, 17.542580423410552 ], [ 78.281641057922883, 17.533551586648024 ], [ 78.272230014595323, 17.533422213457644 ], [ 78.272094891654447, 17.542450979405057 ] ] ] } },
{ "type": "Feature", "properties": { "grid_id": "HYD_0050" }, "geometry": { "type": "Polygon", "coordinates": [ [ [ 78.272230014595323, 17.533422213457644 ], [ 78.281641057922883, 17.533551586648024 ], [ 78.281775635614011, 17.524522740670555 ], [ 78.272365056792324, 17.524393438288531 ], [ 78.272230014595323, 17.533422213457644 ] ] ] } },
{ "type": "Feature", "properties": { "grid_id": "HYD_0051" }, "geometry": { "type": "Polygon", "coordinates": [ [ [ 78.272365056792324, 17.524393438288531 ], [ 78.281775635614011, 17.524522740670555 ], [ 78.281910132857277, 17.515493885482456 ], [ 78.272500018263983, 17.515364653902051 ], [ 78.272365056792324, 17.524393438288531 ] ] ] } },
{ "type": "Feature", "properties": { "grid_id": "HYD_0052" }, "geometry": { "type": "Polygon", "coordinates": [ [ [ 78.272500018263983, 17.515364653902051 ], [ 78.281910132857277, 17.515493885482456 ], [ 78.28204454967117, 17.506465021088058 ], [ 78.272634899028887, 17.506335860302517 ], [ 78.272500018263983, 17.515364653902051 ] ] ] } },
{ "type": "Feature", "properties": { "grid_id": "HYD_0053" }, "geometry": { "type": "Polygon", "coordinates": [ [ [ 78.272634899028887, 17.506335860302517 ], [ 78.28204454967117, 17.506465021088058 ], [ 78.282178886074149, 17.497436147491683 ], [ 78.272769699105524, 17.497307057494272 ], [ 78.272634899028887, 17.506335860302517 ] ] ] } },
{ "type": "Feature", "properties": { "grid_id": "HYD_0054" }, "geometry": { "type": "Polygon", "coordinates": [ [ [ 78.272769699105524, 17.497307057494272 ], [ 78.282178886074149, 17.497436147491683 ], [ 78.282313142084661, 17.488407264697656 ], [ 78.272904418512439, 17.488278245481641 ], [ 78.272769699105524, 17.497307057494272 ] ] ] } },
{ "type": "Feature", "properties": { "grid_id": "HYD_0055" }, "geometry": { "type": "Polygon", "coordinates": [ [ [ 78.272904418512439, 17.488278245481641 ], [ 78.282313142084661, 17.488407264697656 ], [ 78.282447317721179, 17.479378372710311 ], [ 78.273039057268122, 17.479249424268968 ], [ 78.272904418512439, 17.488278245481641 ] ] ] } },
{ "type": "Feature", "properties": { "grid_id": "HYD_0056" }, "geometry": { "type": "Polygon", "coordinates": [ [ [ 78.273039057268122, 17.479249424268968 ], [ 78.282447317721179, 17.479378372710311 ], [ 78.282581413002092, 17.470349471533968 ], [ 78.273173615391073, 17.47022059386056 ], [ 78.273039057268122, 17.479249424268968 ] ] ] } },
{ "type": "Feature", "properties": { "grid_id": "HYD_0057" }, "geometry": { "type": "Polygon", "coordinates": [ [ [ 78.273173615391073, 17.47022059386056 ], [ 78.282581413002092, 17.470349471533968 ], [ 78.282715427945831, 17.461320561172968 ], [ 78.273308092899768, 17.461191754260778 ], [ 78.273173615391073, 17.47022059386056 ] ] ] } },
{ "type": "Feature", "properties": { "grid_id": "HYD_0058" }, "geometry": { "type": "Polygon", "coordinates": [ [ [ 78.273308092899768, 17.461191754260778 ], [ 78.282715427945831, 17.461320561172968 ], [ 78.282849362570801, 17.452291641631618 ], [ 78.273442489812666, 17.452162905473937 ], [ 78.273308092899768, 17.461191754260778 ] ] ] } },
{ "type": "Feature", "properties": { "grid_id": "HYD_0059" }, "geometry": { "type": "Polygon", "coordinates": [ [ [ 78.273442489812666, 17.452162905473937 ], [ 78.282849362570801, 17.452291641631618 ], [ 78.282983216895389, 17.443262712914269 ], [ 78.273576806148228, 17.443134047504376 ], [ 78.273442489812666, 17.452162905473937 ] ] ] } },
{ "type": "Feature", "properties": { "grid_id": "HYD_0060" }, "geometry": { "type": "Polygon", "coordinates": [ [ [ 78.273576806148228, 17.443134047504376 ], [ 78.282983216895389, 17.443262712914269 ], [ 78.28311699093797, 17.434233775025241 ], [ 78.273711041924869, 17.434105180356436 ], [ 78.273576806148228, 17.443134047504376 ] ] ] } },
{ "type": "Feature", "properties": { "grid_id": "HYD_0061" }, "geometry": { "type": "Polygon", "coordinates": [ [ [ 78.273711041924869, 17.434105180356436 ], [ 78.28311699093797, 17.434233775025241 ], [ 78.283250684716876, 17.425204827968873 ], [ 78.273845197161037, 17.425076304034437 ], [ 78.273711041924869, 17.434105180356436 ] ] ] } },
{ "type": "Feature", "properties": { "grid_id": "HYD_0062" }, "geometry": { "type": "Polygon", "coordinates": [ [ [ 78.273845197161037, 17.425076304034437 ], [ 78.283250684716876, 17.425204827968873 ], [ 78.28338429825051, 17.416175871749477 ], [ 78.273979271875135, 17.416047418542728 ], [ 78.273845197161037, 17.425076304034437 ] ] ] } },
{ "type": "Feature", "properties": { "grid_id": "HYD_0063" }, "geometry": { "type": "Polygon", "coordinates": [ [ [ 78.273979271875135, 17.416047418542728 ], [ 78.28338429825051, 17.416175871749477 ], [ 78.283517831557177, 17.407146906371405 ], [ 78.274113266085564, 17.40701852388564 ], [ 78.273979271875135, 17.416047418542728 ] ] ] } },
{ "type": "Feature", "properties": { "grid_id": "HYD_0064" }, "geometry": { "type": "Polygon", "coordinates": [ [ [ 78.281236841977361, 17.560638069273441 ], [ 78.290649361009841, 17.560767208322961 ], [ 78.29078371479838, 17.5517383194187 ], [ 78.28137166112306, 17.551609250953792 ], [ 78.281236841977361, 17.560638069273441 ] ] ] } },
{ "type": "Feature", "properties": { "grid_id": "HYD_0065" }, "geometry": { "type": "Polygon", "coordinates": [ [ [ 78.28137166112306, 17.551609250953792 ], [ 78.29078371479838, 17.5517383194187 ], [ 78.290917988361215, 17.542709421297566 ], [ 78.281506399765391, 17.542580423410552 ], [ 78.28137166112306, 17.551609250953792 ] ] ] } },
{ "type": "Feature", "properties": { "grid_id": "HYD_0066" }, "geometry": { "type": "Polygon", "coordinates": [ [ [ 78.281506399765391, 17.542580423410552 ], [ 78.290917988361215, 17.542709421297566 ], [ 78.291052181716793, 17.533680513963898 ], [ 78.281641057922883, 17.533551586648024 ], [ 78.281506399765391, 17.542580423410552 ] ] ] } },
{ "type": "Feature", "properties": { "grid_id": "HYD_0067" }, "geometry": { "type": "Polygon", "coordinates": [ [ [ 78.281641057922883, 17.533551586648024 ], [ 78.291052181716793, 17.533680513963898 ], [ 78.291186294883559, 17.524651597422 ], [ 78.281775635614011, 17.524522740670555 ], [ 78.281641057922883, 17.533551586648024 ] ] ] } },
{ "type": "Feature", "properties": { "grid_id": "HYD_0068" }, "geometry": { "type": "Polygon", "coordinates": [ [ [ 78.281775635614011, 17.524522740670555 ], [ 78.291186294883559, 17.524651597422 ], [ 78.291320327879944, 17.515622671676208 ], [ 78.281910132857277, 17.515493885482456 ], [ 78.281775635614011, 17.524522740670555 ] ] ] } },
{ "type": "Feature", "properties": { "grid_id": "HYD_0069" }, "geometry": { "type": "Polygon", "coordinates": [ [ [ 78.281910132857277, 17.515493885482456 ], [ 78.291320327879944, 17.515622671676208 ], [ 78.291454280724366, 17.506593736730832 ], [ 78.28204454967117, 17.506465021088058 ], [ 78.281910132857277, 17.515493885482456 ] ] ] } },
{ "type": "Feature", "properties": { "grid_id": "HYD_0070" }, "geometry": { "type": "Polygon", "coordinates": [ [ [ 78.28204454967117, 17.506465021088058 ], [ 78.291454280724366, 17.506593736730832 ], [ 78.291588153435228, 17.497564792590193 ], [ 78.282178886074149, 17.497436147491683 ], [ 78.28204454967117, 17.506465021088058 ] ] ] } },
{ "type": "Feature", "properties": { "grid_id": "HYD_0071" }, "geometry": { "type": "Polygon", "coordinates": [ [ [ 78.282178886074149, 17.497436147491683 ], [ 78.291588153435228, 17.497564792590193 ], [ 78.291721946030918, 17.488535839258621 ], [ 78.282313142084661, 17.488407264697656 ], [ 78.282178886074149, 17.497436147491683 ] ] ] } },
{ "type": "Feature", "properties": { "grid_id": "HYD_0072" }, "geometry": { "type": "Polygon", "coordinates": [ [ [ 78.282313142084661, 17.488407264697656 ], [ 78.291721946030918, 17.488535839258621 ], [ 78.291855658529812, 17.479506876740434 ], [ 78.282447317721179, 17.479378372710311 ], [ 78.282313142084661, 17.488407264697656 ] ] ] } },
{ "type": "Feature", "properties": { "grid_id": "HYD_0073" }, "geometry": { "type": "Polygon", "coordinates": [ [ [ 78.282447317721179, 17.479378372710311 ], [ 78.291855658529812, 17.479506876740434 ], [ 78.291989290950283, 17.470477905039949 ], [ 78.282581413002092, 17.470349471533968 ], [ 78.282447317721179, 17.479378372710311 ] ] ] } },
{ "type": "Feature", "properties": { "grid_id": "HYD_0074" }, "geometry": { "type": "Polygon", "coordinates": [ [ [ 78.282581413002092, 17.470349471533968 ], [ 78.291989290950283, 17.470477905039949 ], [ 78.292122843310679, 17.461448924161502 ], [ 78.282715427945831, 17.461320561172968 ], [ 78.282581413002092, 17.470349471533968 ] ] ] } },
{ "type": "Feature", "properties": { "grid_id": "HYD_0075" }, "geometry": { "type": "Polygon", "coordinates": [ [ [ 78.282715427945831, 17.461320561172968 ], [ 78.292122843310679, 17.461448924161502 ], [ 78.292256315629317, 17.452419934109415 ], [ 78.282849362570801, 17.452291641631618 ], [ 78.282715427945831, 17.461320561172968 ] ] ] } },
{ "type": "Feature", "properties": { "grid_id": "HYD_0076" }, "geometry": { "type": "Polygon", "coordinates": [ [ [ 78.282849362570801, 17.452291641631618 ], [ 78.292256315629317, 17.452419934109415 ], [ 78.292389707924556, 17.443390934887997 ], [ 78.282983216895389, 17.443262712914269 ], [ 78.282849362570801, 17.452291641631618 ] ] ] } },
{ "type": "Feature", "properties": { "grid_id": "HYD_0077" }, "geometry": { "type": "Polygon", "coordinates": [ [ [ 78.282983216895389, 17.443262712914269 ], [ 78.292389707924556, 17.443390934887997 ], [ 78.292523020214688, 17.434361926501598 ], [ 78.28311699093797, 17.434233775025241 ], [ 78.282983216895389, 17.443262712914269 ] ] ] } },
{ "type": "Feature", "properties": { "grid_id": "HYD_0078" }, "geometry": { "type": "Polygon", "coordinates": [ [ [ 78.28311699093797, 17.434233775025241 ], [ 78.292523020214688, 17.434361926501598 ], [ 78.292656252518029, 17.42533290895453 ], [ 78.283250684716876, 17.425204827968873 ], [ 78.28311699093797, 17.434233775025241 ] ] ] } },
{ "type": "Feature", "properties": { "grid_id": "HYD_0079" }, "geometry": { "type": "Polygon", "coordinates": [ [ [ 78.283250684716876, 17.425204827968873 ], [ 78.292656252518029, 17.42533290895453 ], [ 78.29278940485284, 17.416303882251114 ], [ 78.28338429825051, 17.416175871749477 ], [ 78.283250684716876, 17.425204827968873 ] ] ] } },
{ "type": "Feature", "properties": { "grid_id": "HYD_0080" }, "geometry": { "type": "Polygon", "coordinates": [ [ [ 78.28338429825051, 17.416175871749477 ], [ 78.29278940485284, 17.416303882251114 ], [ 78.292922477237411, 17.407274846395705 ], [ 78.283517831557177, 17.407146906371405 ], [ 78.28338429825051, 17.416175871749477 ] ] ] } },
{ "type": "Feature", "properties": { "grid_id": "HYD_0081" }, "geometry": { "type": "Polygon", "coordinates": [ [ [ 78.290649361009841, 17.560767208322961 ], [ 78.300061960286499, 17.560895900749234 ], [ 78.300195848699403, 17.551866941504368 ], [ 78.29078371479838, 17.5517383194187 ], [ 78.290649361009841, 17.560767208322961 ] ] ] } },
{ "type": "Feature", "properties": { "grid_id": "HYD_0082" }, "geometry": { "type": "Polygon", "coordinates": [ [ [ 78.29078371479838, 17.5517383194187 ], [ 78.300195848699403, 17.551866941504368 ], [ 78.300329657164284, 17.542837973049352 ], [ 78.290917988361215, 17.542709421297566 ], [ 78.29078371479838, 17.5517383194187 ] ] ] } },
{ "type": "Feature", "properties": { "grid_id": "HYD_0083" }, "geometry": { "type": "Polygon", "coordinates": [ [ [ 78.290917988361215, 17.542709421297566 ], [ 78.300329657164284, 17.542837973049352 ], [ 78.300463385699501, 17.533808995388505 ], [ 78.291052181716793, 17.533680513963898 ], [ 78.290917988361215, 17.542709421297566 ] ] ] } },
{ "type": "Feature", "properties": { "grid_id": "HYD_0084" }, "geometry": { "type": "Polygon", "coordinates": [ [ [ 78.291052181716793, 17.533680513963898 ], [ 78.300463385699501, 17.533808995388505 ], [ 78.300597034323488, 17.524780008526136 ], [ 78.291186294883559, 17.524651597422 ], [ 78.291052181716793, 17.533680513963898 ] ] ] } },
{ "type": "Feature", "properties": { "grid_id": "HYD_0085" }, "geometry": { "type": "Polygon", "coordinates": [ [ [ 78.291186294883559, 17.524651597422 ], [ 78.300597034323488, 17.524780008526136 ], [ 78.300730603054575, 17.515751012466573 ], [ 78.291320327879944, 17.515622671676208 ], [ 78.291186294883559, 17.524651597422 ] ] ] } },
{ "type": "Feature", "properties": { "grid_id": "HYD_0086" }, "geometry": { "type": "Polygon", "coordinates": [ [ [ 78.291320327879944, 17.515622671676208 ], [ 78.300730603054575, 17.515751012466573 ], [ 78.300864091911123, 17.506722007214123 ], [ 78.291454280724366, 17.506593736730832 ], [ 78.291320327879944, 17.515622671676208 ] ] ] } },
{ "type": "Feature", "properties": { "grid_id": "HYD_0087" }, "geometry": { "type": "Polygon", "coordinates": [ [ [ 78.291454280724366, 17.506593736730832 ], [ 78.300864091911123, 17.506722007214123 ], [ 78.300997500911478, 17.4976929927731 ], [ 78.291588153435228, 17.497564792590193 ], [ 78.291454280724366, 17.506593736730832 ] ] ] } },
{ "type": "Feature", "properties": { "grid_id": "HYD_0088" }, "geometry": { "type": "Polygon", "coordinates": [ [ [ 78.291588153435228, 17.497564792590193 ], [ 78.300997500911478, 17.4976929927731 ], [ 78.301130830073944, 17.488663969147836 ], [ 78.291721946030918, 17.488535839258621 ], [ 78.291588153435228, 17.497564792590193 ] ] ] } },
{ "type": "Feature", "properties": { "grid_id": "HYD_0089" }, "geometry": { "type": "Polygon", "coordinates": [ [ [ 78.291721946030918, 17.488535839258621 ], [ 78.301130830073944, 17.488663969147836 ], [ 78.301264079416868, 17.479634936342638 ], [ 78.291855658529812, 17.479506876740434 ], [ 78.291721946030918, 17.488535839258621 ] ] ] } },
{ "type": "Feature", "properties": { "grid_id": "HYD_0090" }, "geometry": { "type": "Polygon", "coordinates": [ [ [ 78.291855658529812, 17.479506876740434 ], [ 78.301264079416868, 17.479634936342638 ], [ 78.301397248958551, 17.470605894361821 ], [ 78.291989290950283, 17.470477905039949 ], [ 78.291855658529812, 17.479506876740434 ] ] ] } },
{ "type": "Feature", "properties": { "grid_id": "HYD_0091" }, "geometry": { "type": "Polygon", "coordinates": [ [ [ 78.291989290950283, 17.470477905039949 ], [ 78.301397248958551, 17.470605894361821 ], [ 78.301530338717257, 17.461576843209716 ], [ 78.292122843310679, 17.461448924161502 ], [ 78.291989290950283, 17.470477905039949 ] ] ] } },
{ "type": "Feature", "properties": { "grid_id": "HYD_0092" }, "geometry": { "type": "Polygon", "coordinates": [ [ [ 78.292122843310679, 17.461448924161502 ], [ 78.301530338717257, 17.461576843209716 ], [ 78.301663348711259, 17.45254778289064 ], [ 78.292256315629317, 17.452419934109415 ], [ 78.292122843310679, 17.461448924161502 ] ] ] } },
{ "type": "Feature", "properties": { "grid_id": "HYD_0093" }, "geometry": { "type": "Polygon", "coordinates": [ [ [ 78.292256315629317, 17.452419934109415 ], [ 78.301663348711259, 17.45254778289064 ], [ 78.301796278958832, 17.443518713408913 ], [ 78.292389707924556, 17.443390934887997 ], [ 78.292256315629317, 17.452419934109415 ] ] ] } },
{ "type": "Feature", "properties": { "grid_id": "HYD_0094" }, "geometry": { "type": "Polygon", "coordinates": [ [ [ 78.292389707924556, 17.443390934887997 ], [ 78.301796278958832, 17.443518713408913 ], [ 78.301929129478239, 17.434489634768852 ], [ 78.292523020214688, 17.434361926501598 ], [ 78.292389707924556, 17.443390934887997 ] ] ] } },
{ "type": "Feature", "properties": { "grid_id": "HYD_0095" }, "geometry": { "type": "Polygon", "coordinates": [ [ [ 78.292523020214688, 17.434361926501598 ], [ 78.301929129478239, 17.434489634768852 ], [ 78.302061900287697, 17.425460546974787 ], [ 78.292656252518029, 17.42533290895453 ], [ 78.292523020214688, 17.434361926501598 ] ] ] } },
{ "type": "Feature", "properties": { "grid_id": "HYD_0096" }, "geometry": { "type": "Polygon", "coordinates": [ [ [ 78.292656252518029, 17.42533290895453 ], [ 78.302061900287697, 17.425460546974787 ], [ 78.30219459140541, 17.41643145003103 ], [ 78.29278940485284, 17.416303882251114 ], [ 78.292656252518029, 17.42533290895453 ] ] ] } },
{ "type": "Feature", "properties": { "grid_id": "HYD_0097" }, "geometry": { "type": "Polygon", "coordinates": [ [ [ 78.29278940485284, 17.416303882251114 ], [ 78.30219459140541, 17.41643145003103 ], [ 78.302327202849639, 17.407402343941914 ], [ 78.292922477237411, 17.407274846395705 ], [ 78.29278940485284, 17.416303882251114 ] ] ] } },
{ "type": "Feature", "properties": { "grid_id": "HYD_0098" }, "geometry": { "type": "Polygon", "coordinates": [ [ [ 78.300061960286499, 17.560895900749234 ], [ 78.309474639529597, 17.561024146535534 ], [ 78.309608062548449, 17.551995117194092 ], [ 78.300195848699403, 17.551866941504368 ], [ 78.300061960286499, 17.560895900749234 ] ] ] } },
{ "type": "Feature", "properties": { "grid_id": "HYD_0099" }, "geometry": { "type": "Polygon", "coordinates": [ [ [ 78.300195848699403, 17.551866941504368 ], [ 78.309608062548449, 17.551995117194092 ], [ 78.309741405896972, 17.542966078649194 ], [ 78.300329657164284, 17.542837973049352 ], [ 78.300195848699403, 17.551866941504368 ] ] ] } },
{ "type": "Feature", "properties": { "grid_id": "HYD_0100" }, "geometry": { "type": "Polygon", "coordinates": [ [ [ 78.300329657164284, 17.542837973049352 ], [ 78.309741405896972, 17.542966078649194 ], [ 78.309874669593484, 17.533937030905147 ], [ 78.300463385699501, 17.533808995388505 ], [ 78.300329657164284, 17.542837973049352 ] ] ] } },
{ "type": "Feature", "properties": { "grid_id": "HYD_0101" }, "geometry": { "type": "Polygon", "coordinates": [ [ [ 78.300463385699501, 17.533808995388505 ], [ 78.309874669593484, 17.533937030905147 ], [ 78.310007853656316, 17.524907973966265 ], [ 78.300597034323488, 17.524780008526136 ], [ 78.300463385699501, 17.533808995388505 ] ] ] } },
{ "type": "Feature", "properties": { "grid_id": "HYD_0102" }, "geometry": { "type": "Polygon", "coordinates": [ [ [ 78.300597034323488, 17.524780008526136 ], [ 78.310007853656316, 17.524907973966265 ], [ 78.31014095810373, 17.515878907836864 ], [ 78.300730603054575, 17.515751012466573 ], [ 78.300597034323488, 17.524780008526136 ] ] ] } },
{ "type": "Feature", "properties": { "grid_id": "HYD_0103" }, "geometry": { "type": "Polygon", "coordinates": [ [ [ 78.300730603054575, 17.515751012466573 ], [ 78.31014095810373, 17.515878907836864 ], [ 78.310273982954072, 17.506849832521251 ], [ 78.300864091911123, 17.506722007214123 ], [ 78.300730603054575, 17.515751012466573 ] ] ] } },
{ "type": "Feature", "properties": { "grid_id": "HYD_0104" }, "geometry": { "type": "Polygon", "coordinates": [ [ [ 78.300864091911123, 17.506722007214123 ], [ 78.310273982954072, 17.506849832521251 ], [ 78.310406928225589, 17.497820748023745 ], [ 78.300997500911478, 17.4976929927731 ], [ 78.300864091911123, 17.506722007214123 ] ] ] } },
{ "type": "Feature", "properties": { "grid_id": "HYD_0105" }, "geometry": { "type": "Polygon", "coordinates": [ [ [ 78.300997500911478, 17.4976929927731 ], [ 78.310406928225589, 17.497820748023745 ], [ 78.310539793936542, 17.488791654348645 ], [ 78.301130830073944, 17.488663969147836 ], [ 78.300997500911478, 17.4976929927731 ] ] ] } },
{ "type": "Feature", "properties": { "grid_id": "HYD_0106" }, "geometry": { "type": "Polygon", "coordinates": [ [ [ 78.301130830073944, 17.488663969147836 ], [ 78.310539793936542, 17.488791654348645 ], [ 78.310672580105191, 17.479762551500283 ], [ 78.301264079416868, 17.479634936342638 ], [ 78.301130830073944, 17.488663969147836 ] ] ] } },
{ "type": "Feature", "properties": { "grid_id": "HYD_0107" }, "geometry": { "type": "Polygon", "coordinates": [ [ [ 78.301264079416868, 17.479634936342638 ], [ 78.310672580105191, 17.479762551500283 ], [ 78.310805286749783, 17.470733439482956 ], [ 78.301397248958551, 17.470605894361821 ], [ 78.301264079416868, 17.479634936342638 ] ] ] } },
{ "type": "Feature", "properties": { "grid_id": "HYD_0108" }, "geometry": { "type": "Polygon", "coordinates": [ [ [ 78.301397248958551, 17.470605894361821 ], [ 78.310805286749783, 17.470733439482956 ], [ 78.310937913888509, 17.461704318300992 ], [ 78.301530338717257, 17.461576843209716 ], [ 78.301397248958551, 17.470605894361821 ] ] ] } },
{ "type": "Feature", "properties": { "grid_id": "HYD_0109" }, "geometry": { "type": "Polygon", "coordinates": [ [ [ 78.301530338717257, 17.461576843209716 ], [ 78.310937913888509, 17.461704318300992 ], [ 78.311070461539629, 17.452675187958707 ], [ 78.301663348711259, 17.45254778289064 ], [ 78.301530338717257, 17.461576843209716 ] ] ] } },
{ "type": "Feature", "properties": { "grid_id": "HYD_0110" }, "geometry": { "type": "Polygon", "coordinates": [ [ [ 78.301663348711259, 17.45254778289064 ], [ 78.311070461539629, 17.452675187958707 ], [ 78.31120292972129, 17.443646048460408 ], [ 78.301796278958832, 17.443518713408913 ], [ 78.301663348711259, 17.45254778289064 ] ] ] } },
{ "type": "Feature", "properties": { "grid_id": "HYD_0111" }, "geometry": { "type": "Polygon", "coordinates": [ [ [ 78.301796278958832, 17.443518713408913 ], [ 78.31120292972129, 17.443646048460408 ], [ 78.311335318451711, 17.434616899810422 ], [ 78.301929129478239, 17.434489634768852 ], [ 78.301796278958832, 17.443518713408913 ] ] ] } },
{ "type": "Feature", "properties": { "grid_id": "HYD_0112" }, "geometry": { "type": "Polygon", "coordinates": [ [ [ 78.301929129478239, 17.434489634768852 ], [ 78.311335318451711, 17.434616899810422 ], [ 78.311467627749067, 17.425587742013064 ], [ 78.302061900287697, 17.425460546974787 ], [ 78.301929129478239, 17.434489634768852 ] ] ] } },
{ "type": "Feature", "properties": { "grid_id": "HYD_0113" }, "geometry": { "type": "Polygon", "coordinates": [ [ [ 78.302061900287697, 17.425460546974787 ], [ 78.311467627749067, 17.425587742013064 ], [ 78.311599857631506, 17.416558575072646 ], [ 78.30219459140541, 17.41643145003103 ], [ 78.302061900287697, 17.425460546974787 ] ] ] } },
{ "type": "Feature", "properties": { "grid_id": "HYD_0114" }, "geometry": { "type": "Polygon", "coordinates": [ [ [ 78.30219459140541, 17.41643145003103 ], [ 78.311599857631506, 17.416558575072646 ], [ 78.311732008117175, 17.407529398993489 ], [ 78.302327202849639, 17.407402343941914 ], [ 78.30219459140541, 17.41643145003103 ] ] ] } },
{ "type": "Feature", "properties": { "grid_id": "HYD_0115" }, "geometry": { "type": "Polygon", "coordinates": [ [ [ 78.309474639529597, 17.561024146535534 ], [ 78.318887398461371, 17.561151945665184 ], [ 78.319020356067838, 17.552122846471203 ], [ 78.309608062548449, 17.551995117194092 ], [ 78.309474639529597, 17.561024146535534 ] ] ] } },
{ "type": "Feature", "properties": { "grid_id": "HYD_0116" }, "geometry": { "type": "Polygon", "coordinates": [ [ [ 78.309608062548449, 17.551995117194092 ], [ 78.319020356067838, 17.552122846471203 ], [ 78.319153234281686, 17.543093738080437 ], [ 78.309741405896972, 17.542966078649194 ], [ 78.309608062548449, 17.551995117194092 ] ] ] } },
{ "type": "Feature", "properties": { "grid_id": "HYD_0117" }, "geometry": { "type": "Polygon", "coordinates": [ [ [ 78.309741405896972, 17.542966078649194 ], [ 78.319153234281686, 17.543093738080437 ], [ 78.319286033121159, 17.534064620497183 ], [ 78.309874669593484, 17.533937030905147 ], [ 78.309741405896972, 17.542966078649194 ] ] ] } },
{ "type": "Feature", "properties": { "grid_id": "HYD_0118" }, "geometry": { "type": "Polygon", "coordinates": [ [ [ 78.309874669593484, 17.533937030905147 ], [ 78.319286033121159, 17.534064620497183 ], [ 78.31941875260452, 17.52503549372576 ], [ 78.310007853656316, 17.524907973966265 ], [ 78.309874669593484, 17.533937030905147 ] ] ] } },
{ "type": "Feature", "properties": { "grid_id": "HYD_0119" }, "geometry": { "type": "Polygon", "coordinates": [ [ [ 78.310007853656316, 17.524907973966265 ], [ 78.31941875260452, 17.52503549372576 ], [ 78.31955139275, 17.516006357770465 ], [ 78.31014095810373, 17.515878907836864 ], [ 78.310007853656316, 17.524907973966265 ] ] ] } },
{ "type": "Feature", "properties": { "grid_id": "HYD_0120" }, "geometry": { "type": "Polygon", "coordinates": [ [ [ 78.31014095810373, 17.515878907836864 ], [ 78.31955139275, 17.516006357770465 ], [ 78.319683953575847, 17.506977212635618 ], [ 78.310273982954072, 17.506849832521251 ], [ 78.31014095810373, 17.515878907836864 ] ] ] } },
{ "type": "Feature", "properties": { "grid_id": "HYD_0121" }, "geometry": { "type": "Polygon", "coordinates": [ [ [ 78.310273982954072, 17.506849832521251 ], [ 78.319683953575847, 17.506977212635618 ], [ 78.319816435100265, 17.497948058325516 ], [ 78.310406928225589, 17.497820748023745 ], [ 78.310273982954072, 17.506849832521251 ] ] ] } },
{ "type": "Feature", "properties": { "grid_id": "HYD_0122" }, "geometry": { "type": "Polygon", "coordinates": [ [ [ 78.310406928225589, 17.497820748023745 ], [ 78.319816435100265, 17.497948058325516 ], [ 78.319948837341443, 17.488918894844467 ], [ 78.310539793936542, 17.488791654348645 ], [ 78.310406928225589, 17.497820748023745 ] ] ] } },
{ "type": "Feature", "properties": { "grid_id": "HYD_0123" }, "geometry": { "type": "Polygon", "coordinates": [ [ [ 78.310539793936542, 17.488791654348645 ], [ 78.319948837341443, 17.488918894844467 ], [ 78.320081160317585, 17.479889722196791 ], [ 78.310672580105191, 17.479762551500283 ], [ 78.310539793936542, 17.488791654348645 ] ] ] } },
{ "type": "Feature", "properties": { "grid_id": "HYD_0124" }, "geometry": { "type": "Polygon", "coordinates": [ [ [ 78.310672580105191, 17.479762551500283 ], [ 78.320081160317585, 17.479889722196791 ], [ 78.320213404046839, 17.470860540386784 ], [ 78.310805286749783, 17.470733439482956 ], [ 78.310672580105191, 17.479762551500283 ] ] ] } },
{ "type": "Feature", "properties": { "grid_id": "HYD_0125" }, "geometry": { "type": "Polygon", "coordinates": [ [ [ 78.310805286749783, 17.470733439482956 ], [ 78.320213404046839, 17.470860540386784 ], [ 78.32034556854741, 17.46183134941877 ], [ 78.310937913888509, 17.461704318300992 ], [ 78.310805286749783, 17.470733439482956 ] ] ] } },
{ "type": "Feature", "properties": { "grid_id": "HYD_0126" }, "geometry": { "type": "Polygon", "coordinates": [ [ [ 78.310937913888509, 17.461704318300992 ], [ 78.32034556854741, 17.46183134941877 ], [ 78.320477653837415, 17.452802149297057 ], [ 78.311070461539629, 17.452675187958707 ], [ 78.310937913888509, 17.461704318300992 ] ] ] } },
{ "type": "Feature", "properties": { "grid_id": "HYD_0127" }, "geometry": { "type": "Polygon", "coordinates": [ [ [ 78.311070461539629, 17.452675187958707 ], [ 78.320477653837415, 17.452802149297057 ], [ 78.320609659935002, 17.443772940025951 ], [ 78.31120292972129, 17.443646048460408 ], [ 78.311070461539629, 17.452675187958707 ] ] ] } },
{ "type": "Feature", "properties": { "grid_id": "HYD_0128" }, "geometry": { "type": "Polygon", "coordinates": [ [ [ 78.31120292972129, 17.443646048460408 ], [ 78.320609659935002, 17.443772940025951 ], [ 78.320741586858276, 17.434743721609777 ], [ 78.311335318451711, 17.434616899810422 ], [ 78.31120292972129, 17.443646048460408 ] ] ] } },
{ "type": "Feature", "properties": { "grid_id": "HYD_0129" }, "geometry": { "type": "Polygon", "coordinates": [ [ [ 78.311335318451711, 17.434616899810422 ], [ 78.320741586858276, 17.434743721609777 ], [ 78.320873434625355, 17.425714494052841 ], [ 78.311467627749067, 17.425587742013064 ], [ 78.311335318451711, 17.434616899810422 ] ] ] } },
{ "type": "Feature", "properties": { "grid_id": "HYD_0130" }, "geometry": { "type": "Polygon", "coordinates": [ [ [ 78.311467627749067, 17.425587742013064 ], [ 78.320873434625355, 17.425714494052841 ], [ 78.321005203254359, 17.416685257359447 ], [ 78.311599857631506, 17.416558575072646 ], [ 78.311467627749067, 17.425587742013064 ] ] ] } },
{ "type": "Feature", "properties": { "grid_id": "HYD_0131" }, "geometry": { "type": "Polygon", "coordinates": [ [ [ 78.311599857631506, 17.416558575072646 ], [ 78.321005203254359, 17.416685257359447 ], [ 78.321136892763349, 17.407656011533927 ], [ 78.311732008117175, 17.407529398993489 ], [ 78.311599857631506, 17.416558575072646 ] ] ] } },
{ "type": "Feature", "properties": { "grid_id": "HYD_0132" }, "geometry": { "type": "Polygon", "coordinates": [ [ [ 78.318887398461371, 17.561151945665184 ], [ 78.328300236804054, 17.561279298121569 ], [ 78.328432728979863, 17.552250129319102 ], [ 78.319020356067838, 17.552122846471203 ], [ 78.318887398461371, 17.561151945665184 ] ] ] } },
{ "type": "Feature", "properties": { "grid_id": "HYD_0133" }, "geometry": { "type": "Polygon", "coordinates": [ [ [ 78.319020356067838, 17.552122846471203 ], [ 78.328432728979863, 17.552250129319102 ], [ 78.328565142040731, 17.543220951326489 ], [ 78.319153234281686, 17.543093738080437 ], [ 78.319020356067838, 17.552122846471203 ] ] ] } },
{ "type": "Feature", "properties": { "grid_id": "HYD_0134" }, "geometry": { "type": "Polygon", "coordinates": [ [ [ 78.319153234281686, 17.543093738080437 ], [ 78.328565142040731, 17.543220951326489 ], [ 78.328697476004919, 17.534191764148037 ], [ 78.319286033121159, 17.534064620497183 ], [ 78.319153234281686, 17.543093738080437 ] ] ] } },
{ "type": "Feature", "properties": { "grid_id": "HYD_0135" }, "geometry": { "type": "Polygon", "coordinates": [ [ [ 78.319286033121159, 17.534064620497183 ], [ 78.328697476004919, 17.534191764148037 ], [ 78.32882973089059, 17.525162567788044 ], [ 78.31941875260452, 17.52503549372576 ], [ 78.319286033121159, 17.534064620497183 ] ] ] } },
{ "type": "Feature", "properties": { "grid_id": "HYD_0136" }, "geometry": { "type": "Polygon", "coordinates": [ [ [ 78.31941875260452, 17.52503549372576 ], [ 78.32882973089059, 17.525162567788044 ], [ 78.328961906715904, 17.51613336225082 ], [ 78.31955139275, 17.516006357770465 ], [ 78.31941875260452, 17.52503549372576 ] ] ] } },
{ "type": "Feature", "properties": { "grid_id": "HYD_0137" }, "geometry": { "type": "Polygon", "coordinates": [ [ [ 78.31955139275, 17.516006357770465 ], [ 78.328961906715904, 17.51613336225082 ], [ 78.329094003499051, 17.507104147540659 ], [ 78.319683953575847, 17.506977212635618 ], [ 78.31955139275, 17.516006357770465 ] ] ] } },
{ "type": "Feature", "properties": { "grid_id": "HYD_0138" }, "geometry": { "type": "Polygon", "coordinates": [ [ [ 78.319683953575847, 17.506977212635618 ], [ 78.329094003499051, 17.507104147540659 ], [ 78.329226021258165, 17.498074923661875 ], [ 78.319816435100265, 17.497948058325516 ], [ 78.319683953575847, 17.506977212635618 ] ] ] } },
{ "type": "Feature", "properties": { "grid_id": "HYD_0139" }, "geometry": { "type": "Polygon", "coordinates": [ [ [ 78.319816435100265, 17.497948058325516 ], [ 78.329226021258165, 17.498074923661875 ], [ 78.329357960011379, 17.489045690618763 ], [ 78.319948837341443, 17.488918894844467 ], [ 78.319816435100265, 17.497948058325516 ] ] ] } },
{ "type": "Feature", "properties": { "grid_id": "HYD_0140" }, "geometry": { "type": "Polygon", "coordinates": [ [ [ 78.319948837341443, 17.488918894844467 ], [ 78.329357960011379, 17.489045690618763 ], [ 78.329489819776825, 17.480016448415633 ], [ 78.320081160317585, 17.479889722196791 ], [ 78.319948837341443, 17.488918894844467 ] ] ] } },
{ "type": "Feature", "properties": { "grid_id": "HYD_0141" }, "geometry": { "type": "Polygon", "coordinates": [ [ [ 78.320081160317585, 17.479889722196791 ], [ 78.329489819776825, 17.480016448415633 ], [ 78.329621600572636, 17.47098719705679 ], [ 78.320213404046839, 17.470860540386784 ], [ 78.320081160317585, 17.479889722196791 ] ] ] } },
{ "type": "Feature", "properties": { "grid_id": "HYD_0142" }, "geometry": { "type": "Polygon", "coordinates": [ [ [ 78.320213404046839, 17.470860540386784 ], [ 78.329621600572636, 17.47098719705679 ], [ 78.329753302416862, 17.461957936546543 ], [ 78.32034556854741, 17.46183134941877 ], [ 78.320213404046839, 17.470860540386784 ] ] ] } },
{ "type": "Feature", "properties": { "grid_id": "HYD_0143" }, "geometry": { "type": "Polygon", "coordinates": [ [ [ 78.32034556854741, 17.46183134941877 ], [ 78.329753302416862, 17.461957936546543 ], [ 78.329884925327633, 17.452928666889193 ], [ 78.320477653837415, 17.452802149297057 ], [ 78.32034556854741, 17.46183134941877 ] ] ] } },
{ "type": "Feature", "properties": { "grid_id": "HYD_0144" }, "geometry": { "type": "Polygon", "coordinates": [ [ [ 78.320477653837415, 17.452802149297057 ], [ 78.329884925327633, 17.452928666889193 ], [ 78.330016469322999, 17.443899388089058 ], [ 78.320609659935002, 17.443772940025951 ], [ 78.320477653837415, 17.452802149297057 ] ] ] } },
{ "type": "Feature", "properties": { "grid_id": "HYD_0145" }, "geometry": { "type": "Polygon", "coordinates": [ [ [ 78.320609659935002, 17.443772940025951 ], [ 78.330016469322999, 17.443899388089058 ], [ 78.330147934421021, 17.434870100150441 ], [ 78.320741586858276, 17.434743721609777 ], [ 78.320609659935002, 17.443772940025951 ] ] ] } },
{ "type": "Feature", "properties": { "grid_id": "HYD_0146" }, "geometry": { "type": "Polygon", "coordinates": [ [ [ 78.320741586858276, 17.434743721609777 ], [ 78.330147934421021, 17.434870100150441 ], [ 78.330279320639761, 17.425840803077648 ], [ 78.320873434625355, 17.425714494052841 ], [ 78.320741586858276, 17.434743721609777 ] ] ] } },
{ "type": "Feature", "properties": { "grid_id": "HYD_0147" }, "geometry": { "type": "Polygon", "coordinates": [ [ [ 78.320873434625355, 17.425714494052841 ], [ 78.330279320639761, 17.425840803077648 ], [ 78.330410627997225, 17.416811496874992 ], [ 78.321005203254359, 17.416685257359447 ], [ 78.320873434625355, 17.425714494052841 ] ] ] } },
{ "type": "Feature", "properties": { "grid_id": "HYD_0148" }, "geometry": { "type": "Polygon", "coordinates": [ [ [ 78.321005203254359, 17.416685257359447 ], [ 78.330410627997225, 17.416811496874992 ], [ 78.330541856511459, 17.407782181546782 ], [ 78.321136892763349, 17.407656011533927 ], [ 78.321005203254359, 17.416685257359447 ] ] ] } },
{ "type": "Feature", "properties": { "grid_id": "HYD_0149" }, "geometry": { "type": "Polygon", "coordinates": [ [ [ 78.321136892763349, 17.407656011533927 ], [ 78.330541856511459, 17.407782181546782 ], [ 78.330673006200456, 17.398752857097332 ], [ 78.321268503170387, 17.398626756580594 ], [ 78.321136892763349, 17.407656011533927 ] ] ] } },
{ "type": "Feature", "properties": { "grid_id": "HYD_0150" }, "geometry": { "type": "Polygon", "coordinates": [ [ [ 78.32816766549513, 17.570308457729592 ], [ 78.337581048697615, 17.570435432867217 ], [ 78.337713154279854, 17.56140620388814 ], [ 78.328300236804054, 17.561279298121569 ], [ 78.32816766549513, 17.570308457729592 ] ] ] } },
{ "type": "Feature", "properties": { "grid_id": "HYD_0151" }, "geometry": { "type": "Polygon", "coordinates": [ [ [ 78.328300236804054, 17.561279298121569 ], [ 78.337713154279854, 17.56140620388814 ], [ 78.33784518100677, 17.552376965721241 ], [ 78.328432728979863, 17.552250129319102 ], [ 78.328300236804054, 17.561279298121569 ] ] ] } },
{ "type": "Feature", "properties": { "grid_id": "HYD_0152" }, "geometry": { "type": "Polygon", "coordinates": [ [ [ 78.328432728979863, 17.552250129319102 ], [ 78.33784518100677, 17.552376965721241 ], [ 78.337977128896512, 17.543347718370818 ], [ 78.328565142040731, 17.543220951326489 ], [ 78.328432728979863, 17.552250129319102 ] ] ] } },
{ "type": "Feature", "properties": { "grid_id": "HYD_0153" }, "geometry": { "type": "Polygon", "coordinates": [ [ [ 78.328565142040731, 17.543220951326489 ], [ 78.337977128896512, 17.543347718370818 ], [ 78.338108997967211, 17.534318461841174 ], [ 78.328697476004919, 17.534191764148037 ], [ 78.328565142040731, 17.543220951326489 ] ] ] } },
{ "type": "Feature", "properties": { "grid_id": "HYD_0154" }, "geometry": { "type": "Polygon", "coordinates": [ [ [ 78.328697476004919, 17.534191764148037 ], [ 78.338108997967211, 17.534318461841174 ], [ 78.338240788236988, 17.525289196136605 ], [ 78.32882973089059, 17.525162567788044 ], [ 78.328697476004919, 17.534191764148037 ] ] ] } },
{ "type": "Feature", "properties": { "grid_id": "HYD_0155" }, "geometry": { "type": "Polygon", "coordinates": [ [ [ 78.32882973089059, 17.525162567788044 ], [ 78.338240788236988, 17.525289196136605 ], [ 78.338372499723974, 17.516259921261412 ], [ 78.328961906715904, 17.51613336225082 ], [ 78.32882973089059, 17.525162567788044 ] ] ] } },
{ "type": "Feature", "properties": { "grid_id": "HYD_0156" }, "geometry": { "type": "Polygon", "coordinates": [ [ [ 78.328961906715904, 17.51613336225082 ], [ 78.338372499723974, 17.516259921261412 ], [ 78.338504132446275, 17.507230637219887 ], [ 78.329094003499051, 17.507104147540659 ], [ 78.328961906715904, 17.51613336225082 ] ] ] } },
{ "type": "Feature", "properties": { "grid_id": "HYD_0157" }, "geometry": { "type": "Polygon", "coordinates": [ [ [ 78.329094003499051, 17.507104147540659 ], [ 78.338504132446275, 17.507230637219887 ], [ 78.338635686421952, 17.498201344016337 ], [ 78.329226021258165, 17.498074923661875 ], [ 78.329094003499051, 17.507104147540659 ] ] ] } },
{ "type": "Feature", "properties": { "grid_id": "HYD_0158" }, "geometry": { "type": "Polygon", "coordinates": [ [ [ 78.329226021258165, 17.498074923661875 ], [ 78.338635686421952, 17.498201344016337 ], [ 78.338767161669082, 17.48917204165506 ], [ 78.329357960011379, 17.489045690618763 ], [ 78.329226021258165, 17.498074923661875 ] ] ] } },
{ "type": "Feature", "properties": { "grid_id": "HYD_0159" }, "geometry": { "type": "Polygon", "coordinates": [ [ [ 78.329357960011379, 17.489045690618763 ], [ 78.338767161669082, 17.48917204165506 ], [ 78.338898558205742, 17.480142730140351 ], [ 78.329489819776825, 17.480016448415633 ], [ 78.329357960011379, 17.489045690618763 ] ] ] } },
{ "type": "Feature", "properties": { "grid_id": "HYD_0160" }, "geometry": { "type": "Polygon", "coordinates": [ [ [ 78.329489819776825, 17.480016448415633 ], [ 78.338898558205742, 17.480142730140351 ], [ 78.339029876049963, 17.471113409476516 ], [ 78.329621600572636, 17.47098719705679 ], [ 78.329489819776825, 17.480016448415633 ] ] ] } },
{ "type": "Feature", "properties": { "grid_id": "HYD_0161" }, "geometry": { "type": "Polygon", "coordinates": [ [ [ 78.329621600572636, 17.47098719705679 ], [ 78.339029876049963, 17.471113409476516 ], [ 78.339161115219781, 17.462084079667861 ], [ 78.329753302416862, 17.461957936546543 ], [ 78.329621600572636, 17.47098719705679 ] ] ] } },
{ "type": "Feature", "properties": { "grid_id": "HYD_0162" }, "geometry": { "type": "Polygon", "coordinates": [ [ [ 78.329753302416862, 17.461957936546543 ], [ 78.339161115219781, 17.462084079667861 ], [ 78.339292275733243, 17.453054740718692 ], [ 78.329884925327633, 17.452928666889193 ], [ 78.329753302416862, 17.461957936546543 ] ] ] } },
{ "type": "Feature", "properties": { "grid_id": "HYD_0163" }, "geometry": { "type": "Polygon", "coordinates": [ [ [ 78.329884925327633, 17.452928666889193 ], [ 78.339292275733243, 17.453054740718692 ], [ 78.339423357608339, 17.4440253926333 ], [ 78.330016469322999, 17.443899388089058 ], [ 78.329884925327633, 17.452928666889193 ] ] ] } },
{ "type": "Feature", "properties": { "grid_id": "HYD_0164" }, "geometry": { "type": "Polygon", "coordinates": [ [ [ 78.330016469322999, 17.443899388089058 ], [ 78.339423357608339, 17.4440253926333 ], [ 78.339554360863048, 17.434996035416003 ], [ 78.330147934421021, 17.434870100150441 ], [ 78.330016469322999, 17.443899388089058 ] ] ] } },
{ "type": "Feature", "properties": { "grid_id": "HYD_0165" }, "geometry": { "type": "Polygon", "coordinates": [ [ [ 78.330147934421021, 17.434870100150441 ], [ 78.339554360863048, 17.434996035416003 ], [ 78.339685285515387, 17.425966669071091 ], [ 78.330279320639761, 17.425840803077648 ], [ 78.330147934421021, 17.434870100150441 ] ] ] } },
{ "type": "Feature", "properties": { "grid_id": "HYD_0166" }, "geometry": { "type": "Polygon", "coordinates": [ [ [ 78.330279320639761, 17.425840803077648 ], [ 78.339685285515387, 17.425966669071091 ], [ 78.339816131583319, 17.416937293602878 ], [ 78.330410627997225, 17.416811496874992 ], [ 78.330279320639761, 17.425840803077648 ] ] ] } },
{ "type": "Feature", "properties": { "grid_id": "HYD_0167" }, "geometry": { "type": "Polygon", "coordinates": [ [ [ 78.330410627997225, 17.416811496874992 ], [ 78.339816131583319, 17.416937293602878 ], [ 78.339946899084794, 17.40790790901567 ], [ 78.330541856511459, 17.407782181546782 ], [ 78.330410627997225, 17.416811496874992 ] ] ] } },
{ "type": "Feature", "properties": { "grid_id": "HYD_0168" }, "geometry": { "type": "Polygon", "coordinates": [ [ [ 78.330541856511459, 17.407782181546782 ], [ 78.339946899084794, 17.40790790901567 ], [ 78.340077588037758, 17.398878515313775 ], [ 78.330673006200456, 17.398752857097332 ], [ 78.330541856511459, 17.407782181546782 ] ] ] } },
{ "type": "Feature", "properties": { "grid_id": "HYD_0169" }, "geometry": { "type": "Polygon", "coordinates": [ [ [ 78.337581048697615, 17.570435432867217 ], [ 78.346994510773598, 17.570561961054437 ], [ 78.34712615061099, 17.561532662948391 ], [ 78.337713154279854, 17.56140620388814 ], [ 78.337581048697615, 17.570435432867217 ] ] ] } },
{ "type": "Feature", "properties": { "grid_id": "HYD_0170" }, "geometry": { "type": "Polygon", "coordinates": [ [ [ 78.337713154279854, 17.56140620388814 ], [ 78.34712615061099, 17.561532662948391 ], [ 78.347257711870867, 17.552503355661131 ], [ 78.33784518100677, 17.552376965721241 ], [ 78.337713154279854, 17.56140620388814 ] ] ] } },
{ "type": "Feature", "properties": { "grid_id": "HYD_0171" }, "geometry": { "type": "Polygon", "coordinates": [ [ [ 78.33784518100677, 17.552376965721241 ], [ 78.347257711870867, 17.552503355661131 ], [ 78.347389194571321, 17.543474039196948 ], [ 78.337977128896512, 17.543347718370818 ], [ 78.33784518100677, 17.552376965721241 ] ] ] } },
{ "type": "Feature", "properties": { "grid_id": "HYD_0172" }, "geometry": { "type": "Polygon", "coordinates": [ [ [ 78.337977128896512, 17.543347718370818 ], [ 78.347389194571321, 17.543474039196948 ], [ 78.347520598730412, 17.534444713560138 ], [ 78.338108997967211, 17.534318461841174 ], [ 78.337977128896512, 17.543347718370818 ] ] ] } },
{ "type": "Feature", "properties": { "grid_id": "HYD_0173" }, "geometry": { "type": "Polygon", "coordinates": [ [ [ 78.338108997967211, 17.534318461841174 ], [ 78.347520598730412, 17.534444713560138 ], [ 78.347651924366204, 17.525415378754985 ], [ 78.338240788236988, 17.525289196136605 ], [ 78.338108997967211, 17.534318461841174 ] ] ] } },
{ "type": "Feature", "properties": { "grid_id": "HYD_0174" }, "geometry": { "type": "Polygon", "coordinates": [ [ [ 78.338240788236988, 17.525289196136605 ], [ 78.347651924366204, 17.525415378754985 ], [ 78.347783171496772, 17.5163860347858 ], [ 78.338372499723974, 17.516259921261412 ], [ 78.338240788236988, 17.525289196136605 ] ] ] } },
{ "type": "Feature", "properties": { "grid_id": "HYD_0175" }, "geometry": { "type": "Polygon", "coordinates": [ [ [ 78.338372499723974, 17.516259921261412 ], [ 78.347783171496772, 17.5163860347858 ], [ 78.347914340140122, 17.507356681656859 ], [ 78.338504132446275, 17.507230637219887 ], [ 78.338372499723974, 17.516259921261412 ] ] ] } },
{ "type": "Feature", "properties": { "grid_id": "HYD_0176" }, "geometry": { "type": "Polygon", "coordinates": [ [ [ 78.338504132446275, 17.507230637219887 ], [ 78.347914340140122, 17.507356681656859 ], [ 78.348045430314272, 17.498327319372471 ], [ 78.338635686421952, 17.498201344016337 ], [ 78.338504132446275, 17.507230637219887 ] ] ] } },
{ "type": "Feature", "properties": { "grid_id": "HYD_0177" }, "geometry": { "type": "Polygon", "coordinates": [ [ [ 78.338635686421952, 17.498201344016337 ], [ 78.348045430314272, 17.498327319372471 ], [ 78.348176442037257, 17.489297947936933 ], [ 78.338767161669082, 17.48917204165506 ], [ 78.338635686421952, 17.498201344016337 ] ] ] } },
{ "type": "Feature", "properties": { "grid_id": "HYD_0178" }, "geometry": { "type": "Polygon", "coordinates": [ [ [ 78.338767161669082, 17.48917204165506 ], [ 78.348176442037257, 17.489297947936933 ], [ 78.348307375327067, 17.480268567354535 ], [ 78.338898558205742, 17.480142730140351 ], [ 78.338767161669082, 17.48917204165506 ] ] ] } },
{ "type": "Feature", "properties": { "grid_id": "HYD_0179" }, "geometry": { "type": "Polygon", "coordinates": [ [ [ 78.338898558205742, 17.480142730140351 ], [ 78.348307375327067, 17.480268567354535 ], [ 78.34843823020168, 17.471239177629574 ], [ 78.339029876049963, 17.471113409476516 ], [ 78.338898558205742, 17.480142730140351 ] ] ] } },
{ "type": "Feature", "properties": { "grid_id": "HYD_0180" }, "geometry": { "type": "Polygon", "coordinates": [ [ [ 78.339029876049963, 17.471113409476516 ], [ 78.34843823020168, 17.471239177629574 ], [ 78.348569006679071, 17.462209778766347 ], [ 78.339161115219781, 17.462084079667861 ], [ 78.339029876049963, 17.471113409476516 ] ] ] } },
{ "type": "Feature", "properties": { "grid_id": "HYD_0181" }, "geometry": { "type": "Polygon", "coordinates": [ [ [ 78.339161115219781, 17.462084079667861 ], [ 78.348569006679071, 17.462209778766347 ], [ 78.348699704777218, 17.453180370769164 ], [ 78.339292275733243, 17.453054740718692 ], [ 78.339161115219781, 17.462084079667861 ] ] ] } },
{ "type": "Feature", "properties": { "grid_id": "HYD_0182" }, "geometry": { "type": "Polygon", "coordinates": [ [ [ 78.339292275733243, 17.453054740718692 ], [ 78.348699704777218, 17.453180370769164 ], [ 78.34883032451404, 17.444150953642307 ], [ 78.339423357608339, 17.4440253926333 ], [ 78.339292275733243, 17.453054740718692 ] ] ] } },
{ "type": "Feature", "properties": { "grid_id": "HYD_0183" }, "geometry": { "type": "Polygon", "coordinates": [ [ [ 78.339423357608339, 17.4440253926333 ], [ 78.34883032451404, 17.444150953642307 ], [ 78.348960865907472, 17.435121527390098 ], [ 78.339554360863048, 17.434996035416003 ], [ 78.339423357608339, 17.4440253926333 ] ] ] } },
{ "type": "Feature", "properties": { "grid_id": "HYD_0184" }, "geometry": { "type": "Polygon", "coordinates": [ [ [ 78.339554360863048, 17.434996035416003 ], [ 78.348960865907472, 17.435121527390098 ], [ 78.349091328975447, 17.42609209201682 ], [ 78.339685285515387, 17.425966669071091 ], [ 78.339554360863048, 17.434996035416003 ] ] ] } },
{ "type": "Feature", "properties": { "grid_id": "HYD_0185" }, "geometry": { "type": "Polygon", "coordinates": [ [ [ 78.339685285515387, 17.425966669071091 ], [ 78.349091328975447, 17.42609209201682 ], [ 78.349221713735872, 17.41706264752677 ], [ 78.339816131583319, 17.416937293602878 ], [ 78.339685285515387, 17.425966669071091 ] ] ] } },
{ "type": "Feature", "properties": { "grid_id": "HYD_0186" }, "geometry": { "type": "Polygon", "coordinates": [ [ [ 78.339816131583319, 17.416937293602878 ], [ 78.349221713735872, 17.41706264752677 ], [ 78.349352020206638, 17.408033193924261 ], [ 78.339946899084794, 17.40790790901567 ], [ 78.339816131583319, 17.416937293602878 ] ] ] } },
{ "type": "Feature", "properties": { "grid_id": "HYD_0187" }, "geometry": { "type": "Polygon", "coordinates": [ [ [ 78.339946899084794, 17.40790790901567 ], [ 78.349352020206638, 17.408033193924261 ], [ 78.349482248405636, 17.3990037312136 ], [ 78.340077588037758, 17.398878515313775 ], [ 78.339946899084794, 17.40790790901567 ] ] ] } },
{ "type": "Feature", "properties": { "grid_id": "HYD_0188" }, "geometry": { "type": "Polygon", "coordinates": [ [ [ 78.340077588037758, 17.398878515313775 ], [ 78.349482248405636, 17.3990037312136 ], [ 78.349612398350715, 17.389974259399075 ], [ 78.340208198460147, 17.389849112501498 ], [ 78.340077588037758, 17.398878515313775 ] ] ] } },
{ "type": "Feature", "properties": { "grid_id": "HYD_0189" }, "geometry": { "type": "Polygon", "coordinates": [ [ [ 78.340338730369865, 17.380819700583146 ], [ 78.349742470059752, 17.380944778485002 ], [ 78.349872463550568, 17.371915288475684 ], [ 78.340469183784833, 17.371790279563022 ], [ 78.340338730369865, 17.380819700583146 ] ] ] } },
{ "type": "Feature", "properties": { "grid_id": "HYD_0190" }, "geometry": { "type": "Polygon", "coordinates": [ [ [ 78.340469183784833, 17.371790279563022 ], [ 78.349872463550568, 17.371915288475684 ], [ 78.350002378841026, 17.362885789375412 ], [ 78.340599558722957, 17.362760849445447 ], [ 78.340469183784833, 17.371790279563022 ] ] ] } },
{ "type": "Feature", "properties": { "grid_id": "HYD_0191" }, "geometry": { "type": "Polygon", "coordinates": [ [ [ 78.346994510773598, 17.570561961054437 ], [ 78.356408051445186, 17.570688042274792 ], [ 78.35653922551964, 17.56165867528588 ], [ 78.34712615061099, 17.561532662948391 ], [ 78.346994510773598, 17.570561961054437 ] ] ] } },
{ "type": "Feature", "properties": { "grid_id": "HYD_0192" }, "geometry": { "type": "Polygon", "coordinates": [ [ [ 78.34712615061099, 17.561532662948391 ], [ 78.35653922551964, 17.56165867528588 ], [ 78.356670321294388, 17.552629299122341 ], [ 78.347257711870867, 17.552503355661131 ], [ 78.34712615061099, 17.561532662948391 ] ] ] } },
{ "type": "Feature", "properties": { "grid_id": "HYD_0193" }, "geometry": { "type": "Polygon", "coordinates": [ [ [ 78.347257711870867, 17.552503355661131 ], [ 78.356670321294388, 17.552629299122341 ], [ 78.356801338787477, 17.543599913788448 ], [ 78.347389194571321, 17.543474039196948 ], [ 78.347257711870867, 17.552503355661131 ] ] ] } },
{ "type": "Feature", "properties": { "grid_id": "HYD_0194" }, "geometry": { "type": "Polygon", "coordinates": [ [ [ 78.347389194571321, 17.543474039196948 ], [ 78.356801338787477, 17.543599913788448 ], [ 78.356932278016913, 17.534570519288501 ], [ 78.347520598730412, 17.534444713560138 ], [ 78.347389194571321, 17.543474039196948 ] ] ] } },
{ "type": "Feature", "properties": { "grid_id": "HYD_0195" }, "geometry": { "type": "Polygon", "coordinates": [ [ [ 78.347520598730412, 17.534444713560138 ], [ 78.356932278016913, 17.534570519288501 ], [ 78.357063139000658, 17.52554111562678 ], [ 78.347651924366204, 17.525415378754985 ], [ 78.347520598730412, 17.534444713560138 ] ] ] } },
{ "type": "Feature", "properties": { "grid_id": "HYD_0196" }, "geometry": { "type": "Polygon", "coordinates": [ [ [ 78.347651924366204, 17.525415378754985 ], [ 78.357063139000658, 17.52554111562678 ], [ 78.357193921756746, 17.516511702807577 ], [ 78.347783171496772, 17.5163860347858 ], [ 78.347651924366204, 17.525415378754985 ] ] ] } },
{ "type": "Feature", "properties": { "grid_id": "HYD_0197" }, "geometry": { "type": "Polygon", "coordinates": [ [ [ 78.347783171496772, 17.5163860347858 ], [ 78.357193921756746, 17.516511702807577 ], [ 78.357324626303139, 17.507482280835198 ], [ 78.347914340140122, 17.507356681656859 ], [ 78.347783171496772, 17.5163860347858 ] ] ] } },
{ "type": "Feature", "properties": { "grid_id": "HYD_0198" }, "geometry": { "type": "Polygon", "coordinates": [ [ [ 78.347914340140122, 17.507356681656859 ], [ 78.357324626303139, 17.507482280835198 ], [ 78.357455252657772, 17.498452849713917 ], [ 78.348045430314272, 17.498327319372471 ], [ 78.347914340140122, 17.507356681656859 ] ] ] } },
{ "type": "Feature", "properties": { "grid_id": "HYD_0199" }, "geometry": { "type": "Polygon", "coordinates": [ [ [ 78.348045430314272, 17.498327319372471 ], [ 78.357455252657772, 17.498452849713917 ], [ 78.357585800838606, 17.48942340944803 ], [ 78.348176442037257, 17.489297947936933 ], [ 78.348045430314272, 17.498327319372471 ] ] ] } },
{ "type": "Feature", "properties": { "grid_id": "HYD_0200" }, "geometry": { "type": "Polygon", "coordinates": [ [ [ 78.348176442037257, 17.489297947936933 ], [ 78.357585800838606, 17.48942340944803 ], [ 78.357716270863591, 17.48039396004183 ], [ 78.348307375327067, 17.480268567354535 ], [ 78.348176442037257, 17.489297947936933 ] ] ] } },
{ "type": "Feature", "properties": { "grid_id": "HYD_0201" }, "geometry": { "type": "Polygon", "coordinates": [ [ [ 78.348307375327067, 17.480268567354535 ], [ 78.357716270863591, 17.48039396004183 ], [ 78.357846662750632, 17.471364501499608 ], [ 78.34843823020168, 17.471239177629574 ], [ 78.348307375327067, 17.480268567354535 ] ] ] } },
{ "type": "Feature", "properties": { "grid_id": "HYD_0202" }, "geometry": { "type": "Polygon", "coordinates": [ [ [ 78.34843823020168, 17.471239177629574 ], [ 78.357846662750632, 17.471364501499608 ], [ 78.357976976517634, 17.462335033825667 ], [ 78.348569006679071, 17.462209778766347 ], [ 78.34843823020168, 17.471239177629574 ] ] ] } },
{ "type": "Feature", "properties": { "grid_id": "HYD_0203" }, "geometry": { "type": "Polygon", "coordinates": [ [ [ 78.348569006679071, 17.462209778766347 ], [ 78.357976976517634, 17.462335033825667 ], [ 78.358107212182503, 17.45330555702429 ], [ 78.348699704777218, 17.453180370769164 ], [ 78.348569006679071, 17.462209778766347 ] ] ] } },
{ "type": "Feature", "properties": { "grid_id": "HYD_0204" }, "geometry": { "type": "Polygon", "coordinates": [ [ [ 78.348699704777218, 17.453180370769164 ], [ 78.358107212182503, 17.45330555702429 ], [ 78.358237369763117, 17.444276071099779 ], [ 78.34883032451404, 17.444150953642307 ], [ 78.348699704777218, 17.453180370769164 ] ] ] } },
{ "type": "Feature", "properties": { "grid_id": "HYD_0205" }, "geometry": { "type": "Polygon", "coordinates": [ [ [ 78.34883032451404, 17.444150953642307 ], [ 78.358237369763117, 17.444276071099779 ], [ 78.358367449277353, 17.435246576056425 ], [ 78.348960865907472, 17.435121527390098 ], [ 78.34883032451404, 17.444150953642307 ] ] ] } },
{ "type": "Feature", "properties": { "grid_id": "HYD_0206" }, "geometry": { "type": "Polygon", "coordinates": [ [ [ 78.348960865907472, 17.435121527390098 ], [ 78.358367449277353, 17.435246576056425 ], [ 78.358497450743059, 17.426217071898527 ], [ 78.349091328975447, 17.42609209201682 ], [ 78.348960865907472, 17.435121527390098 ] ] ] } },
{ "type": "Feature", "properties": { "grid_id": "HYD_0207" }, "geometry": { "type": "Polygon", "coordinates": [ [ [ 78.349091328975447, 17.42609209201682 ], [ 78.358497450743059, 17.426217071898527 ], [ 78.358627374178084, 17.417187558630381 ], [ 78.349221713735872, 17.41706264752677 ], [ 78.349091328975447, 17.42609209201682 ] ] ] } },
{ "type": "Feature", "properties": { "grid_id": "HYD_0208" }, "geometry": { "type": "Polygon", "coordinates": [ [ [ 78.349221713735872, 17.41706264752677 ], [ 78.358627374178084, 17.417187558630381 ], [ 78.358757219600264, 17.408158036256285 ], [ 78.349352020206638, 17.408033193924261 ], [ 78.349221713735872, 17.41706264752677 ] ] ] } },
{ "type": "Feature", "properties": { "grid_id": "HYD_0209" }, "geometry": { "type": "Polygon", "coordinates": [ [ [ 78.349352020206638, 17.408033193924261 ], [ 78.358757219600264, 17.408158036256285 ], [ 78.358886987027404, 17.399128504780542 ], [ 78.349482248405636, 17.3990037312136 ], [ 78.349352020206638, 17.408033193924261 ] ] ] } },
{ "type": "Feature", "properties": { "grid_id": "HYD_0210" }, "geometry": { "type": "Polygon", "coordinates": [ [ [ 78.349482248405636, 17.3990037312136 ], [ 78.358886987027404, 17.399128504780542 ], [ 78.359016676477339, 17.390098964207443 ], [ 78.349612398350715, 17.389974259399075 ], [ 78.349482248405636, 17.3990037312136 ] ] ] } },
{ "type": "Feature", "properties": { "grid_id": "HYD_0211" }, "geometry": { "type": "Polygon", "coordinates": [ [ [ 78.349612398350715, 17.389974259399075 ], [ 78.359016676477339, 17.390098964207443 ], [ 78.359146287967832, 17.381069414541287 ], [ 78.349742470059752, 17.380944778485002 ], [ 78.349612398350715, 17.389974259399075 ] ] ] } },
{ "type": "Feature", "properties": { "grid_id": "HYD_0212" }, "geometry": { "type": "Polygon", "coordinates": [ [ [ 78.349742470059752, 17.380944778485002 ], [ 78.359146287967832, 17.381069414541287 ], [ 78.35927582151669, 17.37203985578638 ], [ 78.349872463550568, 17.371915288475684 ], [ 78.349742470059752, 17.380944778485002 ] ] ] } },
{ "type": "Feature", "properties": { "grid_id": "HYD_0213" }, "geometry": { "type": "Polygon", "coordinates": [ [ [ 78.349872463550568, 17.371915288475684 ], [ 78.35927582151669, 17.37203985578638 ], [ 78.359405277141647, 17.363010287947017 ], [ 78.350002378841026, 17.362885789375412 ], [ 78.349872463550568, 17.371915288475684 ] ] ] } },
{ "type": "Feature", "properties": { "grid_id": "HYD_0214" }, "geometry": { "type": "Polygon", "coordinates": [ [ [ 78.350002378841026, 17.362885789375412 ], [ 78.359405277141647, 17.363010287947017 ], [ 78.359534654860497, 17.3539807110275 ], [ 78.350132215948918, 17.353856281188509 ], [ 78.350002378841026, 17.362885789375412 ] ] ] } },
{ "type": "Feature", "properties": { "grid_id": "HYD_0215" }, "geometry": { "type": "Polygon", "coordinates": [ [ [ 78.350132215948918, 17.353856281188509 ], [ 78.359534654860497, 17.3539807110275 ], [ 78.359663954690959, 17.344951125032129 ], [ 78.350261974892064, 17.344826763919269 ], [ 78.350132215948918, 17.353856281188509 ] ] ] } },
{ "type": "Feature", "properties": { "grid_id": "HYD_0216" }, "geometry": { "type": "Polygon", "coordinates": [ [ [ 78.356408051445186, 17.570688042274792 ], [ 78.365821670434499, 17.570813676511897 ], [ 78.365952378727982, 17.561784240884236 ], [ 78.35653922551964, 17.56165867528588 ], [ 78.356408051445186, 17.570688042274792 ] ] ] } },
{ "type": "Feature", "properties": { "grid_id": "HYD_0217" }, "geometry": { "type": "Polygon", "coordinates": [ [ [ 78.35653922551964, 17.56165867528588 ], [ 78.365952378727982, 17.561784240884236 ], [ 78.366083008999595, 17.552754796088497 ], [ 78.356670321294388, 17.552629299122341 ], [ 78.35653922551964, 17.56165867528588 ] ] ] } },
{ "type": "Feature", "properties": { "grid_id": "HYD_0218" }, "geometry": { "type": "Polygon", "coordinates": [ [ [ 78.356670321294388, 17.552629299122341 ], [ 78.366083008999595, 17.552754796088497 ], [ 78.366213561267287, 17.543725342128962 ], [ 78.356801338787477, 17.543599913788448 ], [ 78.356670321294388, 17.552629299122341 ] ] ] } },
{ "type": "Feature", "properties": { "grid_id": "HYD_0219" }, "geometry": { "type": "Polygon", "coordinates": [ [ [ 78.356801338787477, 17.543599913788448 ], [ 78.366213561267287, 17.543725342128962 ], [ 78.366344035549048, 17.534695879009913 ], [ 78.356932278016913, 17.534570519288501 ], [ 78.356801338787477, 17.543599913788448 ] ] ] } },
{ "type": "Feature", "properties": { "grid_id": "HYD_0220" }, "geometry": { "type": "Polygon", "coordinates": [ [ [ 78.356932278016913, 17.534570519288501 ], [ 78.366344035549048, 17.534695879009913 ], [ 78.366474431862798, 17.525666406735645 ], [ 78.357063139000658, 17.52554111562678 ], [ 78.356932278016913, 17.534570519288501 ] ] ] } },
{ "type": "Feature", "properties": { "grid_id": "HYD_0221" }, "geometry": { "type": "Polygon", "coordinates": [ [ [ 78.357063139000658, 17.52554111562678 ], [ 78.366474431862798, 17.525666406735645 ], [ 78.366604750226443, 17.516636925310436 ], [ 78.357193921756746, 17.516511702807577 ], [ 78.357063139000658, 17.52554111562678 ] ] ] } },
{ "type": "Feature", "properties": { "grid_id": "HYD_0222" }, "geometry": { "type": "Polygon", "coordinates": [ [ [ 78.357193921756746, 17.516511702807577 ], [ 78.366604750226443, 17.516636925310436 ], [ 78.366734990657903, 17.507607434738578 ], [ 78.357324626303139, 17.507482280835198 ], [ 78.357193921756746, 17.516511702807577 ] ] ] } },
{ "type": "Feature", "properties": { "grid_id": "HYD_0223" }, "geometry": { "type": "Polygon", "coordinates": [ [ [ 78.357324626303139, 17.507482280835198 ], [ 78.366734990657903, 17.507607434738578 ], [ 78.366865153175056, 17.498577935024354 ], [ 78.357455252657772, 17.498452849713917 ], [ 78.357324626303139, 17.507482280835198 ] ] ] } },
{ "type": "Feature", "properties": { "grid_id": "HYD_0224" }, "geometry": { "type": "Polygon", "coordinates": [ [ [ 78.357455252657772, 17.498452849713917 ], [ 78.366865153175056, 17.498577935024354 ], [ 78.36699523779582, 17.489548426172043 ], [ 78.357585800838606, 17.48942340944803 ], [ 78.357455252657772, 17.498452849713917 ] ] ] } },
{ "type": "Feature", "properties": { "grid_id": "HYD_0225" }, "geometry": { "type": "Polygon", "coordinates": [ [ [ 78.357585800838606, 17.48942340944803 ], [ 78.36699523779582, 17.489548426172043 ], [ 78.367125244538059, 17.48051890818595 ], [ 78.357716270863591, 17.48039396004183 ], [ 78.357585800838606, 17.48942340944803 ] ] ] } },
{ "type": "Feature", "properties": { "grid_id": "HYD_0226" }, "geometry": { "type": "Polygon", "coordinates": [ [ [ 78.357716270863591, 17.48039396004183 ], [ 78.367125244538059, 17.48051890818595 ], [ 78.367255173419593, 17.471489381070349 ], [ 78.357846662750632, 17.471364501499608 ], [ 78.357716270863591, 17.48039396004183 ] ] ] } },
{ "type": "Feature", "properties": { "grid_id": "HYD_0227" }, "geometry": { "type": "Polygon", "coordinates": [ [ [ 78.357846662750632, 17.471364501499608 ], [ 78.367255173419593, 17.471489381070349 ], [ 78.367385024458315, 17.462459844829535 ], [ 78.357976976517634, 17.462335033825667 ], [ 78.357846662750632, 17.471364501499608 ] ] ] } },
{ "type": "Feature", "properties": { "grid_id": "HYD_0228" }, "geometry": { "type": "Polygon", "coordinates": [ [ [ 78.357976976517634, 17.462335033825667 ], [ 78.367385024458315, 17.462459844829535 ], [ 78.36751479767203, 17.453430299467811 ], [ 78.358107212182503, 17.45330555702429 ], [ 78.357976976517634, 17.462335033825667 ] ] ] } },
{ "type": "Feature", "properties": { "grid_id": "HYD_0229" }, "geometry": { "type": "Polygon", "coordinates": [ [ [ 78.358107212182503, 17.45330555702429 ], [ 78.36751479767203, 17.453430299467811 ], [ 78.367644493078572, 17.444400744989448 ], [ 78.358237369763117, 17.444276071099779 ], [ 78.358107212182503, 17.45330555702429 ] ] ] } },
{ "type": "Feature", "properties": { "grid_id": "HYD_0230" }, "geometry": { "type": "Polygon", "coordinates": [ [ [ 78.358237369763117, 17.444276071099779 ], [ 78.367644493078572, 17.444400744989448 ], [ 78.367774110695748, 17.435371181398747 ], [ 78.358367449277353, 17.435246576056425 ], [ 78.358237369763117, 17.444276071099779 ] ] ] } },
{ "type": "Feature", "properties": { "grid_id": "HYD_0231" }, "geometry": { "type": "Polygon", "coordinates": [ [ [ 78.358367449277353, 17.435246576056425 ], [ 78.367774110695748, 17.435371181398747 ], [ 78.367903650541336, 17.4263416087 ], [ 78.358497450743059, 17.426217071898527 ], [ 78.358367449277353, 17.435246576056425 ] ] ] } },
{ "type": "Feature", "properties": { "grid_id": "HYD_0232" }, "geometry": { "type": "Polygon", "coordinates": [ [ [ 78.358497450743059, 17.426217071898527 ], [ 78.367903650541336, 17.4263416087 ], [ 78.368033112633142, 17.417312026897498 ], [ 78.358627374178084, 17.417187558630381 ], [ 78.358497450743059, 17.426217071898527 ] ] ] } },
{ "type": "Feature", "properties": { "grid_id": "HYD_0233" }, "geometry": { "type": "Polygon", "coordinates": [ [ [ 78.358627374178084, 17.417187558630381 ], [ 78.368033112633142, 17.417312026897498 ], [ 78.368162496988916, 17.408282435995535 ], [ 78.358757219600264, 17.408158036256285 ], [ 78.358627374178084, 17.417187558630381 ] ] ] } },
{ "type": "Feature", "properties": { "grid_id": "HYD_0234" }, "geometry": { "type": "Polygon", "coordinates": [ [ [ 78.358757219600264, 17.408158036256285 ], [ 78.368162496988916, 17.408282435995535 ], [ 78.368291803626406, 17.3992528359984 ], [ 78.358886987027404, 17.399128504780542 ], [ 78.358757219600264, 17.408158036256285 ] ] ] } },
{ "type": "Feature", "properties": { "grid_id": "HYD_0235" }, "geometry": { "type": "Polygon", "coordinates": [ [ [ 78.358886987027404, 17.399128504780542 ], [ 78.368291803626406, 17.3992528359984 ], [ 78.36842103256339, 17.390223226910397 ], [ 78.359016676477339, 17.390098964207443 ], [ 78.358886987027404, 17.399128504780542 ] ] ] } },
{ "type": "Feature", "properties": { "grid_id": "HYD_0236" }, "geometry": { "type": "Polygon", "coordinates": [ [ [ 78.359016676477339, 17.390098964207443 ], [ 78.36842103256339, 17.390223226910397 ], [ 78.368550183817561, 17.38119360873581 ], [ 78.359146287967832, 17.381069414541287 ], [ 78.359016676477339, 17.390098964207443 ] ] ] } },
{ "type": "Feature", "properties": { "grid_id": "HYD_0237" }, "geometry": { "type": "Polygon", "coordinates": [ [ [ 78.359146287967832, 17.381069414541287 ], [ 78.368550183817561, 17.38119360873581 ], [ 78.368679257406669, 17.372163981478945 ], [ 78.35927582151669, 17.37203985578638 ], [ 78.359146287967832, 17.381069414541287 ] ] ] } },
{ "type": "Feature", "properties": { "grid_id": "HYD_0238" }, "geometry": { "type": "Polygon", "coordinates": [ [ [ 78.35927582151669, 17.37203985578638 ], [ 78.368679257406669, 17.372163981478945 ], [ 78.368808253348405, 17.36313434514409 ], [ 78.359405277141647, 17.363010287947017 ], [ 78.35927582151669, 17.37203985578638 ] ] ] } },
{ "type": "Feature", "properties": { "grid_id": "HYD_0239" }, "geometry": { "type": "Polygon", "coordinates": [ [ [ 78.359405277141647, 17.363010287947017 ], [ 78.368808253348405, 17.36313434514409 ], [ 78.368937171660448, 17.354104699735547 ], [ 78.359534654860497, 17.3539807110275 ], [ 78.359405277141647, 17.363010287947017 ] ] ] } },
{ "type": "Feature", "properties": { "grid_id": "HYD_0240" }, "geometry": { "type": "Polygon", "coordinates": [ [ [ 78.359534654860497, 17.3539807110275 ], [ 78.368937171660448, 17.354104699735547 ], [ 78.369066012360506, 17.345075045257609 ], [ 78.359663954690959, 17.344951125032129 ], [ 78.359534654860497, 17.3539807110275 ] ] ] } },
{ "type": "Feature", "properties": { "grid_id": "HYD_0241" }, "geometry": { "type": "Polygon", "coordinates": [ [ [ 78.359663954690959, 17.344951125032129 ], [ 78.369066012360506, 17.345075045257609 ], [ 78.369194775466227, 17.33604538171458 ], [ 78.359793176650768, 17.335921529965212 ], [ 78.359663954690959, 17.344951125032129 ] ] ] } },
{ "type": "Feature", "properties": { "grid_id": "HYD_0242" }, "geometry": { "type": "Polygon", "coordinates": [ [ [ 78.359793176650768, 17.335921529965212 ], [ 78.369194775466227, 17.33604538171458 ], [ 78.369323460995275, 17.327015709110757 ], [ 78.359922320757647, 17.326891925831063 ], [ 78.359793176650768, 17.335921529965212 ] ] ] } },
{ "type": "Feature", "properties": { "grid_id": "HYD_0243" }, "geometry": { "type": "Polygon", "coordinates": [ [ [ 78.365952378727982, 17.561784240884236 ], [ 78.37536560995818, 17.561909359727128 ], [ 78.375495774708682, 17.552879846543291 ], [ 78.366083008999595, 17.552754796088497 ], [ 78.365952378727982, 17.561784240884236 ] ] ] } },
{ "type": "Feature", "properties": { "grid_id": "HYD_0244" }, "geometry": { "type": "Polygon", "coordinates": [ [ [ 78.366083008999595, 17.552754796088497 ], [ 78.375495774708682, 17.552879846543291 ], [ 78.37562586173307, 17.543850324202186 ], [ 78.366213561267287, 17.543725342128962 ], [ 78.366083008999595, 17.552754796088497 ] ] ] } },
{ "type": "Feature", "properties": { "grid_id": "HYD_0245" }, "geometry": { "type": "Polygon", "coordinates": [ [ [ 78.366213561267287, 17.543725342128962 ], [ 78.37562586173307, 17.543850324202186 ], [ 78.375755871049236, 17.534820792708093 ], [ 78.366344035549048, 17.534695879009913 ], [ 78.366213561267287, 17.543725342128962 ] ] ] } },
{ "type": "Feature", "properties": { "grid_id": "HYD_0246" }, "geometry": { "type": "Polygon", "coordinates": [ [ [ 78.366344035549048, 17.534695879009913 ], [ 78.375755871049236, 17.534820792708093 ], [ 78.375885802675015, 17.5257912520653 ], [ 78.366474431862798, 17.525666406735645 ], [ 78.366344035549048, 17.534695879009913 ] ] ] } },
{ "type": "Feature", "properties": { "grid_id": "HYD_0247" }, "geometry": { "type": "Polygon", "coordinates": [ [ [ 78.366474431862798, 17.525666406735645 ], [ 78.375885802675015, 17.5257912520653 ], [ 78.376015656628311, 17.516761702278089 ], [ 78.366604750226443, 17.516636925310436 ], [ 78.366474431862798, 17.525666406735645 ] ] ] } },
{ "type": "Feature", "properties": { "grid_id": "HYD_0248" }, "geometry": { "type": "Polygon", "coordinates": [ [ [ 78.366604750226443, 17.516636925310436 ], [ 78.376015656628311, 17.516761702278089 ], [ 78.376145432926947, 17.507732143350729 ], [ 78.366734990657903, 17.507607434738578 ], [ 78.366604750226443, 17.516636925310436 ] ] ] } },
{ "type": "Feature", "properties": { "grid_id": "HYD_0249" }, "geometry": { "type": "Polygon", "coordinates": [ [ [ 78.366734990657903, 17.507607434738578 ], [ 78.376145432926947, 17.507732143350729 ], [ 78.376275131588756, 17.498702575287517 ], [ 78.366865153175056, 17.498577935024354 ], [ 78.366734990657903, 17.507607434738578 ] ] ] } },
{ "type": "Feature", "properties": { "grid_id": "HYD_0250" }, "geometry": { "type": "Polygon", "coordinates": [ [ [ 78.366865153175056, 17.498577935024354 ], [ 78.376275131588756, 17.498702575287517 ], [ 78.376404752631572, 17.489672998092733 ], [ 78.36699523779582, 17.489548426172043 ], [ 78.366865153175056, 17.498577935024354 ] ] ] } },
{ "type": "Feature", "properties": { "grid_id": "HYD_0251" }, "geometry": { "type": "Polygon", "coordinates": [ [ [ 78.36699523779582, 17.489548426172043 ], [ 78.376404752631572, 17.489672998092733 ], [ 78.376534296073189, 17.480643411770647 ], [ 78.367125244538059, 17.48051890818595 ], [ 78.36699523779582, 17.489548426172043 ] ] ] } },
{ "type": "Feature", "properties": { "grid_id": "HYD_0252" }, "geometry": { "type": "Polygon", "coordinates": [ [ [ 78.367125244538059, 17.48051890818595 ], [ 78.376534296073189, 17.480643411770647 ], [ 78.376663761931411, 17.471613816325561 ], [ 78.367255173419593, 17.471489381070349 ], [ 78.367125244538059, 17.48051890818595 ] ] ] } },
{ "type": "Feature", "properties": { "grid_id": "HYD_0253" }, "geometry": { "type": "Polygon", "coordinates": [ [ [ 78.367255173419593, 17.471489381070349 ], [ 78.376663761931411, 17.471613816325561 ], [ 78.376793150224003, 17.462584211761758 ], [ 78.367385024458315, 17.462459844829535 ], [ 78.367255173419593, 17.471489381070349 ] ] ] } },
{ "type": "Feature", "properties": { "grid_id": "HYD_0254" }, "geometry": { "type": "Polygon", "coordinates": [ [ [ 78.367385024458315, 17.462459844829535 ], [ 78.376793150224003, 17.462584211761758 ], [ 78.376922460968757, 17.453554598083517 ], [ 78.36751479767203, 17.453430299467811 ], [ 78.367385024458315, 17.462459844829535 ] ] ] } },
{ "type": "Feature", "properties": { "grid_id": "HYD_0255" }, "geometry": { "type": "Polygon", "coordinates": [ [ [ 78.36751479767203, 17.453430299467811 ], [ 78.376922460968757, 17.453554598083517 ], [ 78.377051694183422, 17.444524975295128 ], [ 78.367644493078572, 17.444400744989448 ], [ 78.36751479767203, 17.453430299467811 ] ] ] } },
{ "type": "Feature", "properties": { "grid_id": "HYD_0256" }, "geometry": { "type": "Polygon", "coordinates": [ [ [ 78.367644493078572, 17.444400744989448 ], [ 78.377051694183422, 17.444524975295128 ], [ 78.377180849885733, 17.435495343400877 ], [ 78.367774110695748, 17.435371181398747 ], [ 78.367644493078572, 17.444400744989448 ] ] ] } },
{ "type": "Feature", "properties": { "grid_id": "HYD_0257" }, "geometry": { "type": "Polygon", "coordinates": [ [ [ 78.367774110695748, 17.435371181398747 ], [ 78.377180849885733, 17.435495343400877 ], [ 78.377309928093425, 17.426465702405057 ], [ 78.367903650541336, 17.4263416087 ], [ 78.367774110695748, 17.435371181398747 ] ] ] } },
{ "type": "Feature", "properties": { "grid_id": "HYD_0258" }, "geometry": { "type": "Polygon", "coordinates": [ [ [ 78.367903650541336, 17.4263416087 ], [ 78.377309928093425, 17.426465702405057 ], [ 78.377438928824219, 17.417436052311942 ], [ 78.368033112633142, 17.417312026897498 ], [ 78.367903650541336, 17.4263416087 ] ] ] } },
{ "type": "Feature", "properties": { "grid_id": "HYD_0259" }, "geometry": { "type": "Polygon", "coordinates": [ [ [ 78.368033112633142, 17.417312026897498 ], [ 78.377438928824219, 17.417436052311942 ], [ 78.377567852095822, 17.408406393125837 ], [ 78.368162496988916, 17.408282435995535 ], [ 78.368033112633142, 17.417312026897498 ] ] ] } },
{ "type": "Feature", "properties": { "grid_id": "HYD_0260" }, "geometry": { "type": "Polygon", "coordinates": [ [ [ 78.368162496988916, 17.408282435995535 ], [ 78.377567852095822, 17.408406393125837 ], [ 78.377696697925941, 17.399376724851031 ], [ 78.368291803626406, 17.3992528359984 ], [ 78.368162496988916, 17.408282435995535 ] ] ] } },
{ "type": "Feature", "properties": { "grid_id": "HYD_0261" }, "geometry": { "type": "Polygon", "coordinates": [ [ [ 78.368291803626406, 17.3992528359984 ], [ 78.377696697925941, 17.399376724851031 ], [ 78.377825466332226, 17.390347047491797 ], [ 78.36842103256339, 17.390223226910397 ], [ 78.368291803626406, 17.3992528359984 ] ] ] } },
{ "type": "Feature", "properties": { "grid_id": "HYD_0262" }, "geometry": { "type": "Polygon", "coordinates": [ [ [ 78.36842103256339, 17.390223226910397 ], [ 78.377825466332226, 17.390347047491797 ], [ 78.377954157332368, 17.381317361052446 ], [ 78.368550183817561, 17.38119360873581 ], [ 78.36842103256339, 17.390223226910397 ] ] ] } },
{ "type": "Feature", "properties": { "grid_id": "HYD_0263" }, "geometry": { "type": "Polygon", "coordinates": [ [ [ 78.368550183817561, 17.38119360873581 ], [ 78.377954157332368, 17.381317361052446 ], [ 78.378082770944019, 17.372287665537257 ], [ 78.368679257406669, 17.372163981478945 ], [ 78.368550183817561, 17.38119360873581 ] ] ] } },
{ "type": "Feature", "properties": { "grid_id": "HYD_0264" }, "geometry": { "type": "Polygon", "coordinates": [ [ [ 78.368679257406669, 17.372163981478945 ], [ 78.378082770944019, 17.372287665537257 ], [ 78.378211307184827, 17.363257960950531 ], [ 78.368808253348405, 17.36313434514409 ], [ 78.368679257406669, 17.372163981478945 ] ] ] } },
{ "type": "Feature", "properties": { "grid_id": "HYD_0265" }, "geometry": { "type": "Polygon", "coordinates": [ [ [ 78.368808253348405, 17.36313434514409 ], [ 78.378211307184827, 17.363257960950531 ], [ 78.378339766072401, 17.354228247296547 ], [ 78.368937171660448, 17.354104699735547 ], [ 78.368808253348405, 17.36313434514409 ] ] ] } },
{ "type": "Feature", "properties": { "grid_id": "HYD_0266" }, "geometry": { "type": "Polygon", "coordinates": [ [ [ 78.368937171660448, 17.354104699735547 ], [ 78.378339766072401, 17.354228247296547 ], [ 78.378468147624389, 17.345198524579615 ], [ 78.369066012360506, 17.345075045257609 ], [ 78.368937171660448, 17.354104699735547 ] ] ] } },
{ "type": "Feature", "properties": { "grid_id": "HYD_0267" }, "geometry": { "type": "Polygon", "coordinates": [ [ [ 78.369066012360506, 17.345075045257609 ], [ 78.378468147624389, 17.345198524579615 ], [ 78.378596451858357, 17.336168792804017 ], [ 78.369194775466227, 17.33604538171458 ], [ 78.369066012360506, 17.345075045257609 ] ] ] } },
{ "type": "Feature", "properties": { "grid_id": "HYD_0268" }, "geometry": { "type": "Polygon", "coordinates": [ [ [ 78.369194775466227, 17.33604538171458 ], [ 78.378596451858357, 17.336168792804017 ], [ 78.37872467879194, 17.327139051974054 ], [ 78.369323460995275, 17.327015709110757 ], [ 78.369194775466227, 17.33604538171458 ] ] ] } },
{ "type": "Feature", "properties": { "grid_id": "HYD_0269" }, "geometry": { "type": "Polygon", "coordinates": [ [ [ 78.369323460995275, 17.327015709110757 ], [ 78.37872467879194, 17.327139051974054 ], [ 78.378852828442675, 17.318109302094019 ], [ 78.369452068965288, 17.317986027450441 ], [ 78.369323460995275, 17.327015709110757 ] ] ] } },
{ "type": "Feature", "properties": { "grid_id": "HYD_0270" }, "geometry": { "type": "Polygon", "coordinates": [ [ [ 78.369452068965288, 17.317986027450441 ], [ 78.378852828442675, 17.318109302094019 ], [ 78.378980900828154, 17.309079543168206 ], [ 78.369580599393885, 17.308956336737925 ], [ 78.369452068965288, 17.317986027450441 ] ] ] } },
{ "type": "Feature", "properties": { "grid_id": "HYD_0271" }, "geometry": { "type": "Polygon", "coordinates": [ [ [ 78.369580599393885, 17.308956336737925 ], [ 78.378980900828154, 17.309079543168206 ], [ 78.379108895965942, 17.300049775200915 ], [ 78.369709052298703, 17.299926636977514 ], [ 78.369580599393885, 17.308956336737925 ] ] ] } },
{ "type": "Feature", "properties": { "grid_id": "HYD_0272" }, "geometry": { "type": "Polygon", "coordinates": [ [ [ 78.37009394604641, 17.27283748345193 ], [ 78.379492418068409, 17.272960417093127 ], [ 78.379620104390654, 17.263930613002891 ], [ 78.370222089031998, 17.263807747542959 ], [ 78.37009394604641, 17.27283748345193 ] ] ] } },
{ "type": "Feature", "properties": { "grid_id": "HYD_0273" }, "geometry": { "type": "Polygon", "coordinates": [ [ [ 78.370222089031998, 17.263807747542959 ], [ 78.379620104390654, 17.263930613002891 ], [ 78.379747713552788, 17.254900799892667 ], [ 78.370350154581672, 17.254778002607601 ], [ 78.370222089031998, 17.263807747542959 ] ] ] } },
{ "type": "Feature", "properties": { "grid_id": "HYD_0274" }, "geometry": { "type": "Polygon", "coordinates": [ [ [ 78.370350154581672, 17.254778002607601 ], [ 78.379747713552788, 17.254900799892667 ], [ 78.379875245572279, 17.245870977766749 ], [ 78.370478142713011, 17.24574824865017 ], [ 78.370350154581672, 17.254778002607601 ] ] ] } },
{ "type": "Feature", "properties": { "grid_id": "HYD_0275" }, "geometry": { "type": "Polygon", "coordinates": [ [ [ 78.375105047207228, 17.579968358605893 ], [ 78.384519288093088, 17.580093166984557 ], [ 78.38464914225473, 17.571063603971076 ], [ 78.375235367463659, 17.570938863749419 ], [ 78.375105047207228, 17.579968358605893 ] ] ] } },
{ "type": "Feature", "properties": { "grid_id": "HYD_0276" }, "geometry": { "type": "Polygon", "coordinates": [ [ [ 78.375235367463659, 17.570938863749419 ], [ 78.38464914225473, 17.571063603971076 ], [ 78.384778918932398, 17.562034031798284 ], [ 78.37536560995818, 17.561909359727128 ], [ 78.375235367463659, 17.570938863749419 ] ] ] } },
{ "type": "Feature", "properties": { "grid_id": "HYD_0277" }, "geometry": { "type": "Polygon", "coordinates": [ [ [ 78.37536560995818, 17.561909359727128 ], [ 78.384778918932398, 17.562034031798284 ], [ 78.384908618143882, 17.553004450470453 ], [ 78.375495774708682, 17.552879846543291 ], [ 78.37536560995818, 17.561909359727128 ] ] ] } },
{ "type": "Feature", "properties": { "grid_id": "HYD_0278" }, "geometry": { "type": "Polygon", "coordinates": [ [ [ 78.375495774708682, 17.552879846543291 ], [ 78.384908618143882, 17.553004450470453 ], [ 78.385038239907075, 17.54397485999187 ], [ 78.37562586173307, 17.543850324202186 ], [ 78.375495774708682, 17.552879846543291 ] ] ] } },
{ "type": "Feature", "properties": { "grid_id": "HYD_0279" }, "geometry": { "type": "Polygon", "coordinates": [ [ [ 78.37562586173307, 17.543850324202186 ], [ 78.385038239907075, 17.54397485999187 ], [ 78.385167784239741, 17.534945260366797 ], [ 78.375755871049236, 17.534820792708093 ], [ 78.37562586173307, 17.543850324202186 ] ] ] } },
{ "type": "Feature", "properties": { "grid_id": "HYD_0280" }, "geometry": { "type": "Polygon", "coordinates": [ [ [ 78.375755871049236, 17.534820792708093 ], [ 78.385167784239741, 17.534945260366797 ], [ 78.385297251159741, 17.525915651599522 ], [ 78.375885802675015, 17.5257912520653 ], [ 78.375755871049236, 17.534820792708093 ] ] ] } },
{ "type": "Feature", "properties": { "grid_id": "HYD_0281" }, "geometry": { "type": "Polygon", "coordinates": [ [ [ 78.375885802675015, 17.5257912520653 ], [ 78.385297251159741, 17.525915651599522 ], [ 78.385426640684841, 17.516886033694316 ], [ 78.376015656628311, 17.516761702278089 ], [ 78.375885802675015, 17.5257912520653 ] ] ] } },
{ "type": "Feature", "properties": { "grid_id": "HYD_0282" }, "geometry": { "type": "Polygon", "coordinates": [ [ [ 78.376015656628311, 17.516761702278089 ], [ 78.385426640684841, 17.516886033694316 ], [ 78.385555952832831, 17.507856406655456 ], [ 78.376145432926947, 17.507732143350729 ], [ 78.376015656628311, 17.516761702278089 ] ] ] } },
{ "type": "Feature", "properties": { "grid_id": "HYD_0283" }, "geometry": { "type": "Polygon", "coordinates": [ [ [ 78.376145432926947, 17.507732143350729 ], [ 78.385555952832831, 17.507856406655456 ], [ 78.385685187621462, 17.498826770487224 ], [ 78.376275131588756, 17.498702575287517 ], [ 78.376145432926947, 17.507732143350729 ] ] ] } },
{ "type": "Feature", "properties": { "grid_id": "HYD_0284" }, "geometry": { "type": "Polygon", "coordinates": [ [ [ 78.376275131588756, 17.498702575287517 ], [ 78.385685187621462, 17.498826770487224 ], [ 78.385814345068511, 17.489797125193896 ], [ 78.376404752631572, 17.489672998092733 ], [ 78.376275131588756, 17.498702575287517 ] ] ] } },
{ "type": "Feature", "properties": { "grid_id": "HYD_0285" }, "geometry": { "type": "Polygon", "coordinates": [ [ [ 78.376404752631572, 17.489672998092733 ], [ 78.385814345068511, 17.489797125193896 ], [ 78.385943425191726, 17.48076747077976 ], [ 78.376534296073189, 17.480643411770647 ], [ 78.376404752631572, 17.489672998092733 ] ] ] } },
{ "type": "Feature", "properties": { "grid_id": "HYD_0286" }, "geometry": { "type": "Polygon", "coordinates": [ [ [ 78.376534296073189, 17.480643411770647 ], [ 78.385943425191726, 17.48076747077976 ], [ 78.386072428008816, 17.471737807249081 ], [ 78.376663761931411, 17.471613816325561 ], [ 78.376534296073189, 17.480643411770647 ] ] ] } },
{ "type": "Feature", "properties": { "grid_id": "HYD_0287" }, "geometry": { "type": "Polygon", "coordinates": [ [ [ 78.376663761931411, 17.471613816325561 ], [ 78.386072428008816, 17.471737807249081 ], [ 78.38620135353753, 17.462708134606153 ], [ 78.376793150224003, 17.462584211761758 ], [ 78.376663761931411, 17.471613816325561 ] ] ] } },
{ "type": "Feature", "properties": { "grid_id": "HYD_0288" }, "geometry": { "type": "Polygon", "coordinates": [ [ [ 78.376793150224003, 17.462584211761758 ], [ 78.38620135353753, 17.462708134606153 ], [ 78.386330201795559, 17.453678452855257 ], [ 78.376922460968757, 17.453554598083517 ], [ 78.376793150224003, 17.462584211761758 ] ] ] } },
{ "type": "Feature", "properties": { "grid_id": "HYD_0289" }, "geometry": { "type": "Polygon", "coordinates": [ [ [ 78.376922460968757, 17.453554598083517 ], [ 78.386330201795559, 17.453678452855257 ], [ 78.386458972800583, 17.444648762000675 ], [ 78.377051694183422, 17.444524975295128 ], [ 78.376922460968757, 17.453554598083517 ] ] ] } },
{ "type": "Feature", "properties": { "grid_id": "HYD_0290" }, "geometry": { "type": "Polygon", "coordinates": [ [ [ 78.377051694183422, 17.444524975295128 ], [ 78.386458972800583, 17.444648762000675 ], [ 78.386587666570307, 17.43561906204668 ], [ 78.377180849885733, 17.435495343400877 ], [ 78.377051694183422, 17.444524975295128 ] ] ] } },
{ "type": "Feature", "properties": { "grid_id": "HYD_0291" }, "geometry": { "type": "Polygon", "coordinates": [ [ [ 78.377180849885733, 17.435495343400877 ], [ 78.386587666570307, 17.43561906204668 ], [ 78.386716283122396, 17.426589352997571 ], [ 78.377309928093425, 17.426465702405057 ], [ 78.377180849885733, 17.435495343400877 ] ] ] } },
{ "type": "Feature", "properties": { "grid_id": "HYD_0292" }, "geometry": { "type": "Polygon", "coordinates": [ [ [ 78.377309928093425, 17.426465702405057 ], [ 78.386716283122396, 17.426589352997571 ], [ 78.386844822474487, 17.417559634857614 ], [ 78.377438928824219, 17.417436052311942 ], [ 78.377309928093425, 17.426465702405057 ] ] ] } },
{ "type": "Feature", "properties": { "grid_id": "HYD_0293" }, "geometry": { "type": "Polygon", "coordinates": [ [ [ 78.377438928824219, 17.417436052311942 ], [ 78.386844822474487, 17.417559634857614 ], [ 78.386973284644242, 17.408529907631106 ], [ 78.377567852095822, 17.408406393125837 ], [ 78.377438928824219, 17.417436052311942 ] ] ] } },
{ "type": "Feature", "properties": { "grid_id": "HYD_0294" }, "geometry": { "type": "Polygon", "coordinates": [ [ [ 78.377567852095822, 17.408406393125837 ], [ 78.386973284644242, 17.408529907631106 ], [ 78.387101669649269, 17.39950017132233 ], [ 78.377696697925941, 17.399376724851031 ], [ 78.377567852095822, 17.408406393125837 ] ] ] } },
{ "type": "Feature", "properties": { "grid_id": "HYD_0295" }, "geometry": { "type": "Polygon", "coordinates": [ [ [ 78.377696697925941, 17.399376724851031 ], [ 78.387101669649269, 17.39950017132233 ], [ 78.387229977507218, 17.390470425935575 ], [ 78.377825466332226, 17.390347047491797 ], [ 78.377696697925941, 17.399376724851031 ] ] ] } },
{ "type": "Feature", "properties": { "grid_id": "HYD_0296" }, "geometry": { "type": "Polygon", "coordinates": [ [ [ 78.377825466332226, 17.390347047491797 ], [ 78.387229977507218, 17.390470425935575 ], [ 78.387358208235668, 17.381440671475122 ], [ 78.377954157332368, 17.381317361052446 ], [ 78.377825466332226, 17.390347047491797 ] ] ] } },
{ "type": "Feature", "properties": { "grid_id": "HYD_0297" }, "geometry": { "type": "Polygon", "coordinates": [ [ [ 78.377954157332368, 17.381317361052446 ], [ 78.387358208235668, 17.381440671475122 ], [ 78.38748636185224, 17.37241090794527 ], [ 78.378082770944019, 17.372287665537257 ], [ 78.377954157332368, 17.381317361052446 ] ] ] } },
{ "type": "Feature", "properties": { "grid_id": "HYD_0298" }, "geometry": { "type": "Polygon", "coordinates": [ [ [ 78.378082770944019, 17.372287665537257 ], [ 78.38748636185224, 17.37241090794527 ], [ 78.38761443837447, 17.363381135350284 ], [ 78.378211307184827, 17.363257960950531 ], [ 78.378082770944019, 17.372287665537257 ] ] ] } },
{ "type": "Feature", "properties": { "grid_id": "HYD_0299" }, "geometry": { "type": "Polygon", "coordinates": [ [ [ 78.378211307184827, 17.363257960950531 ], [ 78.38761443837447, 17.363381135350284 ], [ 78.387742437819952, 17.354351353694469 ], [ 78.378339766072401, 17.354228247296547 ], [ 78.378211307184827, 17.363257960950531 ] ] ] } },
{ "type": "Feature", "properties": { "grid_id": "HYD_0300" }, "geometry": { "type": "Polygon", "coordinates": [ [ [ 78.378339766072401, 17.354228247296547 ], [ 78.387742437819952, 17.354351353694469 ], [ 78.38787036020625, 17.345321562982114 ], [ 78.378468147624389, 17.345198524579615 ], [ 78.378339766072401, 17.354228247296547 ] ] ] } },
{ "type": "Feature", "properties": { "grid_id": "HYD_0301" }, "geometry": { "type": "Polygon", "coordinates": [ [ [ 78.378468147624389, 17.345198524579615 ], [ 78.38787036020625, 17.345321562982114 ], [ 78.3879982055509, 17.336291763217503 ], [ 78.378596451858357, 17.336168792804017 ], [ 78.378468147624389, 17.345198524579615 ] ] ] } },
{ "type": "Feature", "properties": { "grid_id": "HYD_0302" }, "geometry": { "type": "Polygon", "coordinates": [ [ [ 78.378596451858357, 17.336168792804017 ], [ 78.3879982055509, 17.336291763217503 ], [ 78.388125973871411, 17.327261954404936 ], [ 78.37872467879194, 17.327139051974054 ], [ 78.378596451858357, 17.336168792804017 ] ] ] } },
{ "type": "Feature", "properties": { "grid_id": "HYD_0303" }, "geometry": { "type": "Polygon", "coordinates": [ [ [ 78.37872467879194, 17.327139051974054 ], [ 78.388125973871411, 17.327261954404936 ], [ 78.388253665185331, 17.318232136548694 ], [ 78.378852828442675, 17.318109302094019 ], [ 78.37872467879194, 17.327139051974054 ] ] ] } },
{ "type": "Feature", "properties": { "grid_id": "HYD_0304" }, "geometry": { "type": "Polygon", "coordinates": [ [ [ 78.378852828442675, 17.318109302094019 ], [ 78.388253665185331, 17.318232136548694 ], [ 78.388381279510142, 17.309202309653067 ], [ 78.378980900828154, 17.309079543168206 ], [ 78.378852828442675, 17.318109302094019 ] ] ] } },
{ "type": "Feature", "properties": { "grid_id": "HYD_0305" }, "geometry": { "type": "Polygon", "coordinates": [ [ [ 78.378980900828154, 17.309079543168206 ], [ 78.388381279510142, 17.309202309653067 ], [ 78.388508816863336, 17.300172473722359 ], [ 78.379108895965942, 17.300049775200915 ], [ 78.378980900828154, 17.309079543168206 ] ] ] } },
{ "type": "Feature", "properties": { "grid_id": "HYD_0306" }, "geometry": { "type": "Polygon", "coordinates": [ [ [ 78.379108895965942, 17.300049775200915 ], [ 78.388508816863336, 17.300172473722359 ], [ 78.388636277262407, 17.291142628760856 ], [ 78.379236813873547, 17.291019998196436 ], [ 78.379108895965942, 17.300049775200915 ] ] ] } },
{ "type": "Feature", "properties": { "grid_id": "HYD_0307" }, "geometry": { "type": "Polygon", "coordinates": [ [ [ 78.379236813873547, 17.291019998196436 ], [ 78.388636277262407, 17.291142628760856 ], [ 78.38876366072482, 17.282112774772845 ], [ 78.379364654568548, 17.281990212159073 ], [ 78.379236813873547, 17.291019998196436 ] ] ] } },
{ "type": "Feature", "properties": { "grid_id": "HYD_0308" }, "geometry": { "type": "Polygon", "coordinates": [ [ [ 78.379364654568548, 17.281990212159073 ], [ 78.38876366072482, 17.282112774772845 ], [ 78.388890967268026, 17.273082911762636 ], [ 78.379492418068409, 17.272960417093127 ], [ 78.379364654568548, 17.281990212159073 ] ] ] } },
{ "type": "Feature", "properties": { "grid_id": "HYD_0309" }, "geometry": { "type": "Polygon", "coordinates": [ [ [ 78.379492418068409, 17.272960417093127 ], [ 78.388890967268026, 17.273082911762636 ], [ 78.389018196909461, 17.264053039734506 ], [ 78.379620104390654, 17.263930613002891 ], [ 78.379492418068409, 17.272960417093127 ] ] ] } },
{ "type": "Feature", "properties": { "grid_id": "HYD_0310" }, "geometry": { "type": "Polygon", "coordinates": [ [ [ 78.379620104390654, 17.263930613002891 ], [ 78.389018196909461, 17.264053039734506 ], [ 78.389145349666549, 17.255023158692754 ], [ 78.379747713552788, 17.254900799892667 ], [ 78.379620104390654, 17.263930613002891 ] ] ] } },
{ "type": "Feature", "properties": { "grid_id": "HYD_0311" }, "geometry": { "type": "Polygon", "coordinates": [ [ [ 78.379747713552788, 17.254900799892667 ], [ 78.389145349666549, 17.255023158692754 ], [ 78.389272425556726, 17.245993268641691 ], [ 78.379875245572279, 17.245870977766749 ], [ 78.379747713552788, 17.254900799892667 ] ] ] } },
{ "type": "Feature", "properties": { "grid_id": "HYD_0312" }, "geometry": { "type": "Polygon", "coordinates": [ [ [ 78.379875245572279, 17.245870977766749 ], [ 78.389272425556726, 17.245993268641691 ], [ 78.389399424597386, 17.236963369585602 ], [ 78.380002700466591, 17.236841146629448 ], [ 78.379875245572279, 17.245870977766749 ] ] ] } },
{ "type": "Feature", "properties": { "grid_id": "HYD_0313" }, "geometry": { "type": "Polygon", "coordinates": [ [ [ 78.380002700466591, 17.236841146629448 ], [ 78.389399424597386, 17.236963369585602 ], [ 78.389526346805908, 17.227933461528782 ], [ 78.380130078253174, 17.227811306485059 ], [ 78.380002700466591, 17.236841146629448 ] ] ] } },
{ "type": "Feature", "properties": { "grid_id": "HYD_0314" }, "geometry": { "type": "Polygon", "coordinates": [ [ [ 78.380130078253174, 17.227811306485059 ], [ 78.389526346805908, 17.227933461528782 ], [ 78.389653192199688, 17.218903544475527 ], [ 78.38025737894948, 17.218781457337883 ], [ 78.380130078253174, 17.227811306485059 ] ] ] } },
{ "type": "Feature", "properties": { "grid_id": "HYD_0315" }, "geometry": { "type": "Polygon", "coordinates": [ [ [ 78.38025737894948, 17.218781457337883 ], [ 78.389653192199688, 17.218903544475527 ], [ 78.389779960796091, 17.209873618430152 ], [ 78.380384602572931, 17.209751599192234 ], [ 78.38025737894948, 17.218781457337883 ] ] ] } },
{ "type": "Feature", "properties": { "grid_id": "HYD_0316" }, "geometry": { "type": "Polygon", "coordinates": [ [ [ 78.380384602572931, 17.209751599192234 ], [ 78.389779960796091, 17.209873618430152 ], [ 78.389906652612481, 17.200843683396936 ], [ 78.38051174914095, 17.200721732052404 ], [ 78.380384602572931, 17.209751599192234 ] ] ] } },
{ "type": "Feature", "properties": { "grid_id": "HYD_0317" }, "geometry": { "type": "Polygon", "coordinates": [ [ [ 78.38438935642958, 17.589122720834457 ], [ 78.393804141207951, 17.589247149856234 ], [ 78.3939336064808, 17.58021752808699 ], [ 78.384519288093088, 17.580093166984557 ], [ 78.38438935642958, 17.589122720834457 ] ] ] } },
{ "type": "Feature", "properties": { "grid_id": "HYD_0318" }, "geometry": { "type": "Polygon", "coordinates": [ [ [ 78.384519288093088, 17.580093166984557 ], [ 78.3939336064808, 17.58021752808699 ], [ 78.394062994529804, 17.571187897160652 ], [ 78.38464914225473, 17.571063603971076 ], [ 78.384519288093088, 17.580093166984557 ] ] ] } },
{ "type": "Feature", "properties": { "grid_id": "HYD_0319" }, "geometry": { "type": "Polygon", "coordinates": [ [ [ 78.38464914225473, 17.571063603971076 ], [ 78.394062994529804, 17.571187897160652 ], [ 78.394192305372741, 17.562158257081499 ], [ 78.384778918932398, 17.562034031798284 ], [ 78.38464914225473, 17.571063603971076 ] ] ] } },
{ "type": "Feature", "properties": { "grid_id": "HYD_0320" }, "geometry": { "type": "Polygon", "coordinates": [ [ [ 78.384778918932398, 17.562034031798284 ], [ 78.394192305372741, 17.562158257081499 ], [ 78.394321539027416, 17.5531286078538 ], [ 78.384908618143882, 17.553004450470453 ], [ 78.384778918932398, 17.562034031798284 ] ] ] } },
{ "type": "Feature", "properties": { "grid_id": "HYD_0321" }, "geometry": { "type": "Polygon", "coordinates": [ [ [ 78.384908618143882, 17.553004450470453 ], [ 78.394321539027416, 17.5531286078538 ], [ 78.394450695511566, 17.544098949481821 ], [ 78.385038239907075, 17.54397485999187 ], [ 78.384908618143882, 17.553004450470453 ] ] ] } },
{ "type": "Feature", "properties": { "grid_id": "HYD_0322" }, "geometry": { "type": "Polygon", "coordinates": [ [ [ 78.385038239907075, 17.54397485999187 ], [ 78.394450695511566, 17.544098949481821 ], [ 78.394579774842967, 17.535069281969839 ], [ 78.385167784239741, 17.534945260366797 ], [ 78.385038239907075, 17.54397485999187 ] ] ] } },
{ "type": "Feature", "properties": { "grid_id": "HYD_0323" }, "geometry": { "type": "Polygon", "coordinates": [ [ [ 78.385167784239741, 17.534945260366797 ], [ 78.394579774842967, 17.535069281969839 ], [ 78.394708777039355, 17.526039605322126 ], [ 78.385297251159741, 17.525915651599522 ], [ 78.385167784239741, 17.534945260366797 ] ] ] } },
{ "type": "Feature", "properties": { "grid_id": "HYD_0324" }, "geometry": { "type": "Polygon", "coordinates": [ [ [ 78.385297251159741, 17.525915651599522 ], [ 78.394708777039355, 17.526039605322126 ], [ 78.39483770211848, 17.517009919542954 ], [ 78.385426640684841, 17.516886033694316 ], [ 78.385297251159741, 17.525915651599522 ] ] ] } },
{ "type": "Feature", "properties": { "grid_id": "HYD_0325" }, "geometry": { "type": "Polygon", "coordinates": [ [ [ 78.385426640684841, 17.516886033694316 ], [ 78.39483770211848, 17.517009919542954 ], [ 78.394966550098033, 17.507980224636597 ], [ 78.385555952832831, 17.507856406655456 ], [ 78.385426640684841, 17.516886033694316 ] ] ] } },
{ "type": "Feature", "properties": { "grid_id": "HYD_0326" }, "geometry": { "type": "Polygon", "coordinates": [ [ [ 78.385555952832831, 17.507856406655456 ], [ 78.394966550098033, 17.507980224636597 ], [ 78.395095320995736, 17.49895052060733 ], [ 78.385685187621462, 17.498826770487224 ], [ 78.385555952832831, 17.507856406655456 ] ] ] } },
{ "type": "Feature", "properties": { "grid_id": "HYD_0327" }, "geometry": { "type": "Polygon", "coordinates": [ [ [ 78.385685187621462, 17.498826770487224 ], [ 78.395095320995736, 17.49895052060733 ], [ 78.395224014829296, 17.48992080745942 ], [ 78.385814345068511, 17.489797125193896 ], [ 78.385685187621462, 17.498826770487224 ] ] ] } },
{ "type": "Feature", "properties": { "grid_id": "HYD_0328" }, "geometry": { "type": "Polygon", "coordinates": [ [ [ 78.385814345068511, 17.489797125193896 ], [ 78.395224014829296, 17.48992080745942 ], [ 78.395352631616362, 17.48089108519715 ], [ 78.385943425191726, 17.48076747077976 ], [ 78.385814345068511, 17.489797125193896 ] ] ] } },
{ "type": "Feature", "properties": { "grid_id": "HYD_0329" }, "geometry": { "type": "Polygon", "coordinates": [ [ [ 78.385943425191726, 17.48076747077976 ], [ 78.395352631616362, 17.48089108519715 ], [ 78.395481171374641, 17.471861353824796 ], [ 78.386072428008816, 17.471737807249081 ], [ 78.385943425191726, 17.48076747077976 ] ] ] } },
{ "type": "Feature", "properties": { "grid_id": "HYD_0330" }, "geometry": { "type": "Polygon", "coordinates": [ [ [ 78.386072428008816, 17.471737807249081 ], [ 78.395481171374641, 17.471861353824796 ], [ 78.39560963412174, 17.462831613346633 ], [ 78.38620135353753, 17.462708134606153 ], [ 78.386072428008816, 17.471737807249081 ] ] ] } },
{ "type": "Feature", "properties": { "grid_id": "HYD_0331" }, "geometry": { "type": "Polygon", "coordinates": [ [ [ 78.38620135353753, 17.462708134606153 ], [ 78.39560963412174, 17.462831613346633 ], [ 78.395738019875353, 17.453801863766945 ], [ 78.386330201795559, 17.453678452855257 ], [ 78.38620135353753, 17.462708134606153 ] ] ] } },
{ "type": "Feature", "properties": { "grid_id": "HYD_0332" }, "geometry": { "type": "Polygon", "coordinates": [ [ [ 78.386330201795559, 17.453678452855257 ], [ 78.395738019875353, 17.453801863766945 ], [ 78.395866328653071, 17.44477210509001 ], [ 78.386458972800583, 17.444648762000675 ], [ 78.386330201795559, 17.453678452855257 ] ] ] } },
{ "type": "Feature", "properties": { "grid_id": "HYD_0333" }, "geometry": { "type": "Polygon", "coordinates": [ [ [ 78.386458972800583, 17.444648762000675 ], [ 78.395866328653071, 17.44477210509001 ], [ 78.395994560472545, 17.435742337320093 ], [ 78.386587666570307, 17.43561906204668 ], [ 78.386458972800583, 17.444648762000675 ] ] ] } },
{ "type": "Feature", "properties": { "grid_id": "HYD_0334" }, "geometry": { "type": "Polygon", "coordinates": [ [ [ 78.386587666570307, 17.43561906204668 ], [ 78.395994560472545, 17.435742337320093 ], [ 78.396122715351339, 17.426712560461478 ], [ 78.386716283122396, 17.426589352997571 ], [ 78.386587666570307, 17.43561906204668 ] ] ] } },
{ "type": "Feature", "properties": { "grid_id": "HYD_0335" }, "geometry": { "type": "Polygon", "coordinates": [ [ [ 78.386716283122396, 17.426589352997571 ], [ 78.396122715351339, 17.426712560461478 ], [ 78.39625079330709, 17.41768277451845 ], [ 78.386844822474487, 17.417559634857614 ], [ 78.386716283122396, 17.426589352997571 ] ] ] } },
{ "type": "Feature", "properties": { "grid_id": "HYD_0336" }, "geometry": { "type": "Polygon", "coordinates": [ [ [ 78.386844822474487, 17.417559634857614 ], [ 78.39625079330709, 17.41768277451845 ], [ 78.396378794357361, 17.408652979495297 ], [ 78.386973284644242, 17.408529907631106 ], [ 78.386844822474487, 17.417559634857614 ] ] ] } },
{ "type": "Feature", "properties": { "grid_id": "HYD_0337" }, "geometry": { "type": "Polygon", "coordinates": [ [ [ 78.386973284644242, 17.408529907631106 ], [ 78.396378794357361, 17.408652979495297 ], [ 78.396506718519703, 17.399623175396286 ], [ 78.387101669649269, 17.39950017132233 ], [ 78.386973284644242, 17.408529907631106 ] ] ] } },
{ "type": "Feature", "properties": { "grid_id": "HYD_0338" }, "geometry": { "type": "Polygon", "coordinates": [ [ [ 78.387101669649269, 17.39950017132233 ], [ 78.396506718519703, 17.399623175396286 ], [ 78.396634565811695, 17.390593362225708 ], [ 78.387229977507218, 17.390470425935575 ], [ 78.387101669649269, 17.39950017132233 ] ] ] } },
{ "type": "Feature", "properties": { "grid_id": "HYD_0339" }, "geometry": { "type": "Polygon", "coordinates": [ [ [ 78.387229977507218, 17.390470425935575 ], [ 78.396634565811695, 17.390593362225708 ], [ 78.396762336250859, 17.381563539987834 ], [ 78.387358208235668, 17.381440671475122 ], [ 78.387229977507218, 17.390470425935575 ] ] ] } },
{ "type": "Feature", "properties": { "grid_id": "HYD_0340" }, "geometry": { "type": "Polygon", "coordinates": [ [ [ 78.387358208235668, 17.381440671475122 ], [ 78.396762336250859, 17.381563539987834 ], [ 78.396890029854745, 17.372533708686959 ], [ 78.38748636185224, 17.37241090794527 ], [ 78.387358208235668, 17.381440671475122 ] ] ] } },
{ "type": "Feature", "properties": { "grid_id": "HYD_0341" }, "geometry": { "type": "Polygon", "coordinates": [ [ [ 78.38748636185224, 17.37241090794527 ], [ 78.396890029854745, 17.372533708686959 ], [ 78.397017646640862, 17.36350386832736 ], [ 78.38761443837447, 17.363381135350284 ], [ 78.38748636185224, 17.37241090794527 ] ] ] } },
{ "type": "Feature", "properties": { "grid_id": "HYD_0342" }, "geometry": { "type": "Polygon", "coordinates": [ [ [ 78.38761443837447, 17.363381135350284 ], [ 78.397017646640862, 17.36350386832736 ], [ 78.397145186626716, 17.354474018913322 ], [ 78.387742437819952, 17.354351353694469 ], [ 78.38761443837447, 17.363381135350284 ] ] ] } },
{ "type": "Feature", "properties": { "grid_id": "HYD_0343" }, "geometry": { "type": "Polygon", "coordinates": [ [ [ 78.387742437819952, 17.354351353694469 ], [ 78.397145186626716, 17.354474018913322 ], [ 78.397272649829773, 17.345444160449137 ], [ 78.38787036020625, 17.345321562982114 ], [ 78.387742437819952, 17.354351353694469 ] ] ] } },
{ "type": "Feature", "properties": { "grid_id": "HYD_0344" }, "geometry": { "type": "Polygon", "coordinates": [ [ [ 78.38787036020625, 17.345321562982114 ], [ 78.397272649829773, 17.345444160449137 ], [ 78.397400036267555, 17.336414292939079 ], [ 78.3879982055509, 17.336291763217503 ], [ 78.38787036020625, 17.345321562982114 ] ] ] } },
{ "type": "Feature", "properties": { "grid_id": "HYD_0345" }, "geometry": { "type": "Polygon", "coordinates": [ [ [ 78.3879982055509, 17.336291763217503 ], [ 78.397400036267555, 17.336414292939079 ], [ 78.397527345957499, 17.327384416387449 ], [ 78.388125973871411, 17.327261954404936 ], [ 78.3879982055509, 17.336291763217503 ] ] ] } },
{ "type": "Feature", "properties": { "grid_id": "HYD_0346" }, "geometry": { "type": "Polygon", "coordinates": [ [ [ 78.388125973871411, 17.327261954404936 ], [ 78.397527345957499, 17.327384416387449 ], [ 78.39765457891707, 17.318354530798519 ], [ 78.388253665185331, 17.318232136548694 ], [ 78.388125973871411, 17.327261954404936 ] ] ] } },
{ "type": "Feature", "properties": { "grid_id": "HYD_0347" }, "geometry": { "type": "Polygon", "coordinates": [ [ [ 78.388253665185331, 17.318232136548694 ], [ 78.39765457891707, 17.318354530798519 ], [ 78.397781735163733, 17.309324636176584 ], [ 78.388381279510142, 17.309202309653067 ], [ 78.388253665185331, 17.318232136548694 ] ] ] } },
{ "type": "Feature", "properties": { "grid_id": "HYD_0348" }, "geometry": { "type": "Polygon", "coordinates": [ [ [ 78.388381279510142, 17.309202309653067 ], [ 78.397781735163733, 17.309324636176584 ], [ 78.397908814714867, 17.300294732525924 ], [ 78.388508816863336, 17.300172473722359 ], [ 78.388381279510142, 17.309202309653067 ] ] ] } },
{ "type": "Feature", "properties": { "grid_id": "HYD_0349" }, "geometry": { "type": "Polygon", "coordinates": [ [ [ 78.388508816863336, 17.300172473722359 ], [ 78.397908814714867, 17.300294732525924 ], [ 78.398035817587925, 17.291264819850845 ], [ 78.388636277262407, 17.291142628760856 ], [ 78.388508816863336, 17.300172473722359 ] ] ] } },
{ "type": "Feature", "properties": { "grid_id": "HYD_0350" }, "geometry": { "type": "Polygon", "coordinates": [ [ [ 78.388636277262407, 17.291142628760856 ], [ 78.398035817587925, 17.291264819850845 ], [ 78.398162743800299, 17.282234898155622 ], [ 78.38876366072482, 17.282112774772845 ], [ 78.388636277262407, 17.291142628760856 ] ] ] } },
{ "type": "Feature", "properties": { "grid_id": "HYD_0351" }, "geometry": { "type": "Polygon", "coordinates": [ [ [ 78.38876366072482, 17.282112774772845 ], [ 78.398162743800299, 17.282234898155622 ], [ 78.398289593369398, 17.273204967444549 ], [ 78.388890967268026, 17.273082911762636 ], [ 78.38876366072482, 17.282112774772845 ] ] ] } },
{ "type": "Feature", "properties": { "grid_id": "HYD_0352" }, "geometry": { "type": "Polygon", "coordinates": [ [ [ 78.388890967268026, 17.273082911762636 ], [ 78.398289593369398, 17.273204967444549 ], [ 78.398416366312574, 17.264175027721919 ], [ 78.389018196909461, 17.264053039734506 ], [ 78.388890967268026, 17.273082911762636 ] ] ] } },
{ "type": "Feature", "properties": { "grid_id": "HYD_0353" }, "geometry": { "type": "Polygon", "coordinates": [ [ [ 78.389018196909461, 17.264053039734506 ], [ 78.398416366312574, 17.264175027721919 ], [ 78.398543062647221, 17.255145078992008 ], [ 78.389145349666549, 17.255023158692754 ], [ 78.389018196909461, 17.264053039734506 ] ] ] } },
{ "type": "Feature", "properties": { "grid_id": "HYD_0354" }, "geometry": { "type": "Polygon", "coordinates": [ [ [ 78.389145349666549, 17.255023158692754 ], [ 78.398543062647221, 17.255145078992008 ], [ 78.398669682390675, 17.246115121259123 ], [ 78.389272425556726, 17.245993268641691 ], [ 78.389145349666549, 17.255023158692754 ] ] ] } },
{ "type": "Feature", "properties": { "grid_id": "HYD_0355" }, "geometry": { "type": "Polygon", "coordinates": [ [ [ 78.389272425556726, 17.245993268641691 ], [ 78.398669682390675, 17.246115121259123 ], [ 78.398796225560289, 17.237085154527563 ], [ 78.389399424597386, 17.236963369585602 ], [ 78.389272425556726, 17.245993268641691 ] ] ] } },
{ "type": "Feature", "properties": { "grid_id": "HYD_0356" }, "geometry": { "type": "Polygon", "coordinates": [ [ [ 78.389399424597386, 17.236963369585602 ], [ 78.398796225560289, 17.237085154527563 ], [ 78.398922692173386, 17.228055178801604 ], [ 78.389526346805908, 17.227933461528782 ], [ 78.389399424597386, 17.236963369585602 ] ] ] } },
{ "type": "Feature", "properties": { "grid_id": "HYD_0357" }, "geometry": { "type": "Polygon", "coordinates": [ [ [ 78.389526346805908, 17.227933461528782 ], [ 78.398922692173386, 17.228055178801604 ], [ 78.399049082247274, 17.219025194085546 ], [ 78.389653192199688, 17.218903544475527 ], [ 78.389526346805908, 17.227933461528782 ] ] ] } },
{ "type": "Feature", "properties": { "grid_id": "HYD_0358" }, "geometry": { "type": "Polygon", "coordinates": [ [ [ 78.389653192199688, 17.218903544475527 ], [ 78.399049082247274, 17.219025194085546 ], [ 78.39917539579929, 17.209995200383691 ], [ 78.389779960796091, 17.209873618430152 ], [ 78.389653192199688, 17.218903544475527 ] ] ] } },
{ "type": "Feature", "properties": { "grid_id": "HYD_0359" }, "geometry": { "type": "Polygon", "coordinates": [ [ [ 78.389779960796091, 17.209873618430152 ], [ 78.39917539579929, 17.209995200383691 ], [ 78.399301632846687, 17.200965197700324 ], [ 78.389906652612481, 17.200843683396936 ], [ 78.389779960796091, 17.209873618430152 ] ] ] } },
{ "type": "Feature", "properties": { "grid_id": "HYD_0360" }, "geometry": { "type": "Polygon", "coordinates": [ [ [ 78.393674598693423, 17.598276762464128 ], [ 78.403089927400003, 17.59840081163091 ], [ 78.403219003227989, 17.589371131341391 ], [ 78.393804141207951, 17.589247149856234 ], [ 78.393674598693423, 17.598276762464128 ] ] ] } },
{ "type": "Feature", "properties": { "grid_id": "HYD_0361" }, "geometry": { "type": "Polygon", "coordinates": [ [ [ 78.393804141207951, 17.589247149856234 ], [ 78.403219003227989, 17.589371131341391 ], [ 78.403348002092386, 17.580341441896994 ], [ 78.3939336064808, 17.58021752808699 ], [ 78.393804141207951, 17.589247149856234 ] ] ] } },
{ "type": "Feature", "properties": { "grid_id": "HYD_0362" }, "geometry": { "type": "Polygon", "coordinates": [ [ [ 78.3939336064808, 17.58021752808699 ], [ 78.403348002092386, 17.580341441896994 ], [ 78.403476924010945, 17.571311743301983 ], [ 78.394062994529804, 17.571187897160652 ], [ 78.3939336064808, 17.58021752808699 ] ] ] } },
{ "type": "Feature", "properties": { "grid_id": "HYD_0363" }, "geometry": { "type": "Polygon", "coordinates": [ [ [ 78.394062994529804, 17.571187897160652 ], [ 78.403476924010945, 17.571311743301983 ], [ 78.403605769001388, 17.562282035560624 ], [ 78.394192305372741, 17.562158257081499 ], [ 78.394062994529804, 17.571187897160652 ] ] ] } },
{ "type": "Feature", "properties": { "grid_id": "HYD_0364" }, "geometry": { "type": "Polygon", "coordinates": [ [ [ 78.394192305372741, 17.562158257081499 ], [ 78.403605769001388, 17.562282035560624 ], [ 78.403734537081448, 17.553252318677181 ], [ 78.394321539027416, 17.5531286078538 ], [ 78.394192305372741, 17.562158257081499 ] ] ] } },
{ "type": "Feature", "properties": { "grid_id": "HYD_0365" }, "geometry": { "type": "Polygon", "coordinates": [ [ [ 78.394321539027416, 17.5531286078538 ], [ 78.403734537081448, 17.553252318677181 ], [ 78.403863228268804, 17.544222592655917 ], [ 78.394450695511566, 17.544098949481821 ], [ 78.394321539027416, 17.5531286078538 ] ] ] } },
{ "type": "Feature", "properties": { "grid_id": "HYD_0366" }, "geometry": { "type": "Polygon", "coordinates": [ [ [ 78.394450695511566, 17.544098949481821 ], [ 78.403863228268804, 17.544222592655917 ], [ 78.403991842581192, 17.535192857501102 ], [ 78.394579774842967, 17.535069281969839 ], [ 78.394450695511566, 17.544098949481821 ] ] ] } },
{ "type": "Feature", "properties": { "grid_id": "HYD_0367" }, "geometry": { "type": "Polygon", "coordinates": [ [ [ 78.394579774842967, 17.535069281969839 ], [ 78.403991842581192, 17.535192857501102 ], [ 78.404120380036247, 17.526163113217009 ], [ 78.394708777039355, 17.526039605322126 ], [ 78.394579774842967, 17.535069281969839 ] ] ] } },
{ "type": "Feature", "properties": { "grid_id": "HYD_0368" }, "geometry": { "type": "Polygon", "coordinates": [ [ [ 78.394708777039355, 17.526039605322126 ], [ 78.404120380036247, 17.526163113217009 ], [ 78.404248840651675, 17.517133359807904 ], [ 78.39483770211848, 17.517009919542954 ], [ 78.394708777039355, 17.526039605322126 ] ] ] } },
{ "type": "Feature", "properties": { "grid_id": "HYD_0369" }, "geometry": { "type": "Polygon", "coordinates": [ [ [ 78.39483770211848, 17.517009919542954 ], [ 78.404248840651675, 17.517133359807904 ], [ 78.404377224445085, 17.508103597278058 ], [ 78.394966550098033, 17.507980224636597 ], [ 78.39483770211848, 17.517009919542954 ] ] ] } },
{ "type": "Feature", "properties": { "grid_id": "HYD_0370" }, "geometry": { "type": "Polygon", "coordinates": [ [ [ 78.394966550098033, 17.507980224636597 ], [ 78.404377224445085, 17.508103597278058 ], [ 78.404505531434182, 17.499073825631744 ], [ 78.395095320995736, 17.49895052060733 ], [ 78.394966550098033, 17.507980224636597 ] ] ] } },
{ "type": "Feature", "properties": { "grid_id": "HYD_0371" }, "geometry": { "type": "Polygon", "coordinates": [ [ [ 78.395095320995736, 17.49895052060733 ], [ 78.404505531434182, 17.499073825631744 ], [ 78.404633761636546, 17.490044044873219 ], [ 78.395224014829296, 17.48992080745942 ], [ 78.395095320995736, 17.49895052060733 ] ] ] } },
{ "type": "Feature", "properties": { "grid_id": "HYD_0372" }, "geometry": { "type": "Polygon", "coordinates": [ [ [ 78.395224014829296, 17.48992080745942 ], [ 78.404633761636546, 17.490044044873219 ], [ 78.404761915069813, 17.48101425500677 ], [ 78.395352631616362, 17.48089108519715 ], [ 78.395224014829296, 17.48992080745942 ] ] ] } },
{ "type": "Feature", "properties": { "grid_id": "HYD_0373" }, "geometry": { "type": "Polygon", "coordinates": [ [ [ 78.395352631616362, 17.48089108519715 ], [ 78.404761915069813, 17.48101425500677 ], [ 78.404889991751588, 17.471984456036655 ], [ 78.395481171374641, 17.471861353824796 ], [ 78.395352631616362, 17.48089108519715 ] ] ] } },
{ "type": "Feature", "properties": { "grid_id": "HYD_0374" }, "geometry": { "type": "Polygon", "coordinates": [ [ [ 78.395481171374641, 17.471861353824796 ], [ 78.404889991751588, 17.471984456036655 ], [ 78.405017991699467, 17.462954647967155 ], [ 78.39560963412174, 17.462831613346633 ], [ 78.395481171374641, 17.471861353824796 ] ] ] } },
{ "type": "Feature", "properties": { "grid_id": "HYD_0375" }, "geometry": { "type": "Polygon", "coordinates": [ [ [ 78.39560963412174, 17.462831613346633 ], [ 78.405017991699467, 17.462954647967155 ], [ 78.405145914931012, 17.453924830802553 ], [ 78.395738019875353, 17.453801863766945 ], [ 78.39560963412174, 17.462831613346633 ] ] ] } },
{ "type": "Feature", "properties": { "grid_id": "HYD_0376" }, "geometry": { "type": "Polygon", "coordinates": [ [ [ 78.395738019875353, 17.453801863766945 ], [ 78.405145914931012, 17.453924830802553 ], [ 78.405273761463818, 17.444895004547099 ], [ 78.395866328653071, 17.44477210509001 ], [ 78.395738019875353, 17.453801863766945 ] ] ] } },
{ "type": "Feature", "properties": { "grid_id": "HYD_0377" }, "geometry": { "type": "Polygon", "coordinates": [ [ [ 78.395866328653071, 17.44477210509001 ], [ 78.405273761463818, 17.444895004547099 ], [ 78.40540153131542, 17.435865169205091 ], [ 78.395994560472545, 17.435742337320093 ], [ 78.395866328653071, 17.44477210509001 ] ] ] } },
{ "type": "Feature", "properties": { "grid_id": "HYD_0378" }, "geometry": { "type": "Polygon", "coordinates": [ [ [ 78.395994560472545, 17.435742337320093 ], [ 78.40540153131542, 17.435865169205091 ], [ 78.405529224503368, 17.426835324780786 ], [ 78.396122715351339, 17.426712560461478 ], [ 78.395994560472545, 17.435742337320093 ] ] ] } },
{ "type": "Feature", "properties": { "grid_id": "HYD_0379" }, "geometry": { "type": "Polygon", "coordinates": [ [ [ 78.396122715351339, 17.426712560461478 ], [ 78.405529224503368, 17.426835324780786 ], [ 78.405656841045186, 17.41780547127847 ], [ 78.39625079330709, 17.41768277451845 ], [ 78.396122715351339, 17.426712560461478 ] ] ] } },
{ "type": "Feature", "properties": { "grid_id": "HYD_0380" }, "geometry": { "type": "Polygon", "coordinates": [ [ [ 78.39625079330709, 17.41768277451845 ], [ 78.405656841045186, 17.41780547127847 ], [ 78.405784380958394, 17.40877560870242 ], [ 78.396378794357361, 17.408652979495297 ], [ 78.39625079330709, 17.41768277451845 ] ] ] } },
{ "type": "Feature", "properties": { "grid_id": "HYD_0381" }, "geometry": { "type": "Polygon", "coordinates": [ [ [ 78.396378794357361, 17.408652979495297 ], [ 78.405784380958394, 17.40877560870242 ], [ 78.405911844260501, 17.399745737056907 ], [ 78.396506718519703, 17.399623175396286 ], [ 78.396378794357361, 17.408652979495297 ] ] ] } },
{ "type": "Feature", "properties": { "grid_id": "HYD_0382" }, "geometry": { "type": "Polygon", "coordinates": [ [ [ 78.396506718519703, 17.399623175396286 ], [ 78.405911844260501, 17.399745737056907 ], [ 78.406039230968986, 17.390715856346212 ], [ 78.396634565811695, 17.390593362225708 ], [ 78.396506718519703, 17.399623175396286 ] ] ] } },
{ "type": "Feature", "properties": { "grid_id": "HYD_0383" }, "geometry": { "type": "Polygon", "coordinates": [ [ [ 78.396634565811695, 17.390593362225708 ], [ 78.406039230968986, 17.390715856346212 ], [ 78.406166541101342, 17.381685966574615 ], [ 78.396762336250859, 17.381563539987834 ], [ 78.396634565811695, 17.390593362225708 ] ] ] } },
{ "type": "Feature", "properties": { "grid_id": "HYD_0384" }, "geometry": { "type": "Polygon", "coordinates": [ [ [ 78.396762336250859, 17.381563539987834 ], [ 78.406166541101342, 17.381685966574615 ], [ 78.406293774675035, 17.372656067746391 ], [ 78.396890029854745, 17.372533708686959 ], [ 78.396762336250859, 17.381563539987834 ] ] ] } },
{ "type": "Feature", "properties": { "grid_id": "HYD_0385" }, "geometry": { "type": "Polygon", "coordinates": [ [ [ 78.396890029854745, 17.372533708686959 ], [ 78.406293774675035, 17.372656067746391 ], [ 78.406420931707515, 17.36362615986582 ], [ 78.397017646640862, 17.36350386832736 ], [ 78.396890029854745, 17.372533708686959 ] ] ] } },
{ "type": "Feature", "properties": { "grid_id": "HYD_0386" }, "geometry": { "type": "Polygon", "coordinates": [ [ [ 78.397017646640862, 17.36350386832736 ], [ 78.406420931707515, 17.36362615986582 ], [ 78.406548012216234, 17.354596242937188 ], [ 78.397145186626716, 17.354474018913322 ], [ 78.397017646640862, 17.36350386832736 ] ] ] } },
{ "type": "Feature", "properties": { "grid_id": "HYD_0387" }, "geometry": { "type": "Polygon", "coordinates": [ [ [ 78.397145186626716, 17.354474018913322 ], [ 78.406548012216234, 17.354596242937188 ], [ 78.4066750162186, 17.345566316964764 ], [ 78.397272649829773, 17.345444160449137 ], [ 78.397145186626716, 17.354474018913322 ] ] ] } },
{ "type": "Feature", "properties": { "grid_id": "HYD_0388" }, "geometry": { "type": "Polygon", "coordinates": [ [ [ 78.397272649829773, 17.345444160449137 ], [ 78.4066750162186, 17.345566316964764 ], [ 78.406801943732034, 17.33653638195284 ], [ 78.397400036267555, 17.336414292939079 ], [ 78.397272649829773, 17.345444160449137 ] ] ] } },
{ "type": "Feature", "properties": { "grid_id": "HYD_0389" }, "geometry": { "type": "Polygon", "coordinates": [ [ [ 78.397400036267555, 17.336414292939079 ], [ 78.406801943732034, 17.33653638195284 ], [ 78.406928794773961, 17.327506437905697 ], [ 78.397527345957499, 17.327384416387449 ], [ 78.397400036267555, 17.336414292939079 ] ] ] } },
{ "type": "Feature", "properties": { "grid_id": "HYD_0390" }, "geometry": { "type": "Polygon", "coordinates": [ [ [ 78.397527345957499, 17.327384416387449 ], [ 78.406928794773961, 17.327506437905697 ], [ 78.407055569361759, 17.318476484827613 ], [ 78.39765457891707, 17.318354530798519 ], [ 78.397527345957499, 17.327384416387449 ] ] ] } },
{ "type": "Feature", "properties": { "grid_id": "HYD_0391" }, "geometry": { "type": "Polygon", "coordinates": [ [ [ 78.39765457891707, 17.318354530798519 ], [ 78.407055569361759, 17.318476484827613 ], [ 78.407182267512795, 17.309446522722869 ], [ 78.397781735163733, 17.309324636176584 ], [ 78.39765457891707, 17.318354530798519 ] ] ] } },
{ "type": "Feature", "properties": { "grid_id": "HYD_0392" }, "geometry": { "type": "Polygon", "coordinates": [ [ [ 78.397781735163733, 17.309324636176584 ], [ 78.407182267512795, 17.309446522722869 ], [ 78.407308889244476, 17.30041655159576 ], [ 78.397908814714867, 17.300294732525924 ], [ 78.397781735163733, 17.309324636176584 ] ] ] } },
{ "type": "Feature", "properties": { "grid_id": "HYD_0393" }, "geometry": { "type": "Polygon", "coordinates": [ [ [ 78.397908814714867, 17.300294732525924 ], [ 78.407308889244476, 17.30041655159576 ], [ 78.407435434574111, 17.291386571450559 ], [ 78.398035817587925, 17.291264819850845 ], [ 78.397908814714867, 17.300294732525924 ] ] ] } },
{ "type": "Feature", "properties": { "grid_id": "HYD_0394" }, "geometry": { "type": "Polygon", "coordinates": [ [ [ 78.398035817587925, 17.291264819850845 ], [ 78.407435434574111, 17.291386571450559 ], [ 78.407561903519081, 17.282356582291555 ], [ 78.398162743800299, 17.282234898155622 ], [ 78.398035817587925, 17.291264819850845 ] ] ] } },
{ "type": "Feature", "properties": { "grid_id": "HYD_0395" }, "geometry": { "type": "Polygon", "coordinates": [ [ [ 78.398162743800299, 17.282234898155622 ], [ 78.407561903519081, 17.282356582291555 ], [ 78.40768829609668, 17.273326584123041 ], [ 78.398289593369398, 17.273204967444549 ], [ 78.398162743800299, 17.282234898155622 ] ] ] } },
{ "type": "Feature", "properties": { "grid_id": "HYD_0396" }, "geometry": { "type": "Polygon", "coordinates": [ [ [ 78.398289593369398, 17.273204967444549 ], [ 78.40768829609668, 17.273326584123041 ], [ 78.407814612324245, 17.264296576949292 ], [ 78.398416366312574, 17.264175027721919 ], [ 78.398289593369398, 17.273204967444549 ] ] ] } },
{ "type": "Feature", "properties": { "grid_id": "HYD_0397" }, "geometry": { "type": "Polygon", "coordinates": [ [ [ 78.398416366312574, 17.264175027721919 ], [ 78.407814612324245, 17.264296576949292 ], [ 78.407940852219085, 17.255266560774597 ], [ 78.398543062647221, 17.255145078992008 ], [ 78.398416366312574, 17.264175027721919 ] ] ] } },
{ "type": "Feature", "properties": { "grid_id": "HYD_0398" }, "geometry": { "type": "Polygon", "coordinates": [ [ [ 78.398543062647221, 17.255145078992008 ], [ 78.407940852219085, 17.255266560774597 ], [ 78.40806701579848, 17.246236535603252 ], [ 78.398669682390675, 17.246115121259123 ], [ 78.398543062647221, 17.255145078992008 ] ] ] } },
{ "type": "Feature", "properties": { "grid_id": "HYD_0399" }, "geometry": { "type": "Polygon", "coordinates": [ [ [ 78.398669682390675, 17.246115121259123 ], [ 78.40806701579848, 17.246236535603252 ], [ 78.408193103079711, 17.237206501439537 ], [ 78.398796225560289, 17.237085154527563 ], [ 78.398669682390675, 17.246115121259123 ] ] ] } },
{ "type": "Feature", "properties": { "grid_id": "HYD_0400" }, "geometry": { "type": "Polygon", "coordinates": [ [ [ 78.398796225560289, 17.237085154527563 ], [ 78.408193103079711, 17.237206501439537 ], [ 78.408319114080058, 17.228176458287752 ], [ 78.398922692173386, 17.228055178801604 ], [ 78.398796225560289, 17.237085154527563 ] ] ] } },
{ "type": "Feature", "properties": { "grid_id": "HYD_0401" }, "geometry": { "type": "Polygon", "coordinates": [ [ [ 78.398922692173386, 17.228055178801604 ], [ 78.408319114080058, 17.228176458287752 ], [ 78.408445048816759, 17.219146406152166 ], [ 78.399049082247274, 17.219025194085546 ], [ 78.398922692173386, 17.228055178801604 ] ] ] } },
{ "type": "Feature", "properties": { "grid_id": "HYD_0402" }, "geometry": { "type": "Polygon", "coordinates": [ [ [ 78.399049082247274, 17.219025194085546 ], [ 78.408445048816759, 17.219146406152166 ], [ 78.408570907307066, 17.210116345037086 ], [ 78.39917539579929, 17.209995200383691 ], [ 78.399049082247274, 17.219025194085546 ] ] ] } },
{ "type": "Feature", "properties": { "grid_id": "HYD_0403" }, "geometry": { "type": "Polygon", "coordinates": [ [ [ 78.39917539579929, 17.209995200383691 ], [ 78.408570907307066, 17.210116345037086 ], [ 78.408696689568217, 17.201086274946803 ], [ 78.399301632846687, 17.200965197700324 ], [ 78.39917539579929, 17.209995200383691 ] ] ] } },
{ "type": "Feature", "properties": { "grid_id": "HYD_0404" }, "geometry": { "type": "Polygon", "coordinates": [ [ [ 78.403089927400003, 17.59840081163091 ], [ 78.412505333087907, 17.598524413000728 ], [ 78.412633942211599, 17.589494665273811 ], [ 78.403219003227989, 17.589371131341391 ], [ 78.403089927400003, 17.59840081163091 ] ] ] } },
{ "type": "Feature", "properties": { "grid_id": "HYD_0405" }, "geometry": { "type": "Polygon", "coordinates": [ [ [ 78.403219003227989, 17.589371131341391 ], [ 78.412633942211599, 17.589494665273811 ], [ 78.412762474649796, 17.580464908398476 ], [ 78.403348002092386, 17.580341441896994 ], [ 78.403219003227989, 17.589371131341391 ] ] ] } },
{ "type": "Feature", "properties": { "grid_id": "HYD_0406" }, "geometry": { "type": "Polygon", "coordinates": [ [ [ 78.403348002092386, 17.580341441896994 ], [ 78.412762474649796, 17.580464908398476 ], [ 78.412890930420176, 17.57143514237897 ], [ 78.403476924010945, 17.571311743301983 ], [ 78.403348002092386, 17.580341441896994 ] ] ] } },
{ "type": "Feature", "properties": { "grid_id": "HYD_0407" }, "geometry": { "type": "Polygon", "coordinates": [ [ [ 78.403476924010945, 17.571311743301983 ], [ 78.412890930420176, 17.57143514237897 ], [ 78.413019309540417, 17.562405367219558 ], [ 78.403605769001388, 17.562282035560624 ], [ 78.403476924010945, 17.571311743301983 ] ] ] } },
{ "type": "Feature", "properties": { "grid_id": "HYD_0408" }, "geometry": { "type": "Polygon", "coordinates": [ [ [ 78.403605769001388, 17.562282035560624 ], [ 78.413019309540417, 17.562405367219558 ], [ 78.413147612028155, 17.55337558292451 ], [ 78.403734537081448, 17.553252318677181 ], [ 78.403605769001388, 17.562282035560624 ] ] ] } },
{ "type": "Feature", "properties": { "grid_id": "HYD_0409" }, "geometry": { "type": "Polygon", "coordinates": [ [ [ 78.403734537081448, 17.553252318677181 ], [ 78.413147612028155, 17.55337558292451 ], [ 78.41327583790104, 17.544345789498074 ], [ 78.403863228268804, 17.544222592655917 ], [ 78.403734537081448, 17.553252318677181 ] ] ] } },
{ "type": "Feature", "properties": { "grid_id": "HYD_0410" }, "geometry": { "type": "Polygon", "coordinates": [ [ [ 78.403863228268804, 17.544222592655917 ], [ 78.41327583790104, 17.544345789498074 ], [ 78.413403987176721, 17.535315986944521 ], [ 78.403991842581192, 17.535192857501102 ], [ 78.403863228268804, 17.544222592655917 ] ] ] } },
{ "type": "Feature", "properties": { "grid_id": "HYD_0411" }, "geometry": { "type": "Polygon", "coordinates": [ [ [ 78.403991842581192, 17.535192857501102 ], [ 78.413403987176721, 17.535315986944521 ], [ 78.413532059872779, 17.526286175268119 ], [ 78.404120380036247, 17.526163113217009 ], [ 78.403991842581192, 17.535192857501102 ] ] ] } },
{ "type": "Feature", "properties": { "grid_id": "HYD_0412" }, "geometry": { "type": "Polygon", "coordinates": [ [ [ 78.404120380036247, 17.526163113217009 ], [ 78.413532059872779, 17.526286175268119 ], [ 78.413660056006847, 17.51725635447313 ], [ 78.404248840651675, 17.517133359807904 ], [ 78.404120380036247, 17.526163113217009 ] ] ] } },
{ "type": "Feature", "properties": { "grid_id": "HYD_0413" }, "geometry": { "type": "Polygon", "coordinates": [ [ [ 78.404248840651675, 17.517133359807904 ], [ 78.413660056006847, 17.51725635447313 ], [ 78.413787975596506, 17.508226524563813 ], [ 78.404377224445085, 17.508103597278058 ], [ 78.404248840651675, 17.517133359807904 ] ] ] } },
{ "type": "Feature", "properties": { "grid_id": "HYD_0414" }, "geometry": { "type": "Polygon", "coordinates": [ [ [ 78.404377224445085, 17.508103597278058 ], [ 78.413787975596506, 17.508226524563813 ], [ 78.413915818659333, 17.499196685544444 ], [ 78.404505531434182, 17.499073825631744 ], [ 78.404377224445085, 17.508103597278058 ] ] ] } },
{ "type": "Feature", "properties": { "grid_id": "HYD_0415" }, "geometry": { "type": "Polygon", "coordinates": [ [ [ 78.404505531434182, 17.499073825631744 ], [ 78.413915818659333, 17.499196685544444 ], [ 78.414043585212895, 17.490166837419284 ], [ 78.404633761636546, 17.490044044873219 ], [ 78.404505531434182, 17.499073825631744 ] ] ] } },
{ "type": "Feature", "properties": { "grid_id": "HYD_0416" }, "geometry": { "type": "Polygon", "coordinates": [ [ [ 78.404633761636546, 17.490044044873219 ], [ 78.414043585212895, 17.490166837419284 ], [ 78.414171275274754, 17.481136980192602 ], [ 78.404761915069813, 17.48101425500677 ], [ 78.404633761636546, 17.490044044873219 ] ] ] } },
{ "type": "Feature", "properties": { "grid_id": "HYD_0417" }, "geometry": { "type": "Polygon", "coordinates": [ [ [ 78.404761915069813, 17.48101425500677 ], [ 78.414171275274754, 17.481136980192602 ], [ 78.414298888862447, 17.472107113868656 ], [ 78.404889991751588, 17.471984456036655 ], [ 78.404761915069813, 17.48101425500677 ] ] ] } },
{ "type": "Feature", "properties": { "grid_id": "HYD_0418" }, "geometry": { "type": "Polygon", "coordinates": [ [ [ 78.404889991751588, 17.471984456036655 ], [ 78.414298888862447, 17.472107113868656 ], [ 78.414426425993511, 17.463077238451728 ], [ 78.405017991699467, 17.462954647967155 ], [ 78.404889991751588, 17.471984456036655 ] ] ] } },
{ "type": "Feature", "properties": { "grid_id": "HYD_0419" }, "geometry": { "type": "Polygon", "coordinates": [ [ [ 78.405017991699467, 17.462954647967155 ], [ 78.414426425993511, 17.463077238451728 ], [ 78.414553886685439, 17.454047353946088 ], [ 78.405145914931012, 17.453924830802553 ], [ 78.405017991699467, 17.462954647967155 ] ] ] } },
{ "type": "Feature", "properties": { "grid_id": "HYD_0420" }, "geometry": { "type": "Polygon", "coordinates": [ [ [ 78.405145914931012, 17.453924830802553 ], [ 78.414553886685439, 17.454047353946088 ], [ 78.414681270955754, 17.445017460355992 ], [ 78.405273761463818, 17.444895004547099 ], [ 78.405145914931012, 17.453924830802553 ] ] ] } },
{ "type": "Feature", "properties": { "grid_id": "HYD_0421" }, "geometry": { "type": "Polygon", "coordinates": [ [ [ 78.405273761463818, 17.444895004547099 ], [ 78.414681270955754, 17.445017460355992 ], [ 78.414808578821962, 17.435987557685721 ], [ 78.40540153131542, 17.435865169205091 ], [ 78.405273761463818, 17.444895004547099 ] ] ] } },
{ "type": "Feature", "properties": { "grid_id": "HYD_0422" }, "geometry": { "type": "Polygon", "coordinates": [ [ [ 78.40540153131542, 17.435865169205091 ], [ 78.414808578821962, 17.435987557685721 ], [ 78.414935810301515, 17.426957645939542 ], [ 78.405529224503368, 17.426835324780786 ], [ 78.40540153131542, 17.435865169205091 ] ] ] } },
{ "type": "Feature", "properties": { "grid_id": "HYD_0423" }, "geometry": { "type": "Polygon", "coordinates": [ [ [ 78.405529224503368, 17.426835324780786 ], [ 78.414935810301515, 17.426957645939542 ], [ 78.415062965411877, 17.417927725121725 ], [ 78.405656841045186, 17.41780547127847 ], [ 78.405529224503368, 17.426835324780786 ] ] ] } },
{ "type": "Feature", "properties": { "grid_id": "HYD_0424" }, "geometry": { "type": "Polygon", "coordinates": [ [ [ 78.405656841045186, 17.41780547127847 ], [ 78.415062965411877, 17.417927725121725 ], [ 78.415190044170529, 17.408897795236548 ], [ 78.405784380958394, 17.40877560870242 ], [ 78.405656841045186, 17.41780547127847 ] ] ] } },
{ "type": "Feature", "properties": { "grid_id": "HYD_0425" }, "geometry": { "type": "Polygon", "coordinates": [ [ [ 78.405784380958394, 17.40877560870242 ], [ 78.415190044170529, 17.408897795236548 ], [ 78.415317046594893, 17.399867856288282 ], [ 78.405911844260501, 17.399745737056907 ], [ 78.405784380958394, 17.40877560870242 ] ] ] } },
{ "type": "Feature", "properties": { "grid_id": "HYD_0426" }, "geometry": { "type": "Polygon", "coordinates": [ [ [ 78.405911844260501, 17.399745737056907 ], [ 78.415317046594893, 17.399867856288282 ], [ 78.41544397270242, 17.390837908281199 ], [ 78.406039230968986, 17.390715856346212 ], [ 78.405911844260501, 17.399745737056907 ] ] ] } },
{ "type": "Feature", "properties": { "grid_id": "HYD_0427" }, "geometry": { "type": "Polygon", "coordinates": [ [ [ 78.406039230968986, 17.390715856346212 ], [ 78.41544397270242, 17.390837908281199 ], [ 78.415570822510489, 17.381807951219574 ], [ 78.406166541101342, 17.381685966574615 ], [ 78.406039230968986, 17.390715856346212 ] ] ] } },
{ "type": "Feature", "properties": { "grid_id": "HYD_0428" }, "geometry": { "type": "Polygon", "coordinates": [ [ [ 78.406166541101342, 17.381685966574615 ], [ 78.415570822510489, 17.381807951219574 ], [ 78.415697596036537, 17.372777985107678 ], [ 78.406293774675035, 17.372656067746391 ], [ 78.406166541101342, 17.381685966574615 ] ] ] } },
{ "type": "Feature", "properties": { "grid_id": "HYD_0429" }, "geometry": { "type": "Polygon", "coordinates": [ [ [ 78.406293774675035, 17.372656067746391 ], [ 78.415697596036537, 17.372777985107678 ], [ 78.415824293297945, 17.363748009949788 ], [ 78.406420931707515, 17.36362615986582 ], [ 78.406293774675035, 17.372656067746391 ] ] ] } },
{ "type": "Feature", "properties": { "grid_id": "HYD_0430" }, "geometry": { "type": "Polygon", "coordinates": [ [ [ 78.406420931707515, 17.36362615986582 ], [ 78.415824293297945, 17.363748009949788 ], [ 78.415950914312077, 17.354718025750181 ], [ 78.406548012216234, 17.354596242937188 ], [ 78.406420931707515, 17.36362615986582 ] ] ] } },
{ "type": "Feature", "properties": { "grid_id": "HYD_0431" }, "geometry": { "type": "Polygon", "coordinates": [ [ [ 78.406548012216234, 17.354596242937188 ], [ 78.415950914312077, 17.354718025750181 ], [ 78.416077459096329, 17.345688032513138 ], [ 78.4066750162186, 17.345566316964764 ], [ 78.406548012216234, 17.354596242937188 ] ] ] } },
{ "type": "Feature", "properties": { "grid_id": "HYD_0432" }, "geometry": { "type": "Polygon", "coordinates": [ [ [ 78.4066750162186, 17.345566316964764 ], [ 78.416077459096329, 17.345688032513138 ], [ 78.416203927668036, 17.336658030242926 ], [ 78.406801943732034, 17.33653638195284 ], [ 78.4066750162186, 17.345566316964764 ] ] ] } },
{ "type": "Feature", "properties": { "grid_id": "HYD_0433" }, "geometry": { "type": "Polygon", "coordinates": [ [ [ 78.406801943732034, 17.33653638195284 ], [ 78.416203927668036, 17.336658030242926 ], [ 78.416330320044537, 17.327628018943834 ], [ 78.406928794773961, 17.327506437905697 ], [ 78.406801943732034, 17.33653638195284 ] ] ] } },
{ "type": "Feature", "properties": { "grid_id": "HYD_0434" }, "geometry": { "type": "Polygon", "coordinates": [ [ [ 78.406928794773961, 17.327506437905697 ], [ 78.416330320044537, 17.327628018943834 ], [ 78.416456636243183, 17.318597998620138 ], [ 78.407055569361759, 17.318476484827613 ], [ 78.406928794773961, 17.327506437905697 ] ] ] } },
{ "type": "Feature", "properties": { "grid_id": "HYD_0435" }, "geometry": { "type": "Polygon", "coordinates": [ [ [ 78.407055569361759, 17.318476484827613 ], [ 78.416456636243183, 17.318597998620138 ], [ 78.416582876281268, 17.309567969276106 ], [ 78.407182267512795, 17.309446522722869 ], [ 78.407055569361759, 17.318476484827613 ] ] ] } },
{ "type": "Feature", "properties": { "grid_id": "HYD_0436" }, "geometry": { "type": "Polygon", "coordinates": [ [ [ 78.407182267512795, 17.309446522722869 ], [ 78.416582876281268, 17.309567969276106 ], [ 78.416709040176102, 17.300537930916033 ], [ 78.407308889244476, 17.30041655159576 ], [ 78.407182267512795, 17.309446522722869 ] ] ] } },
{ "type": "Feature", "properties": { "grid_id": "HYD_0437" }, "geometry": { "type": "Polygon", "coordinates": [ [ [ 78.407308889244476, 17.30041655159576 ], [ 78.416709040176102, 17.300537930916033 ], [ 78.416835127944992, 17.291507883544188 ], [ 78.407435434574111, 17.291386571450559 ], [ 78.407308889244476, 17.30041655159576 ] ] ] } },
{ "type": "Feature", "properties": { "grid_id": "HYD_0438" }, "geometry": { "type": "Polygon", "coordinates": [ [ [ 78.407435434574111, 17.291386571450559 ], [ 78.416835127944992, 17.291507883544188 ], [ 78.416961139605192, 17.282477827164858 ], [ 78.407561903519081, 17.282356582291555 ], [ 78.407435434574111, 17.291386571450559 ] ] ] } },
{ "type": "Feature", "properties": { "grid_id": "HYD_0439" }, "geometry": { "type": "Polygon", "coordinates": [ [ [ 78.407561903519081, 17.282356582291555 ], [ 78.416961139605192, 17.282477827164858 ], [ 78.41708707517401, 17.273447761782322 ], [ 78.40768829609668, 17.273326584123041 ], [ 78.407561903519081, 17.282356582291555 ] ] ] } },
{ "type": "Feature", "properties": { "grid_id": "HYD_0440" }, "geometry": { "type": "Polygon", "coordinates": [ [ [ 78.40768829609668, 17.273326584123041 ], [ 78.41708707517401, 17.273447761782322 ], [ 78.41721293466864, 17.264417687400869 ], [ 78.407814612324245, 17.264296576949292 ], [ 78.40768829609668, 17.273326584123041 ] ] ] } },
{ "type": "Feature", "properties": { "grid_id": "HYD_0441" }, "geometry": { "type": "Polygon", "coordinates": [ [ [ 78.407814612324245, 17.264296576949292 ], [ 78.41721293466864, 17.264417687400869 ], [ 78.417338718106379, 17.255387604024762 ], [ 78.407940852219085, 17.255266560774597 ], [ 78.407814612324245, 17.264296576949292 ] ] ] } },
{ "type": "Feature", "properties": { "grid_id": "HYD_0442" }, "geometry": { "type": "Polygon", "coordinates": [ [ [ 78.407940852219085, 17.255266560774597 ], [ 78.417338718106379, 17.255387604024762 ], [ 78.417464425504434, 17.24635751165831 ], [ 78.40806701579848, 17.246236535603252 ], [ 78.407940852219085, 17.255266560774597 ] ] ] } },
{ "type": "Feature", "properties": { "grid_id": "HYD_0443" }, "geometry": { "type": "Polygon", "coordinates": [ [ [ 78.40806701579848, 17.246236535603252 ], [ 78.417464425504434, 17.24635751165831 ], [ 78.41759005688003, 17.237327410305788 ], [ 78.408193103079711, 17.237206501439537 ], [ 78.40806701579848, 17.246236535603252 ] ] ] } },
{ "type": "Feature", "properties": { "grid_id": "HYD_0444" }, "geometry": { "type": "Polygon", "coordinates": [ [ [ 78.408193103079711, 17.237206501439537 ], [ 78.41759005688003, 17.237327410305788 ], [ 78.417715612250376, 17.228297299971466 ], [ 78.408319114080058, 17.228176458287752 ], [ 78.408193103079711, 17.237206501439537 ] ] ] } },
{ "type": "Feature", "properties": { "grid_id": "HYD_0445" }, "geometry": { "type": "Polygon", "coordinates": [ [ [ 78.408319114080058, 17.228176458287752 ], [ 78.417715612250376, 17.228297299971466 ], [ 78.417841091632638, 17.219267180659649 ], [ 78.408445048816759, 17.219146406152166 ], [ 78.408319114080058, 17.228176458287752 ] ] ] } },
{ "type": "Feature", "properties": { "grid_id": "HYD_0446" }, "geometry": { "type": "Polygon", "coordinates": [ [ [ 78.408445048816759, 17.219146406152166 ], [ 78.417841091632638, 17.219267180659649 ], [ 78.417966495044013, 17.210237052374623 ], [ 78.408570907307066, 17.210116345037086 ], [ 78.408445048816759, 17.219146406152166 ] ] ] } },
{ "type": "Feature", "properties": { "grid_id": "HYD_0447" }, "geometry": { "type": "Polygon", "coordinates": [ [ [ 78.408570907307066, 17.210116345037086 ], [ 78.417966495044013, 17.210237052374623 ], [ 78.41809182250168, 17.201206915120661 ], [ 78.408696689568217, 17.201086274946803 ], [ 78.408570907307066, 17.210116345037086 ] ] ] } },
{ "type": "Feature", "properties": { "grid_id": "HYD_0448" }, "geometry": { "type": "Polygon", "coordinates": [ [ [ 78.412376647261027, 17.607554151574949 ], [ 78.421792596652253, 17.607677372331313 ], [ 78.421920815478998, 17.598647566557503 ], [ 78.412505333087907, 17.598524413000728 ], [ 78.412376647261027, 17.607554151574949 ] ] ] } },
{ "type": "Feature", "properties": { "grid_id": "HYD_0449" }, "geometry": { "type": "Polygon", "coordinates": [ [ [ 78.412505333087907, 17.598524413000728 ], [ 78.421920815478998, 17.598647566557503 ], [ 78.422048957880705, 17.58961775163743 ], [ 78.412633942211599, 17.589494665273811 ], [ 78.412505333087907, 17.598524413000728 ] ] ] } },
{ "type": "Feature", "properties": { "grid_id": "HYD_0450" }, "geometry": { "type": "Polygon", "coordinates": [ [ [ 78.412633942211599, 17.589494665273811 ], [ 78.422048957880705, 17.58961775163743 ], [ 78.422177023875022, 17.580587927575369 ], [ 78.412762474649796, 17.580464908398476 ], [ 78.412633942211599, 17.589494665273811 ] ] ] } },
{ "type": "Feature", "properties": { "grid_id": "HYD_0451" }, "geometry": { "type": "Polygon", "coordinates": [ [ [ 78.412762474649796, 17.580464908398476 ], [ 78.422177023875022, 17.580587927575369 ], [ 78.422305013479573, 17.571558094375565 ], [ 78.412890930420176, 17.57143514237897 ], [ 78.412762474649796, 17.580464908398476 ] ] ] } },
{ "type": "Feature", "properties": { "grid_id": "HYD_0452" }, "geometry": { "type": "Polygon", "coordinates": [ [ [ 78.412890930420176, 17.57143514237897 ], [ 78.422305013479573, 17.571558094375565 ], [ 78.422432926711934, 17.562528252042277 ], [ 78.413019309540417, 17.562405367219558 ], [ 78.412890930420176, 17.57143514237897 ] ] ] } },
{ "type": "Feature", "properties": { "grid_id": "HYD_0453" }, "geometry": { "type": "Polygon", "coordinates": [ [ [ 78.413019309540417, 17.562405367219558 ], [ 78.422432926711934, 17.562528252042277 ], [ 78.422560763589715, 17.553498400579759 ], [ 78.413147612028155, 17.55337558292451 ], [ 78.413019309540417, 17.562405367219558 ] ] ] } },
{ "type": "Feature", "properties": { "grid_id": "HYD_0454" }, "geometry": { "type": "Polygon", "coordinates": [ [ [ 78.413147612028155, 17.55337558292451 ], [ 78.422560763589715, 17.553498400579759 ], [ 78.422688524130507, 17.544468539992284 ], [ 78.41327583790104, 17.544345789498074 ], [ 78.413147612028155, 17.55337558292451 ] ] ] } },
{ "type": "Feature", "properties": { "grid_id": "HYD_0455" }, "geometry": { "type": "Polygon", "coordinates": [ [ [ 78.41327583790104, 17.544345789498074 ], [ 78.422688524130507, 17.544468539992284 ], [ 78.422816208351847, 17.535438670284094 ], [ 78.413403987176721, 17.535315986944521 ], [ 78.41327583790104, 17.544345789498074 ] ] ] } },
{ "type": "Feature", "properties": { "grid_id": "HYD_0456" }, "geometry": { "type": "Polygon", "coordinates": [ [ [ 78.413403987176721, 17.535315986944521 ], [ 78.422816208351847, 17.535438670284094 ], [ 78.422943816271314, 17.526408791459456 ], [ 78.413532059872779, 17.526286175268119 ], [ 78.413403987176721, 17.535315986944521 ] ] ] } },
{ "type": "Feature", "properties": { "grid_id": "HYD_0457" }, "geometry": { "type": "Polygon", "coordinates": [ [ [ 78.413532059872779, 17.526286175268119 ], [ 78.422943816271314, 17.526408791459456 ], [ 78.423071347906443, 17.517378903522633 ], [ 78.413660056006847, 17.51725635447313 ], [ 78.413532059872779, 17.526286175268119 ] ] ] } },
{ "type": "Feature", "properties": { "grid_id": "HYD_0458" }, "geometry": { "type": "Polygon", "coordinates": [ [ [ 78.413660056006847, 17.51725635447313 ], [ 78.423071347906443, 17.517378903522633 ], [ 78.423198803274744, 17.508349006477882 ], [ 78.413787975596506, 17.508226524563813 ], [ 78.413660056006847, 17.51725635447313 ] ] ] } },
{ "type": "Feature", "properties": { "grid_id": "HYD_0459" }, "geometry": { "type": "Polygon", "coordinates": [ [ [ 78.413787975596506, 17.508226524563813 ], [ 78.423198803274744, 17.508349006477882 ], [ 78.423326182393751, 17.499319100329465 ], [ 78.413915818659333, 17.499196685544444 ], [ 78.413787975596506, 17.508226524563813 ] ] ] } },
{ "type": "Feature", "properties": { "grid_id": "HYD_0460" }, "geometry": { "type": "Polygon", "coordinates": [ [ [ 78.413915818659333, 17.499196685544444 ], [ 78.423326182393751, 17.499319100329465 ], [ 78.423453485280945, 17.49028918508165 ], [ 78.414043585212895, 17.490166837419284 ], [ 78.413915818659333, 17.499196685544444 ] ] ] } },
{ "type": "Feature", "properties": { "grid_id": "HYD_0461" }, "geometry": { "type": "Polygon", "coordinates": [ [ [ 78.414043585212895, 17.490166837419284 ], [ 78.423453485280945, 17.49028918508165 ], [ 78.423580711953861, 17.481259260738696 ], [ 78.414171275274754, 17.481136980192602 ], [ 78.414043585212895, 17.490166837419284 ] ] ] } },
{ "type": "Feature", "properties": { "grid_id": "HYD_0462" }, "geometry": { "type": "Polygon", "coordinates": [ [ [ 78.414171275274754, 17.481136980192602 ], [ 78.423580711953861, 17.481259260738696 ], [ 78.423707862429936, 17.472229327304866 ], [ 78.414298888862447, 17.472107113868656 ], [ 78.414171275274754, 17.481136980192602 ] ] ] } },
{ "type": "Feature", "properties": { "grid_id": "HYD_0463" }, "geometry": { "type": "Polygon", "coordinates": [ [ [ 78.414298888862447, 17.472107113868656 ], [ 78.423707862429936, 17.472229327304866 ], [ 78.423834936726664, 17.463199384784424 ], [ 78.414426425993511, 17.463077238451728 ], [ 78.414298888862447, 17.472107113868656 ] ] ] } },
{ "type": "Feature", "properties": { "grid_id": "HYD_0464" }, "geometry": { "type": "Polygon", "coordinates": [ [ [ 78.414426425993511, 17.463077238451728 ], [ 78.423834936726664, 17.463199384784424 ], [ 78.423961934861481, 17.454169433181637 ], [ 78.414553886685439, 17.454047353946088 ], [ 78.414426425993511, 17.463077238451728 ] ] ] } },
{ "type": "Feature", "properties": { "grid_id": "HYD_0465" }, "geometry": { "type": "Polygon", "coordinates": [ [ [ 78.414553886685439, 17.454047353946088 ], [ 78.423961934861481, 17.454169433181637 ], [ 78.424088856851824, 17.445139472500767 ], [ 78.414681270955754, 17.445017460355992 ], [ 78.414553886685439, 17.454047353946088 ] ] ] } },
{ "type": "Feature", "properties": { "grid_id": "HYD_0466" }, "geometry": { "type": "Polygon", "coordinates": [ [ [ 78.414681270955754, 17.445017460355992 ], [ 78.424088856851824, 17.445139472500767 ], [ 78.424215702715145, 17.436109502746085 ], [ 78.414808578821962, 17.435987557685721 ], [ 78.414681270955754, 17.445017460355992 ] ] ] } },
{ "type": "Feature", "properties": { "grid_id": "HYD_0467" }, "geometry": { "type": "Polygon", "coordinates": [ [ [ 78.414808578821962, 17.435987557685721 ], [ 78.424215702715145, 17.436109502746085 ], [ 78.424342472468823, 17.427079523921854 ], [ 78.414935810301515, 17.426957645939542 ], [ 78.414808578821962, 17.435987557685721 ] ] ] } },
{ "type": "Feature", "properties": { "grid_id": "HYD_0468" }, "geometry": { "type": "Polygon", "coordinates": [ [ [ 78.414935810301515, 17.426957645939542 ], [ 78.424342472468823, 17.427079523921854 ], [ 78.424469166130308, 17.418049536032338 ], [ 78.415062965411877, 17.417927725121725 ], [ 78.414935810301515, 17.426957645939542 ] ] ] } },
{ "type": "Feature", "properties": { "grid_id": "HYD_0469" }, "geometry": { "type": "Polygon", "coordinates": [ [ [ 78.415062965411877, 17.417927725121725 ], [ 78.424469166130308, 17.418049536032338 ], [ 78.424595783716953, 17.409019539081818 ], [ 78.415190044170529, 17.408897795236548 ], [ 78.415062965411877, 17.417927725121725 ] ] ] } },
{ "type": "Feature", "properties": { "grid_id": "HYD_0470" }, "geometry": { "type": "Polygon", "coordinates": [ [ [ 78.415190044170529, 17.408897795236548 ], [ 78.424595783716953, 17.409019539081818 ], [ 78.424722325246151, 17.39998953307455 ], [ 78.415317046594893, 17.399867856288282 ], [ 78.415190044170529, 17.408897795236548 ] ] ] } },
{ "type": "Feature", "properties": { "grid_id": "HYD_0471" }, "geometry": { "type": "Polygon", "coordinates": [ [ [ 78.415317046594893, 17.399867856288282 ], [ 78.424722325246151, 17.39998953307455 ], [ 78.424848790735268, 17.390959518014807 ], [ 78.41544397270242, 17.390837908281199 ], [ 78.415317046594893, 17.399867856288282 ] ] ] } },
{ "type": "Feature", "properties": { "grid_id": "HYD_0472" }, "geometry": { "type": "Polygon", "coordinates": [ [ [ 78.41544397270242, 17.390837908281199 ], [ 78.424848790735268, 17.390959518014807 ], [ 78.42497518020167, 17.38192949390686 ], [ 78.415570822510489, 17.381807951219574 ], [ 78.41544397270242, 17.390837908281199 ] ] ] } },
{ "type": "Feature", "properties": { "grid_id": "HYD_0473" }, "geometry": { "type": "Polygon", "coordinates": [ [ [ 78.415570822510489, 17.381807951219574 ], [ 78.42497518020167, 17.38192949390686 ], [ 78.425101493662666, 17.372899460754979 ], [ 78.415697596036537, 17.372777985107678 ], [ 78.415570822510489, 17.381807951219574 ] ] ] } },
{ "type": "Feature", "properties": { "grid_id": "HYD_0474" }, "geometry": { "type": "Polygon", "coordinates": [ [ [ 78.415697596036537, 17.372777985107678 ], [ 78.425101493662666, 17.372899460754979 ], [ 78.425227731135621, 17.363869418563432 ], [ 78.415824293297945, 17.363748009949788 ], [ 78.415697596036537, 17.372777985107678 ] ] ] } },
{ "type": "Feature", "properties": { "grid_id": "HYD_0475" }, "geometry": { "type": "Polygon", "coordinates": [ [ [ 78.415824293297945, 17.363748009949788 ], [ 78.425227731135621, 17.363869418563432 ], [ 78.42535389263783, 17.354839367336503 ], [ 78.415950914312077, 17.354718025750181 ], [ 78.415824293297945, 17.363748009949788 ] ] ] } },
{ "type": "Feature", "properties": { "grid_id": "HYD_0476" }, "geometry": { "type": "Polygon", "coordinates": [ [ [ 78.415950914312077, 17.354718025750181 ], [ 78.42535389263783, 17.354839367336503 ], [ 78.425479978186601, 17.345809307078451 ], [ 78.416077459096329, 17.345688032513138 ], [ 78.415950914312077, 17.354718025750181 ] ] ] } },
{ "type": "Feature", "properties": { "grid_id": "HYD_0477" }, "geometry": { "type": "Polygon", "coordinates": [ [ [ 78.416077459096329, 17.345688032513138 ], [ 78.425479978186601, 17.345809307078451 ], [ 78.42560598779923, 17.33677923779355 ], [ 78.416203927668036, 17.336658030242926 ], [ 78.416077459096329, 17.345688032513138 ] ] ] } },
{ "type": "Feature", "properties": { "grid_id": "HYD_0478" }, "geometry": { "type": "Polygon", "coordinates": [ [ [ 78.416203927668036, 17.336658030242926 ], [ 78.42560598779923, 17.33677923779355 ], [ 78.425731921492996, 17.327749159486086 ], [ 78.416330320044537, 17.327628018943834 ], [ 78.416203927668036, 17.336658030242926 ] ] ] } },
{ "type": "Feature", "properties": { "grid_id": "HYD_0479" }, "geometry": { "type": "Polygon", "coordinates": [ [ [ 78.416330320044537, 17.327628018943834 ], [ 78.425731921492996, 17.327749159486086 ], [ 78.425857779285153, 17.31871907216032 ], [ 78.416456636243183, 17.318597998620138 ], [ 78.416330320044537, 17.327628018943834 ] ] ] } },
{ "type": "Feature", "properties": { "grid_id": "HYD_0480" }, "geometry": { "type": "Polygon", "coordinates": [ [ [ 78.416456636243183, 17.318597998620138 ], [ 78.425857779285153, 17.31871907216032 ], [ 78.425983561192979, 17.309688975820524 ], [ 78.416582876281268, 17.309567969276106 ], [ 78.416456636243183, 17.318597998620138 ] ] ] } },
{ "type": "Feature", "properties": { "grid_id": "HYD_0481" }, "geometry": { "type": "Polygon", "coordinates": [ [ [ 78.416582876281268, 17.309567969276106 ], [ 78.425983561192979, 17.309688975820524 ], [ 78.426109267233699, 17.30065887047099 ], [ 78.416709040176102, 17.300537930916033 ], [ 78.416582876281268, 17.309567969276106 ] ] ] } },
{ "type": "Feature", "properties": { "grid_id": "HYD_0482" }, "geometry": { "type": "Polygon", "coordinates": [ [ [ 78.416709040176102, 17.300537930916033 ], [ 78.426109267233699, 17.30065887047099 ], [ 78.426234897424536, 17.291628756115987 ], [ 78.416835127944992, 17.291507883544188 ], [ 78.416709040176102, 17.300537930916033 ] ] ] } },
{ "type": "Feature", "properties": { "grid_id": "HYD_0483" }, "geometry": { "type": "Polygon", "coordinates": [ [ [ 78.416835127944992, 17.291507883544188 ], [ 78.426234897424536, 17.291628756115987 ], [ 78.426360451782728, 17.282598632759782 ], [ 78.416961139605192, 17.282477827164858 ], [ 78.416835127944992, 17.291507883544188 ] ] ] } },
{ "type": "Feature", "properties": { "grid_id": "HYD_0484" }, "geometry": { "type": "Polygon", "coordinates": [ [ [ 78.416961139605192, 17.282477827164858 ], [ 78.426360451782728, 17.282598632759782 ], [ 78.42648593032547, 17.273568500406672 ], [ 78.41708707517401, 17.273447761782322 ], [ 78.416961139605192, 17.282477827164858 ] ] ] } },
{ "type": "Feature", "properties": { "grid_id": "HYD_0485" }, "geometry": { "type": "Polygon", "coordinates": [ [ [ 78.41708707517401, 17.273447761782322 ], [ 78.42648593032547, 17.273568500406672 ], [ 78.426611333069957, 17.264538359060914 ], [ 78.41721293466864, 17.264417687400869 ], [ 78.41708707517401, 17.273447761782322 ] ] ] } },
{ "type": "Feature", "properties": { "grid_id": "HYD_0486" }, "geometry": { "type": "Polygon", "coordinates": [ [ [ 78.41721293466864, 17.264417687400869 ], [ 78.426611333069957, 17.264538359060914 ], [ 78.426736660033356, 17.255508208726798 ], [ 78.417338718106379, 17.255387604024762 ], [ 78.41721293466864, 17.264417687400869 ] ] ] } },
{ "type": "Feature", "properties": { "grid_id": "HYD_0487" }, "geometry": { "type": "Polygon", "coordinates": [ [ [ 78.417338718106379, 17.255387604024762 ], [ 78.426736660033356, 17.255508208726798 ], [ 78.426861911232862, 17.246478049408609 ], [ 78.417464425504434, 17.24635751165831 ], [ 78.417338718106379, 17.255387604024762 ] ] ] } },
{ "type": "Feature", "properties": { "grid_id": "HYD_0488" }, "geometry": { "type": "Polygon", "coordinates": [ [ [ 78.417464425504434, 17.24635751165831 ], [ 78.426861911232862, 17.246478049408609 ], [ 78.4269870866856, 17.237447881110612 ], [ 78.41759005688003, 17.237327410305788 ], [ 78.417464425504434, 17.24635751165831 ] ] ] } },
{ "type": "Feature", "properties": { "grid_id": "HYD_0489" }, "geometry": { "type": "Polygon", "coordinates": [ [ [ 78.41759005688003, 17.237327410305788 ], [ 78.4269870866856, 17.237447881110612 ], [ 78.427112186408735, 17.228417703837099 ], [ 78.417715612250376, 17.228297299971466 ], [ 78.41759005688003, 17.237327410305788 ] ] ] } },
{ "type": "Feature", "properties": { "grid_id": "HYD_0490" }, "geometry": { "type": "Polygon", "coordinates": [ [ [ 78.417715612250376, 17.228297299971466 ], [ 78.427112186408735, 17.228417703837099 ], [ 78.427237210419392, 17.219387517592345 ], [ 78.417841091632638, 17.219267180659649 ], [ 78.417715612250376, 17.228297299971466 ] ] ] } },
{ "type": "Feature", "properties": { "grid_id": "HYD_0491" }, "geometry": { "type": "Polygon", "coordinates": [ [ [ 78.417841091632638, 17.219267180659649 ], [ 78.427237210419392, 17.219387517592345 ], [ 78.427362158734681, 17.210357322380638 ], [ 78.417966495044013, 17.210237052374623 ], [ 78.417841091632638, 17.219267180659649 ] ] ] } },
{ "type": "Feature", "properties": { "grid_id": "HYD_0492" }, "geometry": { "type": "Polygon", "coordinates": [ [ [ 78.417966495044013, 17.210237052374623 ], [ 78.427362158734681, 17.210357322380638 ], [ 78.427487031371726, 17.201327118206258 ], [ 78.41809182250168, 17.201206915120661 ], [ 78.417966495044013, 17.210237052374623 ] ] ] } },
{ "type": "Feature", "properties": { "grid_id": "HYD_0493" }, "geometry": { "type": "Polygon", "coordinates": [ [ [ 78.421792596652253, 17.607677372331313 ], [ 78.431208622486167, 17.607800145014348 ], [ 78.431336374295114, 17.598770272285215 ], [ 78.421920815478998, 17.598647566557503 ], [ 78.421792596652253, 17.607677372331313 ] ] ] } },
{ "type": "Feature", "properties": { "grid_id": "HYD_0494" }, "geometry": { "type": "Polygon", "coordinates": [ [ [ 78.421920815478998, 17.598647566557503 ], [ 78.431336374295114, 17.598770272285215 ], [ 78.431464049957214, 17.589740390416242 ], [ 78.422048957880705, 17.58961775163743 ], [ 78.421920815478998, 17.598647566557503 ] ] ] } },
{ "type": "Feature", "properties": { "grid_id": "HYD_0495" }, "geometry": { "type": "Polygon", "coordinates": [ [ [ 78.422048957880705, 17.58961775163743 ], [ 78.431464049957214, 17.589740390416242 ], [ 78.431591649490031, 17.58071049941168 ], [ 78.422177023875022, 17.580587927575369 ], [ 78.422048957880705, 17.58961775163743 ] ] ] } },
{ "type": "Feature", "properties": { "grid_id": "HYD_0496" }, "geometry": { "type": "Polygon", "coordinates": [ [ [ 78.422177023875022, 17.580587927575369 ], [ 78.431591649490031, 17.58071049941168 ], [ 78.431719172911116, 17.571680599275776 ], [ 78.422305013479573, 17.571558094375565 ], [ 78.422177023875022, 17.580587927575369 ] ] ] } },
{ "type": "Feature", "properties": { "grid_id": "HYD_0497" }, "geometry": { "type": "Polygon", "coordinates": [ [ [ 78.422305013479573, 17.571558094375565 ], [ 78.431719172911116, 17.571680599275776 ], [ 78.431846620238034, 17.562650690012788 ], [ 78.422432926711934, 17.562528252042277 ], [ 78.422305013479573, 17.571558094375565 ] ] ] } },
{ "type": "Feature", "properties": { "grid_id": "HYD_0498" }, "geometry": { "type": "Polygon", "coordinates": [ [ [ 78.422432926711934, 17.562528252042277 ], [ 78.431846620238034, 17.562650690012788 ], [ 78.431973991488292, 17.553620771626974 ], [ 78.422560763589715, 17.553498400579759 ], [ 78.422432926711934, 17.562528252042277 ] ] ] } },
{ "type": "Feature", "properties": { "grid_id": "HYD_0499" }, "geometry": { "type": "Polygon", "coordinates": [ [ [ 78.422560763589715, 17.553498400579759 ], [ 78.431973991488292, 17.553620771626974 ], [ 78.432101286679398, 17.544590844122574 ], [ 78.422688524130507, 17.544468539992284 ], [ 78.422560763589715, 17.553498400579759 ] ] ] } },
{ "type": "Feature", "properties": { "grid_id": "HYD_0500" }, "geometry": { "type": "Polygon", "coordinates": [ [ [ 78.422688524130507, 17.544468539992284 ], [ 78.432101286679398, 17.544590844122574 ], [ 78.43222850582886, 17.535560907503857 ], [ 78.422816208351847, 17.535438670284094 ], [ 78.422688524130507, 17.544468539992284 ] ] ] } },
{ "type": "Feature", "properties": { "grid_id": "HYD_0501" }, "geometry": { "type": "Polygon", "coordinates": [ [ [ 78.422816208351847, 17.535438670284094 ], [ 78.43222850582886, 17.535560907503857 ], [ 78.432355648954186, 17.52653096177508 ], [ 78.422943816271314, 17.526408791459456 ], [ 78.422816208351847, 17.535438670284094 ] ] ] } },
{ "type": "Feature", "properties": { "grid_id": "HYD_0502" }, "geometry": { "type": "Polygon", "coordinates": [ [ [ 78.422943816271314, 17.526408791459456 ], [ 78.432355648954186, 17.52653096177508 ], [ 78.432482716072826, 17.517501006940488 ], [ 78.423071347906443, 17.517378903522633 ], [ 78.422943816271314, 17.526408791459456 ] ] ] } },
{ "type": "Feature", "properties": { "grid_id": "HYD_0503" }, "geometry": { "type": "Polygon", "coordinates": [ [ [ 78.423071347906443, 17.517378903522633 ], [ 78.432482716072826, 17.517501006940488 ], [ 78.432609707202261, 17.508471043004345 ], [ 78.423198803274744, 17.508349006477882 ], [ 78.423071347906443, 17.517378903522633 ] ] ] } },
{ "type": "Feature", "properties": { "grid_id": "HYD_0504" }, "geometry": { "type": "Polygon", "coordinates": [ [ [ 78.423198803274744, 17.508349006477882 ], [ 78.432609707202261, 17.508471043004345 ], [ 78.43273662235994, 17.499441069970906 ], [ 78.423326182393751, 17.499319100329465 ], [ 78.423198803274744, 17.508349006477882 ] ] ] } },
{ "type": "Feature", "properties": { "grid_id": "HYD_0505" }, "geometry": { "type": "Polygon", "coordinates": [ [ [ 78.423326182393751, 17.499319100329465 ], [ 78.43273662235994, 17.499441069970906 ], [ 78.432863461563315, 17.490411087844429 ], [ 78.423453485280945, 17.49028918508165 ], [ 78.423326182393751, 17.499319100329465 ] ] ] } },
{ "type": "Feature", "properties": { "grid_id": "HYD_0506" }, "geometry": { "type": "Polygon", "coordinates": [ [ [ 78.423453485280945, 17.49028918508165 ], [ 78.432863461563315, 17.490411087844429 ], [ 78.43299022482978, 17.481381096629171 ], [ 78.423580711953861, 17.481259260738696 ], [ 78.423453485280945, 17.49028918508165 ] ] ] } },
{ "type": "Feature", "properties": { "grid_id": "HYD_0507" }, "geometry": { "type": "Polygon", "coordinates": [ [ [ 78.423580711953861, 17.481259260738696 ], [ 78.43299022482978, 17.481381096629171 ], [ 78.433116912176786, 17.472351096329401 ], [ 78.423707862429936, 17.472229327304866 ], [ 78.423580711953861, 17.481259260738696 ] ] ] } },
{ "type": "Feature", "properties": { "grid_id": "HYD_0508" }, "geometry": { "type": "Polygon", "coordinates": [ [ [ 78.423707862429936, 17.472229327304866 ], [ 78.433116912176786, 17.472351096329401 ], [ 78.433243523621726, 17.463321086949371 ], [ 78.423834936726664, 17.463199384784424 ], [ 78.423707862429936, 17.472229327304866 ] ] ] } },
{ "type": "Feature", "properties": { "grid_id": "HYD_0509" }, "geometry": { "type": "Polygon", "coordinates": [ [ [ 78.423834936726664, 17.463199384784424 ], [ 78.433243523621726, 17.463321086949371 ], [ 78.433370059181968, 17.454291068493344 ], [ 78.423961934861481, 17.454169433181637 ], [ 78.423834936726664, 17.463199384784424 ] ] ] } },
{ "type": "Feature", "properties": { "grid_id": "HYD_0510" }, "geometry": { "type": "Polygon", "coordinates": [ [ [ 78.423961934861481, 17.454169433181637 ], [ 78.433370059181968, 17.454291068493344 ], [ 78.433496518874918, 17.445261040965576 ], [ 78.424088856851824, 17.445139472500767 ], [ 78.423961934861481, 17.454169433181637 ] ] ] } },
{ "type": "Feature", "properties": { "grid_id": "HYD_0511" }, "geometry": { "type": "Polygon", "coordinates": [ [ [ 78.424088856851824, 17.445139472500767 ], [ 78.433496518874918, 17.445261040965576 ], [ 78.433622902717929, 17.436231004370338 ], [ 78.424215702715145, 17.436109502746085 ], [ 78.424088856851824, 17.445139472500767 ] ] ] } },
{ "type": "Feature", "properties": { "grid_id": "HYD_0512" }, "geometry": { "type": "Polygon", "coordinates": [ [ [ 78.424215702715145, 17.436109502746085 ], [ 78.433622902717929, 17.436231004370338 ], [ 78.433749210728365, 17.427200958711893 ], [ 78.424342472468823, 17.427079523921854 ], [ 78.424215702715145, 17.436109502746085 ] ] ] } },
{ "type": "Feature", "properties": { "grid_id": "HYD_0513" }, "geometry": { "type": "Polygon", "coordinates": [ [ [ 78.424342472468823, 17.427079523921854 ], [ 78.433749210728365, 17.427200958711893 ], [ 78.433875442923551, 17.41817090399449 ], [ 78.424469166130308, 17.418049536032338 ], [ 78.424342472468823, 17.427079523921854 ] ] ] } },
{ "type": "Feature", "properties": { "grid_id": "HYD_0514" }, "geometry": { "type": "Polygon", "coordinates": [ [ [ 78.424469166130308, 17.418049536032338 ], [ 78.433875442923551, 17.41817090399449 ], [ 78.434001599320808, 17.409140840222406 ], [ 78.424595783716953, 17.409019539081818 ], [ 78.424469166130308, 17.418049536032338 ] ] ] } },
{ "type": "Feature", "properties": { "grid_id": "HYD_0515" }, "geometry": { "type": "Polygon", "coordinates": [ [ [ 78.424595783716953, 17.409019539081818 ], [ 78.434001599320808, 17.409140840222406 ], [ 78.434127679937475, 17.400110767399905 ], [ 78.424722325246151, 17.39998953307455 ], [ 78.424595783716953, 17.409019539081818 ] ] ] } },
{ "type": "Feature", "properties": { "grid_id": "HYD_0516" }, "geometry": { "type": "Polygon", "coordinates": [ [ [ 78.424722325246151, 17.39998953307455 ], [ 78.434127679937475, 17.400110767399905 ], [ 78.43425368479086, 17.391080685531243 ], [ 78.424848790735268, 17.390959518014807 ], [ 78.424722325246151, 17.39998953307455 ] ] ] } },
{ "type": "Feature", "properties": { "grid_id": "HYD_0517" }, "geometry": { "type": "Polygon", "coordinates": [ [ [ 78.424848790735268, 17.390959518014807 ], [ 78.43425368479086, 17.391080685531243 ], [ 78.43437961389823, 17.382050594620697 ], [ 78.42497518020167, 17.38192949390686 ], [ 78.424848790735268, 17.390959518014807 ] ] ] } },
{ "type": "Feature", "properties": { "grid_id": "HYD_0518" }, "geometry": { "type": "Polygon", "coordinates": [ [ [ 78.42497518020167, 17.38192949390686 ], [ 78.43437961389823, 17.382050594620697 ], [ 78.434505467276864, 17.373020494672534 ], [ 78.425101493662666, 17.372899460754979 ], [ 78.42497518020167, 17.38192949390686 ] ] ] } },
{ "type": "Feature", "properties": { "grid_id": "HYD_0519" }, "geometry": { "type": "Polygon", "coordinates": [ [ [ 78.425101493662666, 17.372899460754979 ], [ 78.434505467276864, 17.373020494672534 ], [ 78.434631244944043, 17.363990385691004 ], [ 78.425227731135621, 17.363869418563432 ], [ 78.425101493662666, 17.372899460754979 ] ] ] } },
{ "type": "Feature", "properties": { "grid_id": "HYD_0520" }, "geometry": { "type": "Polygon", "coordinates": [ [ [ 78.425227731135621, 17.363869418563432 ], [ 78.434631244944043, 17.363990385691004 ], [ 78.43475694691702, 17.354960267680394 ], [ 78.42535389263783, 17.354839367336503 ], [ 78.425227731135621, 17.363869418563432 ] ] ] } },
{ "type": "Feature", "properties": { "grid_id": "HYD_0521" }, "geometry": { "type": "Polygon", "coordinates": [ [ [ 78.42535389263783, 17.354839367336503 ], [ 78.43475694691702, 17.354960267680394 ], [ 78.434882573213017, 17.345930140644956 ], [ 78.425479978186601, 17.345809307078451 ], [ 78.42535389263783, 17.354839367336503 ] ] ] } },
{ "type": "Feature", "properties": { "grid_id": "HYD_0522" }, "geometry": { "type": "Polygon", "coordinates": [ [ [ 78.425479978186601, 17.345809307078451 ], [ 78.434882573213017, 17.345930140644956 ], [ 78.435008123849286, 17.336900004588976 ], [ 78.42560598779923, 17.33677923779355 ], [ 78.425479978186601, 17.345809307078451 ] ] ] } },
{ "type": "Feature", "properties": { "grid_id": "HYD_0523" }, "geometry": { "type": "Polygon", "coordinates": [ [ [ 78.42560598779923, 17.33677923779355 ], [ 78.435008123849286, 17.336900004588976 ], [ 78.435133598843038, 17.327869859516717 ], [ 78.425731921492996, 17.327749159486086 ], [ 78.42560598779923, 17.33677923779355 ] ] ] } },
{ "type": "Feature", "properties": { "grid_id": "HYD_0524" }, "geometry": { "type": "Polygon", "coordinates": [ [ [ 78.425731921492996, 17.327749159486086 ], [ 78.435133598843038, 17.327869859516717 ], [ 78.435258998211467, 17.318839705432442 ], [ 78.425857779285153, 17.31871907216032 ], [ 78.425731921492996, 17.327749159486086 ] ] ] } },
{ "type": "Feature", "properties": { "grid_id": "HYD_0525" }, "geometry": { "type": "Polygon", "coordinates": [ [ [ 78.425857779285153, 17.31871907216032 ], [ 78.435258998211467, 17.318839705432442 ], [ 78.435384321971782, 17.309809542340425 ], [ 78.425983561192979, 17.309688975820524 ], [ 78.425857779285153, 17.31871907216032 ] ] ] } },
{ "type": "Feature", "properties": { "grid_id": "HYD_0526" }, "geometry": { "type": "Polygon", "coordinates": [ [ [ 78.425983561192979, 17.309688975820524 ], [ 78.435384321971782, 17.309809542340425 ], [ 78.43550957014115, 17.300779370244943 ], [ 78.426109267233699, 17.30065887047099 ], [ 78.425983561192979, 17.309688975820524 ] ] ] } },
{ "type": "Feature", "properties": { "grid_id": "HYD_0527" }, "geometry": { "type": "Polygon", "coordinates": [ [ [ 78.426109267233699, 17.30065887047099 ], [ 78.43550957014115, 17.300779370244943 ], [ 78.435634742736738, 17.29174918915027 ], [ 78.426234897424536, 17.291628756115987 ], [ 78.426109267233699, 17.30065887047099 ] ] ] } },
{ "type": "Feature", "properties": { "grid_id": "HYD_0528" }, "geometry": { "type": "Polygon", "coordinates": [ [ [ 78.426234897424536, 17.291628756115987 ], [ 78.435634742736738, 17.29174918915027 ], [ 78.435759839775699, 17.282718999060659 ], [ 78.426360451782728, 17.282598632759782 ], [ 78.426234897424536, 17.291628756115987 ] ] ] } },
{ "type": "Feature", "properties": { "grid_id": "HYD_0529" }, "geometry": { "type": "Polygon", "coordinates": [ [ [ 78.426360451782728, 17.282598632759782 ], [ 78.435759839775699, 17.282718999060659 ], [ 78.435884861275184, 17.273688799980416 ], [ 78.42648593032547, 17.273568500406672 ], [ 78.426360451782728, 17.282598632759782 ] ] ] } },
{ "type": "Feature", "properties": { "grid_id": "HYD_0530" }, "geometry": { "type": "Polygon", "coordinates": [ [ [ 78.42648593032547, 17.273568500406672 ], [ 78.435884861275184, 17.273688799980416 ], [ 78.436009807252333, 17.264658591913786 ], [ 78.426611333069957, 17.264538359060914 ], [ 78.42648593032547, 17.273568500406672 ] ] ] } },
{ "type": "Feature", "properties": { "grid_id": "HYD_0531" }, "geometry": { "type": "Polygon", "coordinates": [ [ [ 78.426611333069957, 17.264538359060914 ], [ 78.436009807252333, 17.264658591913786 ], [ 78.43613467772424, 17.255628374865054 ], [ 78.426736660033356, 17.255508208726798 ], [ 78.426611333069957, 17.264538359060914 ] ] ] } },
{ "type": "Feature", "properties": { "grid_id": "HYD_0532" }, "geometry": { "type": "Polygon", "coordinates": [ [ [ 78.426736660033356, 17.255508208726798 ], [ 78.43613467772424, 17.255628374865054 ], [ 78.436259472708031, 17.246598148838498 ], [ 78.426861911232862, 17.246478049408609 ], [ 78.426736660033356, 17.255508208726798 ] ] ] } },
{ "type": "Feature", "properties": { "grid_id": "HYD_0533" }, "geometry": { "type": "Polygon", "coordinates": [ [ [ 78.426861911232862, 17.246478049408609 ], [ 78.436259472708031, 17.246598148838498 ], [ 78.436384192220771, 17.23756791383839 ], [ 78.4269870866856, 17.237447881110612 ], [ 78.426861911232862, 17.246478049408609 ] ] ] } },
{ "type": "Feature", "properties": { "grid_id": "HYD_0534" }, "geometry": { "type": "Polygon", "coordinates": [ [ [ 78.4269870866856, 17.237447881110612 ], [ 78.436384192220771, 17.23756791383839 ], [ 78.436508836279586, 17.228537669869006 ], [ 78.427112186408735, 17.228417703837099 ], [ 78.4269870866856, 17.237447881110612 ] ] ] } },
{ "type": "Feature", "properties": { "grid_id": "HYD_0535" }, "geometry": { "type": "Polygon", "coordinates": [ [ [ 78.427112186408735, 17.228417703837099 ], [ 78.436508836279586, 17.228537669869006 ], [ 78.436633404901499, 17.219507416934626 ], [ 78.427237210419392, 17.219387517592345 ], [ 78.427112186408735, 17.228417703837099 ] ] ] } },
{ "type": "Feature", "properties": { "grid_id": "HYD_0536" }, "geometry": { "type": "Polygon", "coordinates": [ [ [ 78.427237210419392, 17.219387517592345 ], [ 78.436633404901499, 17.219507416934626 ], [ 78.436757898103608, 17.210477155039534 ], [ 78.427362158734681, 17.210357322380638 ], [ 78.427237210419392, 17.219387517592345 ] ] ] } },
{ "type": "Feature", "properties": { "grid_id": "HYD_0537" }, "geometry": { "type": "Polygon", "coordinates": [ [ [ 78.427362158734681, 17.210357322380638 ], [ 78.436757898103608, 17.210477155039534 ], [ 78.436882315902906, 17.201446884187998 ], [ 78.427487031371726, 17.201327118206258 ], [ 78.427362158734681, 17.210357322380638 ] ] ] } },
{ "type": "Feature", "properties": { "grid_id": "HYD_0538" }, "geometry": { "type": "Polygon", "coordinates": [ [ [ 78.431208622486167, 17.607800145014348 ], [ 78.440624724484479, 17.607922469608081 ], [ 78.440752009258063, 17.598892530167916 ], [ 78.431336374295114, 17.598770272285215 ], [ 78.431208622486167, 17.607800145014348 ] ] ] } },
{ "type": "Feature", "properties": { "grid_id": "HYD_0539" }, "geometry": { "type": "Polygon", "coordinates": [ [ [ 78.431336374295114, 17.598770272285215 ], [ 78.440752009258063, 17.598892530167916 ], [ 78.440879218162976, 17.589862581594289 ], [ 78.431464049957214, 17.589740390416242 ], [ 78.431336374295114, 17.598770272285215 ] ] ] } },
{ "type": "Feature", "properties": { "grid_id": "HYD_0540" }, "geometry": { "type": "Polygon", "coordinates": [ [ [ 78.431464049957214, 17.589740390416242 ], [ 78.440879218162976, 17.589862581594289 ], [ 78.441006351216757, 17.580832623891467 ], [ 78.431591649490031, 17.58071049941168 ], [ 78.431464049957214, 17.589740390416242 ] ] ] } },
{ "type": "Feature", "properties": { "grid_id": "HYD_0541" }, "geometry": { "type": "Polygon", "coordinates": [ [ [ 78.431591649490031, 17.58071049941168 ], [ 78.441006351216757, 17.580832623891467 ], [ 78.441133408436869, 17.571802657063678 ], [ 78.431719172911116, 17.571680599275776 ], [ 78.431591649490031, 17.58071049941168 ] ] ] } },
{ "type": "Feature", "properties": { "grid_id": "HYD_0542" }, "geometry": { "type": "Polygon", "coordinates": [ [ [ 78.431719172911116, 17.571680599275776 ], [ 78.441133408436869, 17.571802657063678 ], [ 78.441260389840792, 17.562772681115181 ], [ 78.431846620238034, 17.562650690012788 ], [ 78.431719172911116, 17.571680599275776 ] ] ] } },
{ "type": "Feature", "properties": { "grid_id": "HYD_0543" }, "geometry": { "type": "Polygon", "coordinates": [ [ [ 78.431846620238034, 17.562650690012788 ], [ 78.441260389840792, 17.562772681115181 ], [ 78.441387295445992, 17.553742696050225 ], [ 78.431973991488292, 17.553620771626974 ], [ 78.431846620238034, 17.562650690012788 ] ] ] } },
{ "type": "Feature", "properties": { "grid_id": "HYD_0544" }, "geometry": { "type": "Polygon", "coordinates": [ [ [ 78.431973991488292, 17.553620771626974 ], [ 78.441387295445992, 17.553742696050225 ], [ 78.441514125269919, 17.54471270187306 ], [ 78.432101286679398, 17.544590844122574 ], [ 78.431973991488292, 17.553620771626974 ] ] ] } },
{ "type": "Feature", "properties": { "grid_id": "HYD_0545" }, "geometry": { "type": "Polygon", "coordinates": [ [ [ 78.432101286679398, 17.544590844122574 ], [ 78.441514125269919, 17.54471270187306 ], [ 78.441640879330023, 17.535682698587937 ], [ 78.43222850582886, 17.535560907503857 ], [ 78.432101286679398, 17.544590844122574 ] ] ] } },
{ "type": "Feature", "properties": { "grid_id": "HYD_0546" }, "geometry": { "type": "Polygon", "coordinates": [ [ [ 78.43222850582886, 17.535560907503857 ], [ 78.441640879330023, 17.535682698587937 ], [ 78.441767557643729, 17.526652686199107 ], [ 78.432355648954186, 17.52653096177508 ], [ 78.43222850582886, 17.535560907503857 ] ] ] } },
{ "type": "Feature", "properties": { "grid_id": "HYD_0547" }, "geometry": { "type": "Polygon", "coordinates": [ [ [ 78.432355648954186, 17.52653096177508 ], [ 78.441767557643729, 17.526652686199107 ], [ 78.441894160228429, 17.517622664710821 ], [ 78.432482716072826, 17.517501006940488 ], [ 78.432355648954186, 17.52653096177508 ] ] ] } },
{ "type": "Feature", "properties": { "grid_id": "HYD_0548" }, "geometry": { "type": "Polygon", "coordinates": [ [ [ 78.432482716072826, 17.517501006940488 ], [ 78.441894160228429, 17.517622664710821 ], [ 78.442020687101561, 17.508592634127332 ], [ 78.432609707202261, 17.508471043004345 ], [ 78.432482716072826, 17.517501006940488 ] ] ] } },
{ "type": "Feature", "properties": { "grid_id": "HYD_0549" }, "geometry": { "type": "Polygon", "coordinates": [ [ [ 78.432609707202261, 17.508471043004345 ], [ 78.442020687101561, 17.508592634127332 ], [ 78.442147138280461, 17.499562594452897 ], [ 78.43273662235994, 17.499441069970906 ], [ 78.432609707202261, 17.508471043004345 ] ] ] } },
{ "type": "Feature", "properties": { "grid_id": "HYD_0550" }, "geometry": { "type": "Polygon", "coordinates": [ [ [ 78.43273662235994, 17.499441069970906 ], [ 78.442147138280461, 17.499562594452897 ], [ 78.442273513782553, 17.490532545691767 ], [ 78.432863461563315, 17.490411087844429 ], [ 78.43273662235994, 17.499441069970906 ] ] ] } },
{ "type": "Feature", "properties": { "grid_id": "HYD_0551" }, "geometry": { "type": "Polygon", "coordinates": [ [ [ 78.432863461563315, 17.490411087844429 ], [ 78.442273513782553, 17.490532545691767 ], [ 78.442399813625187, 17.481502487848196 ], [ 78.43299022482978, 17.481381096629171 ], [ 78.432863461563315, 17.490411087844429 ] ] ] } },
{ "type": "Feature", "properties": { "grid_id": "HYD_0552" }, "geometry": { "type": "Polygon", "coordinates": [ [ [ 78.43299022482978, 17.481381096629171 ], [ 78.442399813625187, 17.481502487848196 ], [ 78.442526037825701, 17.472472420926437 ], [ 78.433116912176786, 17.472351096329401 ], [ 78.43299022482978, 17.481381096629171 ] ] ] } },
{ "type": "Feature", "properties": { "grid_id": "HYD_0553" }, "geometry": { "type": "Polygon", "coordinates": [ [ [ 78.433116912176786, 17.472351096329401 ], [ 78.442526037825701, 17.472472420926437 ], [ 78.44265218640146, 17.463442344930755 ], [ 78.433243523621726, 17.463321086949371 ], [ 78.433116912176786, 17.472351096329401 ] ] ] } },
{ "type": "Feature", "properties": { "grid_id": "HYD_0554" }, "geometry": { "type": "Polygon", "coordinates": [ [ [ 78.433243523621726, 17.463321086949371 ], [ 78.44265218640146, 17.463442344930755 ], [ 78.442778259369774, 17.454412259865396 ], [ 78.433370059181968, 17.454291068493344 ], [ 78.433243523621726, 17.463321086949371 ] ] ] } },
{ "type": "Feature", "properties": { "grid_id": "HYD_0555" }, "geometry": { "type": "Polygon", "coordinates": [ [ [ 78.433370059181968, 17.454291068493344 ], [ 78.442778259369774, 17.454412259865396 ], [ 78.442904256747951, 17.445382165734625 ], [ 78.433496518874918, 17.445261040965576 ], [ 78.433370059181968, 17.454291068493344 ] ] ] } },
{ "type": "Feature", "properties": { "grid_id": "HYD_0556" }, "geometry": { "type": "Polygon", "coordinates": [ [ [ 78.433496518874918, 17.445261040965576 ], [ 78.442904256747951, 17.445382165734625 ], [ 78.443030178553315, 17.436352062542692 ], [ 78.433622902717929, 17.436231004370338 ], [ 78.433496518874918, 17.445261040965576 ] ] ] } },
{ "type": "Feature", "properties": { "grid_id": "HYD_0557" }, "geometry": { "type": "Polygon", "coordinates": [ [ [ 78.433622902717929, 17.436231004370338 ], [ 78.443030178553315, 17.436352062542692 ], [ 78.443156024803145, 17.427321950293873 ], [ 78.433749210728365, 17.427200958711893 ], [ 78.433622902717929, 17.436231004370338 ] ] ] } },
{ "type": "Feature", "properties": { "grid_id": "HYD_0558" }, "geometry": { "type": "Polygon", "coordinates": [ [ [ 78.433749210728365, 17.427200958711893 ], [ 78.443156024803145, 17.427321950293873 ], [ 78.443281795514707, 17.418291828992409 ], [ 78.433875442923551, 17.41817090399449 ], [ 78.433749210728365, 17.427200958711893 ] ] ] } },
{ "type": "Feature", "properties": { "grid_id": "HYD_0559" }, "geometry": { "type": "Polygon", "coordinates": [ [ [ 78.433875442923551, 17.41817090399449 ], [ 78.443281795514707, 17.418291828992409 ], [ 78.443407490705283, 17.40926169864256 ], [ 78.434001599320808, 17.409140840222406 ], [ 78.433875442923551, 17.41817090399449 ] ] ] } },
{ "type": "Feature", "properties": { "grid_id": "HYD_0560" }, "geometry": { "type": "Polygon", "coordinates": [ [ [ 78.434001599320808, 17.409140840222406 ], [ 78.443407490705283, 17.40926169864256 ], [ 78.44353311039211, 17.400231559248596 ], [ 78.434127679937475, 17.400110767399905 ], [ 78.434001599320808, 17.409140840222406 ] ] ] } },
{ "type": "Feature", "properties": { "grid_id": "HYD_0561" }, "geometry": { "type": "Polygon", "coordinates": [ [ [ 78.434127679937475, 17.400110767399905 ], [ 78.44353311039211, 17.400231559248596 ], [ 78.44365865459244, 17.391201410814769 ], [ 78.43425368479086, 17.391080685531243 ], [ 78.434127679937475, 17.400110767399905 ] ] ] } },
{ "type": "Feature", "properties": { "grid_id": "HYD_0562" }, "geometry": { "type": "Polygon", "coordinates": [ [ [ 78.43425368479086, 17.391080685531243 ], [ 78.44365865459244, 17.391201410814769 ], [ 78.44378412332351, 17.382171253345359 ], [ 78.43437961389823, 17.382050594620697 ], [ 78.43425368479086, 17.391080685531243 ] ] ] } },
{ "type": "Feature", "properties": { "grid_id": "HYD_0563" }, "geometry": { "type": "Polygon", "coordinates": [ [ [ 78.43437961389823, 17.382050594620697 ], [ 78.44378412332351, 17.382171253345359 ], [ 78.443909516602517, 17.373141086844608 ], [ 78.434505467276864, 17.373020494672534 ], [ 78.43437961389823, 17.382050594620697 ] ] ] } },
{ "type": "Feature", "properties": { "grid_id": "HYD_0564" }, "geometry": { "type": "Polygon", "coordinates": [ [ [ 78.434505467276864, 17.373020494672534 ], [ 78.443909516602517, 17.373141086844608 ], [ 78.444034834446668, 17.364110911316779 ], [ 78.434631244944043, 17.363990385691004 ], [ 78.434505467276864, 17.373020494672534 ] ] ] } },
{ "type": "Feature", "properties": { "grid_id": "HYD_0565" }, "geometry": { "type": "Polygon", "coordinates": [ [ [ 78.434631244944043, 17.363990385691004 ], [ 78.444034834446668, 17.364110911316779 ], [ 78.44416007687316, 17.35508072676615 ], [ 78.43475694691702, 17.354960267680394 ], [ 78.434631244944043, 17.363990385691004 ] ] ] } },
{ "type": "Feature", "properties": { "grid_id": "HYD_0566" }, "geometry": { "type": "Polygon", "coordinates": [ [ [ 78.43475694691702, 17.354960267680394 ], [ 78.44416007687316, 17.35508072676615 ], [ 78.444285243899174, 17.346050533196976 ], [ 78.434882573213017, 17.345930140644956 ], [ 78.43475694691702, 17.354960267680394 ] ] ] } },
{ "type": "Feature", "properties": { "grid_id": "HYD_0567" }, "geometry": { "type": "Polygon", "coordinates": [ [ [ 78.434882573213017, 17.345930140644956 ], [ 78.444285243899174, 17.346050533196976 ], [ 78.44441033554186, 17.337020330613516 ], [ 78.435008123849286, 17.336900004588976 ], [ 78.434882573213017, 17.345930140644956 ] ] ] } },
{ "type": "Feature", "properties": { "grid_id": "HYD_0568" }, "geometry": { "type": "Polygon", "coordinates": [ [ [ 78.435008123849286, 17.336900004588976 ], [ 78.44441033554186, 17.337020330613516 ], [ 78.444535351818402, 17.327990119020058 ], [ 78.435133598843038, 17.327869859516717 ], [ 78.435008123849286, 17.336900004588976 ] ] ] } },
{ "type": "Feature", "properties": { "grid_id": "HYD_0569" }, "geometry": { "type": "Polygon", "coordinates": [ [ [ 78.435133598843038, 17.327869859516717 ], [ 78.444535351818402, 17.327990119020058 ], [ 78.444660292745908, 17.318959898420847 ], [ 78.435258998211467, 17.318839705432442 ], [ 78.435133598843038, 17.327869859516717 ] ] ] } },
{ "type": "Feature", "properties": { "grid_id": "HYD_0570" }, "geometry": { "type": "Polygon", "coordinates": [ [ [ 78.435258998211467, 17.318839705432442 ], [ 78.444660292745908, 17.318959898420847 ], [ 78.444785158341531, 17.309929668820153 ], [ 78.435384321971782, 17.309809542340425 ], [ 78.435258998211467, 17.318839705432442 ] ] ] } },
{ "type": "Feature", "properties": { "grid_id": "HYD_0571" }, "geometry": { "type": "Polygon", "coordinates": [ [ [ 78.435384321971782, 17.309809542340425 ], [ 78.444785158341531, 17.309929668820153 ], [ 78.444909948622382, 17.300899430222245 ], [ 78.43550957014115, 17.300779370244943 ], [ 78.435384321971782, 17.309809542340425 ] ] ] } },
{ "type": "Feature", "properties": { "grid_id": "HYD_0572" }, "geometry": { "type": "Polygon", "coordinates": [ [ [ 78.43550957014115, 17.300779370244943 ], [ 78.444909948622382, 17.300899430222245 ], [ 78.445034663605554, 17.291869182631398 ], [ 78.435634742736738, 17.29174918915027 ], [ 78.43550957014115, 17.300779370244943 ] ] ] } },
{ "type": "Feature", "properties": { "grid_id": "HYD_0573" }, "geometry": { "type": "Polygon", "coordinates": [ [ [ 78.435634742736738, 17.29174918915027 ], [ 78.445034663605554, 17.291869182631398 ], [ 78.445159303308145, 17.282838926051873 ], [ 78.435759839775699, 17.282718999060659 ], [ 78.435634742736738, 17.29174918915027 ] ] ] } },
{ "type": "Feature", "properties": { "grid_id": "HYD_0574" }, "geometry": { "type": "Polygon", "coordinates": [ [ [ 78.435759839775699, 17.282718999060659 ], [ 78.445159303308145, 17.282838926051873 ], [ 78.445283867747264, 17.273808660487941 ], [ 78.435884861275184, 17.273688799980416 ], [ 78.435759839775699, 17.282718999060659 ] ] ] } },
{ "type": "Feature", "properties": { "grid_id": "HYD_0575" }, "geometry": { "type": "Polygon", "coordinates": [ [ [ 78.435884861275184, 17.273688799980416 ], [ 78.445283867747264, 17.273808660487941 ], [ 78.445408356939936, 17.264778385943867 ], [ 78.436009807252333, 17.264658591913786 ], [ 78.435884861275184, 17.273688799980416 ] ] ] } },
{ "type": "Feature", "properties": { "grid_id": "HYD_0576" }, "geometry": { "type": "Polygon", "coordinates": [ [ [ 78.436009807252333, 17.264658591913786 ], [ 78.445408356939936, 17.264778385943867 ], [ 78.445532770903242, 17.255748102423929 ], [ 78.43613467772424, 17.255628374865054 ], [ 78.436009807252333, 17.264658591913786 ] ] ] } },
{ "type": "Feature", "properties": { "grid_id": "HYD_0577" }, "geometry": { "type": "Polygon", "coordinates": [ [ [ 78.43613467772424, 17.255628374865054 ], [ 78.445532770903242, 17.255748102423929 ], [ 78.445657109654221, 17.246717809932406 ], [ 78.436259472708031, 17.246598148838498 ], [ 78.43613467772424, 17.255628374865054 ] ] ] } },
{ "type": "Feature", "properties": { "grid_id": "HYD_0578" }, "geometry": { "type": "Polygon", "coordinates": [ [ [ 78.436259472708031, 17.246598148838498 ], [ 78.445657109654221, 17.246717809932406 ], [ 78.445781373209897, 17.237687508473542 ], [ 78.436384192220771, 17.23756791383839 ], [ 78.436259472708031, 17.246598148838498 ] ] ] } },
{ "type": "Feature", "properties": { "grid_id": "HYD_0579" }, "geometry": { "type": "Polygon", "coordinates": [ [ [ 78.436384192220771, 17.23756791383839 ], [ 78.445781373209897, 17.237687508473542 ], [ 78.44590556158731, 17.228657198051636 ], [ 78.436508836279586, 17.228537669869006 ], [ 78.436384192220771, 17.23756791383839 ] ] ] } },
{ "type": "Feature", "properties": { "grid_id": "HYD_0580" }, "geometry": { "type": "Polygon", "coordinates": [ [ [ 78.436508836279586, 17.228537669869006 ], [ 78.44590556158731, 17.228657198051636 ], [ 78.446029674803441, 17.219626878670947 ], [ 78.436633404901499, 17.219507416934626 ], [ 78.436508836279586, 17.228537669869006 ] ] ] } },
{ "type": "Feature", "properties": { "grid_id": "HYD_0581" }, "geometry": { "type": "Polygon", "coordinates": [ [ [ 78.436633404901499, 17.219507416934626 ], [ 78.446029674803441, 17.219626878670947 ], [ 78.446153712875287, 17.210596550335765 ], [ 78.436757898103608, 17.210477155039534 ], [ 78.436633404901499, 17.219507416934626 ] ] ] } },
{ "type": "Feature", "properties": { "grid_id": "HYD_0582" }, "geometry": { "type": "Polygon", "coordinates": [ [ [ 78.436757898103608, 17.210477155039534 ], [ 78.446153712875287, 17.210596550335765 ], [ 78.446277675819857, 17.201566213050345 ], [ 78.436882315902906, 17.201446884187998 ], [ 78.436757898103608, 17.210477155039534 ] ] ] } },
{ "type": "Feature", "properties": { "grid_id": "HYD_0583" }, "geometry": { "type": "Polygon", "coordinates": [ [ [ 78.440624724484479, 17.607922469608081 ], [ 78.450040902368983, 17.608044346096598 ], [ 78.450167720089667, 17.599014340189694 ], [ 78.440752009258063, 17.598892530167916 ], [ 78.440624724484479, 17.607922469608081 ] ] ] } },
{ "type": "Feature", "properties": { "grid_id": "HYD_0584" }, "geometry": { "type": "Polygon", "coordinates": [ [ [ 78.440752009258063, 17.598892530167916 ], [ 78.450167720089667, 17.599014340189694 ], [ 78.450294462219901, 17.58998432515569 ], [ 78.440879218162976, 17.589862581594289 ], [ 78.440752009258063, 17.598892530167916 ] ] ] } },
{ "type": "Feature", "properties": { "grid_id": "HYD_0585" }, "geometry": { "type": "Polygon", "coordinates": [ [ [ 78.440879218162976, 17.589862581594289 ], [ 78.450294462219901, 17.58998432515569 ], [ 78.450421128777137, 17.580954300998844 ], [ 78.441006351216757, 17.580832623891467 ], [ 78.440879218162976, 17.589862581594289 ] ] ] } },
{ "type": "Feature", "properties": { "grid_id": "HYD_0586" }, "geometry": { "type": "Polygon", "coordinates": [ [ [ 78.441006351216757, 17.580832623891467 ], [ 78.450421128777137, 17.580954300998844 ], [ 78.450547719778797, 17.571924267723396 ], [ 78.441133408436869, 17.571802657063678 ], [ 78.441006351216757, 17.580832623891467 ] ] ] } },
{ "type": "Feature", "properties": { "grid_id": "HYD_0587" }, "geometry": { "type": "Polygon", "coordinates": [ [ [ 78.441133408436869, 17.571802657063678 ], [ 78.450547719778797, 17.571924267723396 ], [ 78.450674235242275, 17.562894225333594 ], [ 78.441260389840792, 17.562772681115181 ], [ 78.441133408436869, 17.571802657063678 ] ] ] } },
{ "type": "Feature", "properties": { "grid_id": "HYD_0588" }, "geometry": { "type": "Polygon", "coordinates": [ [ [ 78.441260389840792, 17.562772681115181 ], [ 78.450674235242275, 17.562894225333594 ], [ 78.450800675184965, 17.553864173833677 ], [ 78.441387295445992, 17.553742696050225 ], [ 78.441260389840792, 17.562772681115181 ] ] ] } },
{ "type": "Feature", "properties": { "grid_id": "HYD_0589" }, "geometry": { "type": "Polygon", "coordinates": [ [ [ 78.441387295445992, 17.553742696050225 ], [ 78.450800675184965, 17.553864173833677 ], [ 78.45092703962429, 17.544834113227896 ], [ 78.441514125269919, 17.54471270187306 ], [ 78.441387295445992, 17.553742696050225 ] ] ] } },
{ "type": "Feature", "properties": { "grid_id": "HYD_0590" }, "geometry": { "type": "Polygon", "coordinates": [ [ [ 78.441514125269919, 17.54471270187306 ], [ 78.45092703962429, 17.544834113227896 ], [ 78.451053328577601, 17.535804043520493 ], [ 78.441640879330023, 17.535682698587937 ], [ 78.441514125269919, 17.54471270187306 ] ] ] } },
{ "type": "Feature", "properties": { "grid_id": "HYD_0591" }, "geometry": { "type": "Polygon", "coordinates": [ [ [ 78.441640879330023, 17.535682698587937 ], [ 78.451053328577601, 17.535804043520493 ], [ 78.451179542062263, 17.526773964715716 ], [ 78.441767557643729, 17.526652686199107 ], [ 78.441640879330023, 17.535682698587937 ] ] ] } },
{ "type": "Feature", "properties": { "grid_id": "HYD_0592" }, "geometry": { "type": "Polygon", "coordinates": [ [ [ 78.441767557643729, 17.526652686199107 ], [ 78.451179542062263, 17.526773964715716 ], [ 78.451305680095629, 17.517743876817818 ], [ 78.441894160228429, 17.517622664710821 ], [ 78.441767557643729, 17.526652686199107 ] ] ] } },
{ "type": "Feature", "properties": { "grid_id": "HYD_0593" }, "geometry": { "type": "Polygon", "coordinates": [ [ [ 78.441894160228429, 17.517622664710821 ], [ 78.451305680095629, 17.517743876817818 ], [ 78.451431742695021, 17.508713779831048 ], [ 78.442020687101561, 17.508592634127332 ], [ 78.441894160228429, 17.517622664710821 ] ] ] } },
{ "type": "Feature", "properties": { "grid_id": "HYD_0594" }, "geometry": { "type": "Polygon", "coordinates": [ [ [ 78.442020687101561, 17.508592634127332 ], [ 78.451431742695021, 17.508713779831048 ], [ 78.451557729877806, 17.499683673759655 ], [ 78.442147138280461, 17.499562594452897 ], [ 78.442020687101561, 17.508592634127332 ] ] ] } },
{ "type": "Feature", "properties": { "grid_id": "HYD_0595" }, "geometry": { "type": "Polygon", "coordinates": [ [ [ 78.442147138280461, 17.499562594452897 ], [ 78.451557729877806, 17.499683673759655 ], [ 78.451683641661248, 17.490653558607875 ], [ 78.442273513782553, 17.490532545691767 ], [ 78.442147138280461, 17.499562594452897 ] ] ] } },
{ "type": "Feature", "properties": { "grid_id": "HYD_0596" }, "geometry": { "type": "Polygon", "coordinates": [ [ [ 78.442273513782553, 17.490532545691767 ], [ 78.451683641661248, 17.490653558607875 ], [ 78.4518094780627, 17.481623434379983 ], [ 78.442399813625187, 17.481502487848196 ], [ 78.442273513782553, 17.490532545691767 ] ] ] } },
{ "type": "Feature", "properties": { "grid_id": "HYD_0597" }, "geometry": { "type": "Polygon", "coordinates": [ [ [ 78.442399813625187, 17.481502487848196 ], [ 78.4518094780627, 17.481623434379983 ], [ 78.451935239099399, 17.472593301080209 ], [ 78.442526037825701, 17.472472420926437 ], [ 78.442399813625187, 17.481502487848196 ] ] ] } },
{ "type": "Feature", "properties": { "grid_id": "HYD_0598" }, "geometry": { "type": "Polygon", "coordinates": [ [ [ 78.442526037825701, 17.472472420926437 ], [ 78.451935239099399, 17.472593301080209 ], [ 78.45206092478864, 17.46356315871282 ], [ 78.44265218640146, 17.463442344930755 ], [ 78.442526037825701, 17.472472420926437 ] ] ] } },
{ "type": "Feature", "properties": { "grid_id": "HYD_0599" }, "geometry": { "type": "Polygon", "coordinates": [ [ [ 78.44265218640146, 17.463442344930755 ], [ 78.45206092478864, 17.46356315871282 ], [ 78.452186535147703, 17.454533007282048 ], [ 78.442778259369774, 17.454412259865396 ], [ 78.44265218640146, 17.463442344930755 ] ] ] } },
{ "type": "Feature", "properties": { "grid_id": "HYD_0600" }, "geometry": { "type": "Polygon", "coordinates": [ [ [ 78.442778259369774, 17.454412259865396 ], [ 78.452186535147703, 17.454533007282048 ], [ 78.452312070193813, 17.445502846792181 ], [ 78.442904256747951, 17.445382165734625 ], [ 78.442778259369774, 17.454412259865396 ] ] ] } },
{ "type": "Feature", "properties": { "grid_id": "HYD_0601" }, "geometry": { "type": "Polygon", "coordinates": [ [ [ 78.442904256747951, 17.445382165734625 ], [ 78.452312070193813, 17.445502846792181 ], [ 78.45243752994422, 17.436472677247433 ], [ 78.443030178553315, 17.436352062542692 ], [ 78.442904256747951, 17.445382165734625 ] ] ] } },
{ "type": "Feature", "properties": { "grid_id": "HYD_0602" }, "geometry": { "type": "Polygon", "coordinates": [ [ [ 78.443030178553315, 17.436352062542692 ], [ 78.45243752994422, 17.436472677247433 ], [ 78.452562914416177, 17.427442498652084 ], [ 78.443156024803145, 17.427321950293873 ], [ 78.443030178553315, 17.436352062542692 ] ] ] } },
{ "type": "Feature", "properties": { "grid_id": "HYD_0603" }, "geometry": { "type": "Polygon", "coordinates": [ [ [ 78.443156024803145, 17.427321950293873 ], [ 78.452562914416177, 17.427442498652084 ], [ 78.452688223626851, 17.418412311010378 ], [ 78.443281795514707, 17.418291828992409 ], [ 78.443156024803145, 17.427321950293873 ] ] ] } },
{ "type": "Feature", "properties": { "grid_id": "HYD_0604" }, "geometry": { "type": "Polygon", "coordinates": [ [ [ 78.443281795514707, 17.418291828992409 ], [ 78.452688223626851, 17.418412311010378 ], [ 78.452813457593479, 17.409382114326579 ], [ 78.443407490705283, 17.40926169864256 ], [ 78.443281795514707, 17.418291828992409 ] ] ] } },
{ "type": "Feature", "properties": { "grid_id": "HYD_0605" }, "geometry": { "type": "Polygon", "coordinates": [ [ [ 78.443407490705283, 17.40926169864256 ], [ 78.452813457593479, 17.409382114326579 ], [ 78.452938616333242, 17.400351908604939 ], [ 78.44353311039211, 17.400231559248596 ], [ 78.443407490705283, 17.40926169864256 ] ] ] } },
{ "type": "Feature", "properties": { "grid_id": "HYD_0606" }, "geometry": { "type": "Polygon", "coordinates": [ [ [ 78.44353311039211, 17.400231559248596 ], [ 78.452938616333242, 17.400351908604939 ], [ 78.453063699863307, 17.391321693849715 ], [ 78.44365865459244, 17.391201410814769 ], [ 78.44353311039211, 17.400231559248596 ] ] ] } },
{ "type": "Feature", "properties": { "grid_id": "HYD_0607" }, "geometry": { "type": "Polygon", "coordinates": [ [ [ 78.44365865459244, 17.391201410814769 ], [ 78.453063699863307, 17.391321693849715 ], [ 78.453188708200841, 17.382291470065162 ], [ 78.44378412332351, 17.382171253345359 ], [ 78.44365865459244, 17.391201410814769 ] ] ] } },
{ "type": "Feature", "properties": { "grid_id": "HYD_0608" }, "geometry": { "type": "Polygon", "coordinates": [ [ [ 78.44378412332351, 17.382171253345359 ], [ 78.453188708200841, 17.382291470065162 ], [ 78.45331364136301, 17.373261237255548 ], [ 78.443909516602517, 17.373141086844608 ], [ 78.44378412332351, 17.382171253345359 ] ] ] } },
{ "type": "Feature", "properties": { "grid_id": "HYD_0609" }, "geometry": { "type": "Polygon", "coordinates": [ [ [ 78.443909516602517, 17.373141086844608 ], [ 78.45331364136301, 17.373261237255548 ], [ 78.453438499366953, 17.36423099542511 ], [ 78.444034834446668, 17.364110911316779 ], [ 78.443909516602517, 17.373141086844608 ] ] ] } },
{ "type": "Feature", "properties": { "grid_id": "HYD_0610" }, "geometry": { "type": "Polygon", "coordinates": [ [ [ 78.444034834446668, 17.364110911316779 ], [ 78.453438499366953, 17.36423099542511 ], [ 78.45356328222978, 17.355200744578131 ], [ 78.44416007687316, 17.35508072676615 ], [ 78.444034834446668, 17.364110911316779 ] ] ] } },
{ "type": "Feature", "properties": { "grid_id": "HYD_0611" }, "geometry": { "type": "Polygon", "coordinates": [ [ [ 78.44416007687316, 17.35508072676615 ], [ 78.45356328222978, 17.355200744578131 ], [ 78.453687989968643, 17.346170484718861 ], [ 78.444285243899174, 17.346050533196976 ], [ 78.44416007687316, 17.35508072676615 ] ] ] } },
{ "type": "Feature", "properties": { "grid_id": "HYD_0612" }, "geometry": { "type": "Polygon", "coordinates": [ [ [ 78.444285243899174, 17.346050533196976 ], [ 78.453687989968643, 17.346170484718861 ], [ 78.453812622600609, 17.337140215851562 ], [ 78.44441033554186, 17.337020330613516 ], [ 78.444285243899174, 17.346050533196976 ] ] ] } },
{ "type": "Feature", "properties": { "grid_id": "HYD_0613" }, "geometry": { "type": "Polygon", "coordinates": [ [ [ 78.44441033554186, 17.337020330613516 ], [ 78.453812622600609, 17.337140215851562 ], [ 78.453937180142773, 17.328109937980503 ], [ 78.444535351818402, 17.327990119020058 ], [ 78.44441033554186, 17.337020330613516 ] ] ] } },
{ "type": "Feature", "properties": { "grid_id": "HYD_0614" }, "geometry": { "type": "Polygon", "coordinates": [ [ [ 78.444535351818402, 17.327990119020058 ], [ 78.453937180142773, 17.328109937980503 ], [ 78.454061662612247, 17.319079651109931 ], [ 78.444660292745908, 17.318959898420847 ], [ 78.444535351818402, 17.327990119020058 ] ] ] } },
{ "type": "Feature", "properties": { "grid_id": "HYD_0615" }, "geometry": { "type": "Polygon", "coordinates": [ [ [ 78.444660292745908, 17.318959898420847 ], [ 78.454061662612247, 17.319079651109931 ], [ 78.454186070026054, 17.310049355244107 ], [ 78.444785158341531, 17.309929668820153 ], [ 78.444660292745908, 17.318959898420847 ] ] ] } },
{ "type": "Feature", "properties": { "grid_id": "HYD_0616" }, "geometry": { "type": "Polygon", "coordinates": [ [ [ 78.444785158341531, 17.309929668820153 ], [ 78.454186070026054, 17.310049355244107 ], [ 78.454310402401276, 17.301019050387314 ], [ 78.444909948622382, 17.300899430222245 ], [ 78.444785158341531, 17.309929668820153 ] ] ] } },
{ "type": "Feature", "properties": { "grid_id": "HYD_0617" }, "geometry": { "type": "Polygon", "coordinates": [ [ [ 78.444909948622382, 17.300899430222245 ], [ 78.454310402401276, 17.301019050387314 ], [ 78.454434659754938, 17.291988736543807 ], [ 78.445034663605554, 17.291869182631398 ], [ 78.444909948622382, 17.300899430222245 ] ] ] } },
{ "type": "Feature", "properties": { "grid_id": "HYD_0618" }, "geometry": { "type": "Polygon", "coordinates": [ [ [ 78.445034663605554, 17.291869182631398 ], [ 78.454434659754938, 17.291988736543807 ], [ 78.454558842104106, 17.282958413717839 ], [ 78.445159303308145, 17.282838926051873 ], [ 78.445034663605554, 17.291869182631398 ] ] ] } },
{ "type": "Feature", "properties": { "grid_id": "HYD_0619" }, "geometry": { "type": "Polygon", "coordinates": [ [ [ 78.445159303308145, 17.282838926051873 ], [ 78.454558842104106, 17.282958413717839 ], [ 78.454682949465749, 17.273928081913695 ], [ 78.445283867747264, 17.273808660487941 ], [ 78.445159303308145, 17.282838926051873 ] ] ] } },
{ "type": "Feature", "properties": { "grid_id": "HYD_0620" }, "geometry": { "type": "Polygon", "coordinates": [ [ [ 78.445283867747264, 17.273808660487941 ], [ 78.454682949465749, 17.273928081913695 ], [ 78.454806981856919, 17.264897741135623 ], [ 78.445408356939936, 17.264778385943867 ], [ 78.445283867747264, 17.273808660487941 ] ] ] } },
{ "type": "Feature", "properties": { "grid_id": "HYD_0621" }, "geometry": { "type": "Polygon", "coordinates": [ [ [ 78.445408356939936, 17.264778385943867 ], [ 78.454806981856919, 17.264897741135623 ], [ 78.454930939294584, 17.255867391387898 ], [ 78.445532770903242, 17.255748102423929 ], [ 78.445408356939936, 17.264778385943867 ] ] ] } },
{ "type": "Feature", "properties": { "grid_id": "HYD_0622" }, "geometry": { "type": "Polygon", "coordinates": [ [ [ 78.445532770903242, 17.255748102423929 ], [ 78.454930939294584, 17.255867391387898 ], [ 78.455054821795713, 17.246837032674787 ], [ 78.445657109654221, 17.246717809932406 ], [ 78.445532770903242, 17.255748102423929 ] ] ] } },
{ "type": "Feature", "properties": { "grid_id": "HYD_0623" }, "geometry": { "type": "Polygon", "coordinates": [ [ [ 78.445657109654221, 17.246717809932406 ], [ 78.455054821795713, 17.246837032674787 ], [ 78.455178629377301, 17.237806665000559 ], [ 78.445781373209897, 17.237687508473542 ], [ 78.445657109654221, 17.246717809932406 ] ] ] } },
{ "type": "Feature", "properties": { "grid_id": "HYD_0624" }, "geometry": { "type": "Polygon", "coordinates": [ [ [ 78.445781373209897, 17.237687508473542 ], [ 78.455178629377301, 17.237806665000559 ], [ 78.455302362056315, 17.228776288369474 ], [ 78.44590556158731, 17.228657198051636 ], [ 78.445781373209897, 17.237687508473542 ] ] ] } },
{ "type": "Feature", "properties": { "grid_id": "HYD_0625" }, "geometry": { "type": "Polygon", "coordinates": [ [ [ 78.44590556158731, 17.228657198051636 ], [ 78.455302362056315, 17.228776288369474 ], [ 78.455426019849654, 17.219745902785807 ], [ 78.446029674803441, 17.219626878670947 ], [ 78.44590556158731, 17.228657198051636 ] ] ] } },
{ "type": "Feature", "properties": { "grid_id": "HYD_0626" }, "geometry": { "type": "Polygon", "coordinates": [ [ [ 78.446029674803441, 17.219626878670947 ], [ 78.455426019849654, 17.219745902785807 ], [ 78.455549602774283, 17.210715508253834 ], [ 78.446153712875287, 17.210596550335765 ], [ 78.446029674803441, 17.219626878670947 ] ] ] } },
{ "type": "Feature", "properties": { "grid_id": "HYD_0627" }, "geometry": { "type": "Polygon", "coordinates": [ [ [ 78.446153712875287, 17.210596550335765 ], [ 78.455549602774283, 17.210715508253834 ], [ 78.455673110847115, 17.201685104777816 ], [ 78.446277675819857, 17.201566213050345 ], [ 78.446153712875287, 17.210596550335765 ] ] ] } },
{ "type": "Feature", "properties": { "grid_id": "HYD_0628" }, "geometry": { "type": "Polygon", "coordinates": [ [ [ 78.450040902368983, 17.608044346096598 ], [ 78.459457155861358, 17.608165774464055 ], [ 78.45958350651172, 17.599135702334706 ], [ 78.450167720089667, 17.599014340189694 ], [ 78.450040902368983, 17.608044346096598 ] ] ] } },
{ "type": "Feature", "properties": { "grid_id": "HYD_0629" }, "geometry": { "type": "Polygon", "coordinates": [ [ [ 78.450167720089667, 17.599014340189694 ], [ 78.45958350651172, 17.599135702334706 ], [ 78.459709781849838, 17.590105621084607 ], [ 78.450294462219901, 17.58998432515569 ], [ 78.450167720089667, 17.599014340189694 ] ] ] } },
{ "type": "Feature", "properties": { "grid_id": "HYD_0630" }, "geometry": { "type": "Polygon", "coordinates": [ [ [ 78.450294462219901, 17.58998432515569 ], [ 78.459709781849838, 17.590105621084607 ], [ 78.459835981893121, 17.581075530718003 ], [ 78.450421128777137, 17.580954300998844 ], [ 78.450294462219901, 17.58998432515569 ] ] ] } },
{ "type": "Feature", "properties": { "grid_id": "HYD_0631" }, "geometry": { "type": "Polygon", "coordinates": [ [ [ 78.450421128777137, 17.580954300998844 ], [ 78.459835981893121, 17.581075530718003 ], [ 78.459962106658892, 17.572045431239122 ], [ 78.450547719778797, 17.571924267723396 ], [ 78.450421128777137, 17.580954300998844 ] ] ] } },
{ "type": "Feature", "properties": { "grid_id": "HYD_0632" }, "geometry": { "type": "Polygon", "coordinates": [ [ [ 78.450547719778797, 17.571924267723396 ], [ 78.459962106658892, 17.572045431239122 ], [ 78.460088156164517, 17.56301532265222 ], [ 78.450674235242275, 17.562894225333594 ], [ 78.450547719778797, 17.571924267723396 ] ] ] } },
{ "type": "Feature", "properties": { "grid_id": "HYD_0633" }, "geometry": { "type": "Polygon", "coordinates": [ [ [ 78.450674235242275, 17.562894225333594 ], [ 78.460088156164517, 17.56301532265222 ], [ 78.460214130427332, 17.553985204961521 ], [ 78.450800675184965, 17.553864173833677 ], [ 78.450674235242275, 17.562894225333594 ] ] ] } },
{ "type": "Feature", "properties": { "grid_id": "HYD_0634" }, "geometry": { "type": "Polygon", "coordinates": [ [ [ 78.450800675184965, 17.553864173833677 ], [ 78.460214130427332, 17.553985204961521 ], [ 78.46034002946466, 17.544955078171284 ], [ 78.45092703962429, 17.544834113227896 ], [ 78.450800675184965, 17.553864173833677 ] ] ] } },
{ "type": "Feature", "properties": { "grid_id": "HYD_0635" }, "geometry": { "type": "Polygon", "coordinates": [ [ [ 78.45092703962429, 17.544834113227896 ], [ 78.46034002946466, 17.544955078171284 ], [ 78.460465853293812, 17.535924942285742 ], [ 78.451053328577601, 17.535804043520493 ], [ 78.45092703962429, 17.544834113227896 ] ] ] } },
{ "type": "Feature", "properties": { "grid_id": "HYD_0636" }, "geometry": { "type": "Polygon", "coordinates": [ [ [ 78.451053328577601, 17.535804043520493 ], [ 78.460465853293812, 17.535924942285742 ], [ 78.46059160193208, 17.526894797309144 ], [ 78.451179542062263, 17.526773964715716 ], [ 78.451053328577601, 17.535804043520493 ] ] ] } },
{ "type": "Feature", "properties": { "grid_id": "HYD_0637" }, "geometry": { "type": "Polygon", "coordinates": [ [ [ 78.451179542062263, 17.526773964715716 ], [ 78.46059160193208, 17.526894797309144 ], [ 78.460717275396775, 17.517864643245726 ], [ 78.451305680095629, 17.517743876817818 ], [ 78.451179542062263, 17.526773964715716 ] ] ] } },
{ "type": "Feature", "properties": { "grid_id": "HYD_0638" }, "geometry": { "type": "Polygon", "coordinates": [ [ [ 78.451305680095629, 17.517743876817818 ], [ 78.460717275396775, 17.517864643245726 ], [ 78.460842873705147, 17.508834480099743 ], [ 78.451431742695021, 17.508713779831048 ], [ 78.451305680095629, 17.517743876817818 ] ] ] } },
{ "type": "Feature", "properties": { "grid_id": "HYD_0639" }, "geometry": { "type": "Polygon", "coordinates": [ [ [ 78.451431742695021, 17.508713779831048 ], [ 78.460842873705147, 17.508834480099743 ], [ 78.460968396874463, 17.499804307875429 ], [ 78.451557729877806, 17.499683673759655 ], [ 78.451431742695021, 17.508713779831048 ] ] ] } },
{ "type": "Feature", "properties": { "grid_id": "HYD_0640" }, "geometry": { "type": "Polygon", "coordinates": [ [ [ 78.451557729877806, 17.499683673759655 ], [ 78.460968396874463, 17.499804307875429 ], [ 78.461093844921976, 17.490774126577044 ], [ 78.451683641661248, 17.490653558607875 ], [ 78.451557729877806, 17.499683673759655 ] ] ] } },
{ "type": "Feature", "properties": { "grid_id": "HYD_0641" }, "geometry": { "type": "Polygon", "coordinates": [ [ [ 78.451683641661248, 17.490653558607875 ], [ 78.461093844921976, 17.490774126577044 ], [ 78.461219217864922, 17.481743936208819 ], [ 78.4518094780627, 17.481623434379983 ], [ 78.451683641661248, 17.490653558607875 ] ] ] } },
{ "type": "Feature", "properties": { "grid_id": "HYD_0642" }, "geometry": { "type": "Polygon", "coordinates": [ [ [ 78.4518094780627, 17.481623434379983 ], [ 78.461219217864922, 17.481743936208819 ], [ 78.461344515720526, 17.472713736775006 ], [ 78.451935239099399, 17.472593301080209 ], [ 78.4518094780627, 17.481623434379983 ] ] ] } },
{ "type": "Feature", "properties": { "grid_id": "HYD_0643" }, "geometry": { "type": "Polygon", "coordinates": [ [ [ 78.451935239099399, 17.472593301080209 ], [ 78.461344515720526, 17.472713736775006 ], [ 78.461469738506011, 17.463683528279859 ], [ 78.45206092478864, 17.46356315871282 ], [ 78.451935239099399, 17.472593301080209 ] ] ] } },
{ "type": "Feature", "properties": { "grid_id": "HYD_0644" }, "geometry": { "type": "Polygon", "coordinates": [ [ [ 78.45206092478864, 17.46356315871282 ], [ 78.461469738506011, 17.463683528279859 ], [ 78.461594886238558, 17.454653310727622 ], [ 78.452186535147703, 17.454533007282048 ], [ 78.45206092478864, 17.46356315871282 ] ] ] } },
{ "type": "Feature", "properties": { "grid_id": "HYD_0645" }, "geometry": { "type": "Polygon", "coordinates": [ [ [ 78.452186535147703, 17.454533007282048 ], [ 78.461594886238558, 17.454653310727622 ], [ 78.461719958935362, 17.445623084122541 ], [ 78.452312070193813, 17.445502846792181 ], [ 78.452186535147703, 17.454533007282048 ] ] ] } },
{ "type": "Feature", "properties": { "grid_id": "HYD_0646" }, "geometry": { "type": "Polygon", "coordinates": [ [ [ 78.452312070193813, 17.445502846792181 ], [ 78.461719958935362, 17.445623084122541 ], [ 78.461844956613604, 17.436592848468873 ], [ 78.45243752994422, 17.436472677247433 ], [ 78.452312070193813, 17.445502846792181 ] ] ] } },
{ "type": "Feature", "properties": { "grid_id": "HYD_0647" }, "geometry": { "type": "Polygon", "coordinates": [ [ [ 78.45243752994422, 17.436472677247433 ], [ 78.461844956613604, 17.436592848468873 ], [ 78.46196987929045, 17.427562603770863 ], [ 78.452562914416177, 17.427442498652084 ], [ 78.45243752994422, 17.436472677247433 ] ] ] } },
{ "type": "Feature", "properties": { "grid_id": "HYD_0648" }, "geometry": { "type": "Polygon", "coordinates": [ [ [ 78.452562914416177, 17.427442498652084 ], [ 78.46196987929045, 17.427562603770863 ], [ 78.462094726983054, 17.418532350032763 ], [ 78.452688223626851, 17.418412311010378 ], [ 78.452562914416177, 17.427442498652084 ] ] ] } },
{ "type": "Feature", "properties": { "grid_id": "HYD_0649" }, "geometry": { "type": "Polygon", "coordinates": [ [ [ 78.452688223626851, 17.418412311010378 ], [ 78.462094726983054, 17.418532350032763 ], [ 78.462219499708539, 17.409502087258826 ], [ 78.452813457593479, 17.409382114326579 ], [ 78.452688223626851, 17.418412311010378 ] ] ] } },
{ "type": "Feature", "properties": { "grid_id": "HYD_0650" }, "geometry": { "type": "Polygon", "coordinates": [ [ [ 78.452813457593479, 17.409382114326579 ], [ 78.462219499708539, 17.409502087258826 ], [ 78.462344197484043, 17.400471815453301 ], [ 78.452938616333242, 17.400351908604939 ], [ 78.452813457593479, 17.409382114326579 ] ] ] } },
{ "type": "Feature", "properties": { "grid_id": "HYD_0651" }, "geometry": { "type": "Polygon", "coordinates": [ [ [ 78.452938616333242, 17.400351908604939 ], [ 78.462344197484043, 17.400471815453301 ], [ 78.462468820326691, 17.391441534620441 ], [ 78.453063699863307, 17.391321693849715 ], [ 78.452938616333242, 17.400351908604939 ] ] ] } },
{ "type": "Feature", "properties": { "grid_id": "HYD_0652" }, "geometry": { "type": "Polygon", "coordinates": [ [ [ 78.453063699863307, 17.391321693849715 ], [ 78.462468820326691, 17.391441534620441 ], [ 78.46259336825355, 17.382411244764505 ], [ 78.453188708200841, 17.382291470065162 ], [ 78.453063699863307, 17.391321693849715 ] ] ] } },
{ "type": "Feature", "properties": { "grid_id": "HYD_0653" }, "geometry": { "type": "Polygon", "coordinates": [ [ [ 78.453188708200841, 17.382291470065162 ], [ 78.46259336825355, 17.382411244764505 ], [ 78.462717841281744, 17.373380945889743 ], [ 78.45331364136301, 17.373261237255548 ], [ 78.453188708200841, 17.382291470065162 ] ] ] } },
{ "type": "Feature", "properties": { "grid_id": "HYD_0654" }, "geometry": { "type": "Polygon", "coordinates": [ [ [ 78.45331364136301, 17.373261237255548 ], [ 78.462717841281744, 17.373380945889743 ], [ 78.46284223942834, 17.36435063800041 ], [ 78.453438499366953, 17.36423099542511 ], [ 78.45331364136301, 17.373261237255548 ] ] ] } },
{ "type": "Feature", "properties": { "grid_id": "HYD_0655" }, "geometry": { "type": "Polygon", "coordinates": [ [ [ 78.453438499366953, 17.36423099542511 ], [ 78.46284223942834, 17.36435063800041 ], [ 78.462966562710406, 17.355320321100759 ], [ 78.45356328222978, 17.355200744578131 ], [ 78.453438499366953, 17.36423099542511 ] ] ] } },
{ "type": "Feature", "properties": { "grid_id": "HYD_0656" }, "geometry": { "type": "Polygon", "coordinates": [ [ [ 78.45356328222978, 17.355200744578131 ], [ 78.462966562710406, 17.355320321100759 ], [ 78.46309081114498, 17.346289995195054 ], [ 78.453687989968643, 17.346170484718861 ], [ 78.45356328222978, 17.355200744578131 ] ] ] } },
{ "type": "Feature", "properties": { "grid_id": "HYD_0657" }, "geometry": { "type": "Polygon", "coordinates": [ [ [ 78.453687989968643, 17.346170484718861 ], [ 78.46309081114498, 17.346289995195054 ], [ 78.463214984749129, 17.33725966028754 ], [ 78.453812622600609, 17.337140215851562 ], [ 78.453687989968643, 17.346170484718861 ] ] ] } },
{ "type": "Feature", "properties": { "grid_id": "HYD_0658" }, "geometry": { "type": "Polygon", "coordinates": [ [ [ 78.453812622600609, 17.337140215851562 ], [ 78.463214984749129, 17.33725966028754 ], [ 78.463339083539864, 17.328229316382483 ], [ 78.453937180142773, 17.328109937980503 ], [ 78.453812622600609, 17.337140215851562 ] ] ] } },
{ "type": "Feature", "properties": { "grid_id": "HYD_0659" }, "geometry": { "type": "Polygon", "coordinates": [ [ [ 78.453937180142773, 17.328109937980503 ], [ 78.463339083539864, 17.328229316382483 ], [ 78.46346310753421, 17.319198963484141 ], [ 78.454061662612247, 17.319079651109931 ], [ 78.453937180142773, 17.328109937980503 ] ] ] } },
{ "type": "Feature", "properties": { "grid_id": "HYD_0660" }, "geometry": { "type": "Polygon", "coordinates": [ [ [ 78.454061662612247, 17.319079651109931 ], [ 78.46346310753421, 17.319198963484141 ], [ 78.463587056749162, 17.310168601596768 ], [ 78.454186070026054, 17.310049355244107 ], [ 78.454061662612247, 17.319079651109931 ] ] ] } },
{ "type": "Feature", "properties": { "grid_id": "HYD_0661" }, "geometry": { "type": "Polygon", "coordinates": [ [ [ 78.454186070026054, 17.310049355244107 ], [ 78.463587056749162, 17.310168601596768 ], [ 78.463710931201717, 17.301138230724622 ], [ 78.454310402401276, 17.301019050387314 ], [ 78.454186070026054, 17.310049355244107 ] ] ] } },
{ "type": "Feature", "properties": { "grid_id": "HYD_0662" }, "geometry": { "type": "Polygon", "coordinates": [ [ [ 78.454310402401276, 17.301019050387314 ], [ 78.463710931201717, 17.301138230724622 ], [ 78.463834730908857, 17.292107850871972 ], [ 78.454434659754938, 17.291988736543807 ], [ 78.454310402401276, 17.301019050387314 ] ] ] } },
{ "type": "Feature", "properties": { "grid_id": "HYD_0663" }, "geometry": { "type": "Polygon", "coordinates": [ [ [ 78.454434659754938, 17.291988736543807 ], [ 78.463834730908857, 17.292107850871972 ], [ 78.46395845588755, 17.283077462043067 ], [ 78.454558842104106, 17.282958413717839 ], [ 78.454434659754938, 17.291988736543807 ] ] ] } },
{ "type": "Feature", "properties": { "grid_id": "HYD_0664" }, "geometry": { "type": "Polygon", "coordinates": [ [ [ 78.454558842104106, 17.282958413717839 ], [ 78.46395845588755, 17.283077462043067 ], [ 78.464082106154748, 17.274047064242179 ], [ 78.454682949465749, 17.273928081913695 ], [ 78.454558842104106, 17.282958413717839 ] ] ] } },
{ "type": "Feature", "properties": { "grid_id": "HYD_0665" }, "geometry": { "type": "Polygon", "coordinates": [ [ [ 78.454682949465749, 17.273928081913695 ], [ 78.464082106154748, 17.274047064242179 ], [ 78.464205681727393, 17.265016657473559 ], [ 78.454806981856919, 17.264897741135623 ], [ 78.454682949465749, 17.273928081913695 ] ] ] } },
{ "type": "Feature", "properties": { "grid_id": "HYD_0666" }, "geometry": { "type": "Polygon", "coordinates": [ [ [ 78.454806981856919, 17.264897741135623 ], [ 78.464205681727393, 17.265016657473559 ], [ 78.464329182622436, 17.255986241741471 ], [ 78.454930939294584, 17.255867391387898 ], [ 78.454806981856919, 17.264897741135623 ] ] ] } },
{ "type": "Feature", "properties": { "grid_id": "HYD_0667" }, "geometry": { "type": "Polygon", "coordinates": [ [ [ 78.454930939294584, 17.255867391387898 ], [ 78.464329182622436, 17.255986241741471 ], [ 78.46445260885676, 17.246955817050189 ], [ 78.455054821795713, 17.246837032674787 ], [ 78.454930939294584, 17.255867391387898 ] ] ] } },
{ "type": "Feature", "properties": { "grid_id": "HYD_0668" }, "geometry": { "type": "Polygon", "coordinates": [ [ [ 78.455054821795713, 17.246837032674787 ], [ 78.46445260885676, 17.246955817050189 ], [ 78.464575960447306, 17.237925383403965 ], [ 78.455178629377301, 17.237806665000559 ], [ 78.455054821795713, 17.246837032674787 ] ] ] } },
{ "type": "Feature", "properties": { "grid_id": "HYD_0669" }, "geometry": { "type": "Polygon", "coordinates": [ [ [ 78.455178629377301, 17.237806665000559 ], [ 78.464575960447306, 17.237925383403965 ], [ 78.464699237410954, 17.228894940807074 ], [ 78.455302362056315, 17.228776288369474 ], [ 78.455178629377301, 17.237806665000559 ] ] ] } },
{ "type": "Feature", "properties": { "grid_id": "HYD_0670" }, "geometry": { "type": "Polygon", "coordinates": [ [ [ 78.455302362056315, 17.228776288369474 ], [ 78.464699237410954, 17.228894940807074 ], [ 78.464822439764575, 17.219864489263763 ], [ 78.455426019849654, 17.219745902785807 ], [ 78.455302362056315, 17.228776288369474 ] ] ] } },
{ "type": "Feature", "properties": { "grid_id": "HYD_0671" }, "geometry": { "type": "Polygon", "coordinates": [ [ [ 78.455426019849654, 17.219745902785807 ], [ 78.464822439764575, 17.219864489263763 ], [ 78.464945567525064, 17.210834028778319 ], [ 78.455549602774283, 17.210715508253834 ], [ 78.455426019849654, 17.219745902785807 ] ] ] } },
{ "type": "Feature", "properties": { "grid_id": "HYD_0672" }, "geometry": { "type": "Polygon", "coordinates": [ [ [ 78.455549602774283, 17.210715508253834 ], [ 78.464945567525064, 17.210834028778319 ], [ 78.46506862070926, 17.201803559354993 ], [ 78.455673110847115, 17.201685104777816 ], [ 78.455549602774283, 17.210715508253834 ] ] ] } },
{ "type": "Feature", "properties": { "grid_id": "HYD_0673" }, "geometry": { "type": "Polygon", "coordinates": [ [ [ 78.459457155861358, 17.608165774464055 ], [ 78.468873484683357, 17.608286754694657 ], [ 78.468999368246003, 17.599256616587173 ], [ 78.45958350651172, 17.599135702334706 ], [ 78.459457155861358, 17.608165774464055 ] ] ] } },
{ "type": "Feature", "properties": { "grid_id": "HYD_0674" }, "geometry": { "type": "Polygon", "coordinates": [ [ [ 78.45958350651172, 17.599135702334706 ], [ 78.468999368246003, 17.599256616587173 ], [ 78.469125176774639, 17.590226469365266 ], [ 78.459709781849838, 17.590105621084607 ], [ 78.45958350651172, 17.599135702334706 ] ] ] } },
{ "type": "Feature", "properties": { "grid_id": "HYD_0675" }, "geometry": { "type": "Polygon", "coordinates": [ [ [ 78.459709781849838, 17.590105621084607 ], [ 78.469125176774639, 17.590226469365266 ], [ 78.469250910286576, 17.581196313033157 ], [ 78.459835981893121, 17.581075530718003 ], [ 78.459709781849838, 17.590105621084607 ] ] ] } },
{ "type": "Feature", "properties": { "grid_id": "HYD_0676" }, "geometry": { "type": "Polygon", "coordinates": [ [ [ 78.459835981893121, 17.581075530718003 ], [ 78.469250910286576, 17.581196313033157 ], [ 78.469376568799134, 17.572166147595095 ], [ 78.459962106658892, 17.572045431239122 ], [ 78.459835981893121, 17.581075530718003 ] ] ] } },
{ "type": "Feature", "properties": { "grid_id": "HYD_0677" }, "geometry": { "type": "Polygon", "coordinates": [ [ [ 78.459962106658892, 17.572045431239122 ], [ 78.469376568799134, 17.572166147595095 ], [ 78.469502152329568, 17.563135973055306 ], [ 78.460088156164517, 17.56301532265222 ], [ 78.459962106658892, 17.572045431239122 ] ] ] } },
{ "type": "Feature", "properties": { "grid_id": "HYD_0678" }, "geometry": { "type": "Polygon", "coordinates": [ [ [ 78.460088156164517, 17.56301532265222 ], [ 78.469502152329568, 17.563135973055306 ], [ 78.469627660895171, 17.554105789418031 ], [ 78.460214130427332, 17.553985204961521 ], [ 78.460088156164517, 17.56301532265222 ] ] ] } },
{ "type": "Feature", "properties": { "grid_id": "HYD_0679" }, "geometry": { "type": "Polygon", "coordinates": [ [ [ 78.460214130427332, 17.553985204961521 ], [ 78.469627660895171, 17.554105789418031 ], [ 78.469753094513209, 17.545075596687507 ], [ 78.46034002946466, 17.544955078171284 ], [ 78.460214130427332, 17.553985204961521 ] ] ] } },
{ "type": "Feature", "properties": { "grid_id": "HYD_0680" }, "geometry": { "type": "Polygon", "coordinates": [ [ [ 78.46034002946466, 17.544955078171284 ], [ 78.469753094513209, 17.545075596687507 ], [ 78.469878453200906, 17.536045394867976 ], [ 78.460465853293812, 17.535924942285742 ], [ 78.46034002946466, 17.544955078171284 ] ] ] } },
{ "type": "Feature", "properties": { "grid_id": "HYD_0681" }, "geometry": { "type": "Polygon", "coordinates": [ [ [ 78.460465853293812, 17.535924942285742 ], [ 78.469878453200906, 17.536045394867976 ], [ 78.470003736975499, 17.527015183963673 ], [ 78.46059160193208, 17.526894797309144 ], [ 78.460465853293812, 17.535924942285742 ] ] ] } },
{ "type": "Feature", "properties": { "grid_id": "HYD_0682" }, "geometry": { "type": "Polygon", "coordinates": [ [ [ 78.46059160193208, 17.526894797309144 ], [ 78.470003736975499, 17.527015183963673 ], [ 78.470128945854242, 17.517984963978844 ], [ 78.460717275396775, 17.517864643245726 ], [ 78.46059160193208, 17.526894797309144 ] ] ] } },
{ "type": "Feature", "properties": { "grid_id": "HYD_0683" }, "geometry": { "type": "Polygon", "coordinates": [ [ [ 78.460717275396775, 17.517864643245726 ], [ 78.470128945854242, 17.517984963978844 ], [ 78.4702540798543, 17.508954734917722 ], [ 78.460842873705147, 17.508834480099743 ], [ 78.460717275396775, 17.517864643245726 ] ] ] } },
{ "type": "Feature", "properties": { "grid_id": "HYD_0684" }, "geometry": { "type": "Polygon", "coordinates": [ [ [ 78.460842873705147, 17.508834480099743 ], [ 78.4702540798543, 17.508954734917722 ], [ 78.470379138992925, 17.499924496784555 ], [ 78.460968396874463, 17.499804307875429 ], [ 78.460842873705147, 17.508834480099743 ] ] ] } },
{ "type": "Feature", "properties": { "grid_id": "HYD_0685" }, "geometry": { "type": "Polygon", "coordinates": [ [ [ 78.460968396874463, 17.499804307875429 ], [ 78.470379138992925, 17.499924496784555 ], [ 78.470504123287256, 17.490894249583583 ], [ 78.461093844921976, 17.490774126577044 ], [ 78.460968396874463, 17.499804307875429 ] ] ] } },
{ "type": "Feature", "properties": { "grid_id": "HYD_0686" }, "geometry": { "type": "Polygon", "coordinates": [ [ [ 78.461093844921976, 17.490774126577044 ], [ 78.470504123287256, 17.490894249583583 ], [ 78.470629032754502, 17.481863993319042 ], [ 78.461219217864922, 17.481743936208819 ], [ 78.461093844921976, 17.490774126577044 ] ] ] } },
{ "type": "Feature", "properties": { "grid_id": "HYD_0687" }, "geometry": { "type": "Polygon", "coordinates": [ [ [ 78.461219217864922, 17.481743936208819 ], [ 78.470629032754502, 17.481863993319042 ], [ 78.470753867411787, 17.47283372799518 ], [ 78.461344515720526, 17.472713736775006 ], [ 78.461219217864922, 17.481743936208819 ] ] ] } },
{ "type": "Feature", "properties": { "grid_id": "HYD_0688" }, "geometry": { "type": "Polygon", "coordinates": [ [ [ 78.461344515720526, 17.472713736775006 ], [ 78.470753867411787, 17.47283372799518 ], [ 78.470878627276306, 17.46380345361624 ], [ 78.461469738506011, 17.463683528279859 ], [ 78.461344515720526, 17.472713736775006 ] ] ] } },
{ "type": "Feature", "properties": { "grid_id": "HYD_0689" }, "geometry": { "type": "Polygon", "coordinates": [ [ [ 78.461469738506011, 17.463683528279859 ], [ 78.470878627276306, 17.46380345361624 ], [ 78.471003312365156, 17.454773170186471 ], [ 78.461594886238558, 17.454653310727622 ], [ 78.461469738506011, 17.463683528279859 ] ] ] } },
{ "type": "Feature", "properties": { "grid_id": "HYD_0690" }, "geometry": { "type": "Polygon", "coordinates": [ [ [ 78.461594886238558, 17.454653310727622 ], [ 78.471003312365156, 17.454773170186471 ], [ 78.471127922695487, 17.445742877710106 ], [ 78.461719958935362, 17.445623084122541 ], [ 78.461594886238558, 17.454653310727622 ] ] ] } },
{ "type": "Feature", "properties": { "grid_id": "HYD_0691" }, "geometry": { "type": "Polygon", "coordinates": [ [ [ 78.461719958935362, 17.445623084122541 ], [ 78.471127922695487, 17.445742877710106 ], [ 78.471252458284383, 17.436712576191407 ], [ 78.461844956613604, 17.436592848468873 ], [ 78.461719958935362, 17.445623084122541 ] ] ] } },
{ "type": "Feature", "properties": { "grid_id": "HYD_0692" }, "geometry": { "type": "Polygon", "coordinates": [ [ [ 78.461844956613604, 17.436592848468873 ], [ 78.471252458284383, 17.436712576191407 ], [ 78.471376919148994, 17.427682265634608 ], [ 78.46196987929045, 17.427562603770863 ], [ 78.461844956613604, 17.436592848468873 ] ] ] } },
{ "type": "Feature", "properties": { "grid_id": "HYD_0693" }, "geometry": { "type": "Polygon", "coordinates": [ [ [ 78.46196987929045, 17.427562603770863 ], [ 78.471376919148994, 17.427682265634608 ], [ 78.471501305306361, 17.418651946043962 ], [ 78.462094726983054, 17.418532350032763 ], [ 78.46196987929045, 17.427562603770863 ] ] ] } },
{ "type": "Feature", "properties": { "grid_id": "HYD_0694" }, "geometry": { "type": "Polygon", "coordinates": [ [ [ 78.462094726983054, 17.418532350032763 ], [ 78.471501305306361, 17.418651946043962 ], [ 78.471625616773593, 17.409621617423706 ], [ 78.462219499708539, 17.409502087258826 ], [ 78.462094726983054, 17.418532350032763 ] ] ] } },
{ "type": "Feature", "properties": { "grid_id": "HYD_0695" }, "geometry": { "type": "Polygon", "coordinates": [ [ [ 78.462219499708539, 17.409502087258826 ], [ 78.471625616773593, 17.409621617423706 ], [ 78.471749853567729, 17.400591279778109 ], [ 78.462344197484043, 17.400471815453301 ], [ 78.462219499708539, 17.409502087258826 ] ] ] } },
{ "type": "Feature", "properties": { "grid_id": "HYD_0696" }, "geometry": { "type": "Polygon", "coordinates": [ [ [ 78.462344197484043, 17.400471815453301 ], [ 78.471749853567729, 17.400591279778109 ], [ 78.471874015705836, 17.3915609331114 ], [ 78.462468820326691, 17.391441534620441 ], [ 78.462344197484043, 17.400471815453301 ] ] ] } },
{ "type": "Feature", "properties": { "grid_id": "HYD_0697" }, "geometry": { "type": "Polygon", "coordinates": [ [ [ 78.462468820326691, 17.391441534620441 ], [ 78.471874015705836, 17.3915609331114 ], [ 78.471998103204939, 17.382530577427833 ], [ 78.46259336825355, 17.382411244764505 ], [ 78.462468820326691, 17.391441534620441 ] ] ] } },
{ "type": "Feature", "properties": { "grid_id": "HYD_0698" }, "geometry": { "type": "Polygon", "coordinates": [ [ [ 78.46259336825355, 17.382411244764505 ], [ 78.471998103204939, 17.382530577427833 ], [ 78.472122116082076, 17.37350021273166 ], [ 78.462717841281744, 17.373380945889743 ], [ 78.46259336825355, 17.382411244764505 ] ] ] } },
{ "type": "Feature", "properties": { "grid_id": "HYD_0699" }, "geometry": { "type": "Polygon", "coordinates": [ [ [ 78.462717841281744, 17.373380945889743 ], [ 78.472122116082076, 17.37350021273166 ], [ 78.472246054354258, 17.364469839027134 ], [ 78.46284223942834, 17.36435063800041 ], [ 78.462717841281744, 17.373380945889743 ] ] ] } },
{ "type": "Feature", "properties": { "grid_id": "HYD_0700" }, "geometry": { "type": "Polygon", "coordinates": [ [ [ 78.46284223942834, 17.36435063800041 ], [ 78.472246054354258, 17.364469839027134 ], [ 78.472369918038495, 17.355439456318507 ], [ 78.462966562710406, 17.355320321100759 ], [ 78.46284223942834, 17.36435063800041 ] ] ] } },
{ "type": "Feature", "properties": { "grid_id": "HYD_0701" }, "geometry": { "type": "Polygon", "coordinates": [ [ [ 78.462966562710406, 17.355320321100759 ], [ 78.472369918038495, 17.355439456318507 ], [ 78.47249370715177, 17.346409064610022 ], [ 78.46309081114498, 17.346289995195054 ], [ 78.462966562710406, 17.355320321100759 ] ] ] } },
{ "type": "Feature", "properties": { "grid_id": "HYD_0702" }, "geometry": { "type": "Polygon", "coordinates": [ [ [ 78.46309081114498, 17.346289995195054 ], [ 78.47249370715177, 17.346409064610022 ], [ 78.472617421711064, 17.337378663905938 ], [ 78.463214984749129, 17.33725966028754 ], [ 78.46309081114498, 17.346289995195054 ] ] ] } },
{ "type": "Feature", "properties": { "grid_id": "HYD_0703" }, "geometry": { "type": "Polygon", "coordinates": [ [ [ 78.463214984749129, 17.33725966028754 ], [ 78.472617421711064, 17.337378663905938 ], [ 78.472741061733345, 17.328348254210514 ], [ 78.463339083539864, 17.328229316382483 ], [ 78.463214984749129, 17.33725966028754 ] ] ] } },
{ "type": "Feature", "properties": { "grid_id": "HYD_0704" }, "geometry": { "type": "Polygon", "coordinates": [ [ [ 78.463339083539864, 17.328229316382483 ], [ 78.472741061733345, 17.328348254210514 ], [ 78.472864627235566, 17.319317835527993 ], [ 78.46346310753421, 17.319198963484141 ], [ 78.463339083539864, 17.328229316382483 ] ] ] } },
{ "type": "Feature", "properties": { "grid_id": "HYD_0705" }, "geometry": { "type": "Polygon", "coordinates": [ [ [ 78.46346310753421, 17.319198963484141 ], [ 78.472864627235566, 17.319317835527993 ], [ 78.472988118234667, 17.310287407862635 ], [ 78.463587056749162, 17.310168601596768 ], [ 78.46346310753421, 17.319198963484141 ] ] ] } },
{ "type": "Feature", "properties": { "grid_id": "HYD_0706" }, "geometry": { "type": "Polygon", "coordinates": [ [ [ 78.463587056749162, 17.310168601596768 ], [ 78.472988118234667, 17.310287407862635 ], [ 78.473111534747574, 17.301256971218699 ], [ 78.463710931201717, 17.301138230724622 ], [ 78.463587056749162, 17.310168601596768 ] ] ] } },
{ "type": "Feature", "properties": { "grid_id": "HYD_0707" }, "geometry": { "type": "Polygon", "coordinates": [ [ [ 78.463710931201717, 17.301138230724622 ], [ 78.473111534747574, 17.301256971218699 ], [ 78.47323487679121, 17.29222652560043 ], [ 78.463834730908857, 17.292107850871972 ], [ 78.463710931201717, 17.301138230724622 ] ] ] } },
{ "type": "Feature", "properties": { "grid_id": "HYD_0708" }, "geometry": { "type": "Polygon", "coordinates": [ [ [ 78.463834730908857, 17.292107850871972 ], [ 78.47323487679121, 17.29222652560043 ], [ 78.473358144382487, 17.283196071012092 ], [ 78.46395845588755, 17.283077462043067 ], [ 78.463834730908857, 17.292107850871972 ] ] ] } },
{ "type": "Feature", "properties": { "grid_id": "HYD_0709" }, "geometry": { "type": "Polygon", "coordinates": [ [ [ 78.46395845588755, 17.283077462043067 ], [ 78.473358144382487, 17.283196071012092 ], [ 78.473481337538288, 17.274165607457942 ], [ 78.464082106154748, 17.274047064242179 ], [ 78.46395845588755, 17.283077462043067 ] ] ] } },
{ "type": "Feature", "properties": { "grid_id": "HYD_0710" }, "geometry": { "type": "Polygon", "coordinates": [ [ [ 78.464082106154748, 17.274047064242179 ], [ 78.473481337538288, 17.274165607457942 ], [ 78.473604456275496, 17.265135134942241 ], [ 78.464205681727393, 17.265016657473559 ], [ 78.464082106154748, 17.274047064242179 ] ] ] } },
{ "type": "Feature", "properties": { "grid_id": "HYD_0711" }, "geometry": { "type": "Polygon", "coordinates": [ [ [ 78.464205681727393, 17.265016657473559 ], [ 78.473604456275496, 17.265135134942241 ], [ 78.473727500610977, 17.256104653469237 ], [ 78.464329182622436, 17.255986241741471 ], [ 78.464205681727393, 17.265016657473559 ] ] ] } },
{ "type": "Feature", "properties": { "grid_id": "HYD_0712" }, "geometry": { "type": "Polygon", "coordinates": [ [ [ 78.464329182622436, 17.255986241741471 ], [ 78.473727500610977, 17.256104653469237 ], [ 78.473850470561601, 17.247074163043191 ], [ 78.46445260885676, 17.246955817050189 ], [ 78.464329182622436, 17.255986241741471 ] ] ] } },
{ "type": "Feature", "properties": { "grid_id": "HYD_0713" }, "geometry": { "type": "Polygon", "coordinates": [ [ [ 78.46445260885676, 17.246955817050189 ], [ 78.473850470561601, 17.247074163043191 ], [ 78.473973366144193, 17.238043663668368 ], [ 78.464575960447306, 17.237925383403965 ], [ 78.46445260885676, 17.246955817050189 ] ] ] } },
{ "type": "Feature", "properties": { "grid_id": "HYD_0714" }, "geometry": { "type": "Polygon", "coordinates": [ [ [ 78.464575960447306, 17.237925383403965 ], [ 78.473973366144193, 17.238043663668368 ], [ 78.474096187375608, 17.22901315534903 ], [ 78.464699237410954, 17.228894940807074 ], [ 78.464575960447306, 17.237925383403965 ] ] ] } },
{ "type": "Feature", "properties": { "grid_id": "HYD_0715" }, "geometry": { "type": "Polygon", "coordinates": [ [ [ 78.464699237410954, 17.228894940807074 ], [ 78.474096187375608, 17.22901315534903 ], [ 78.474218934272656, 17.21998263808943 ], [ 78.464822439764575, 17.219864489263763 ], [ 78.464699237410954, 17.228894940807074 ] ] ] } },
{ "type": "Feature", "properties": { "grid_id": "HYD_0716" }, "geometry": { "type": "Polygon", "coordinates": [ [ [ 78.464822439764575, 17.219864489263763 ], [ 78.474218934272656, 17.21998263808943 ], [ 78.474341606852136, 17.210952111893842 ], [ 78.464945567525064, 17.210834028778319 ], [ 78.464822439764575, 17.219864489263763 ] ] ] } },
{ "type": "Feature", "properties": { "grid_id": "HYD_0717" }, "geometry": { "type": "Polygon", "coordinates": [ [ [ 78.464945567525064, 17.210834028778319 ], [ 78.474341606852136, 17.210952111893842 ], [ 78.474464205130843, 17.201921576766516 ], [ 78.46506862070926, 17.201803559354993 ], [ 78.464945567525064, 17.210834028778319 ] ] ] } },
{ "type": "Feature", "properties": { "grid_id": "HYD_0718" }, "geometry": { "type": "Polygon", "coordinates": [ [ [ 78.468873484683357, 17.608286754694657 ], [ 78.478289888556674, 17.60840728677266 ], [ 78.478415305014281, 17.599377082931372 ], [ 78.468999368246003, 17.599256616587173 ], [ 78.468873484683357, 17.608286754694657 ] ] ] } },
{ "type": "Feature", "properties": { "grid_id": "HYD_0719" }, "geometry": { "type": "Polygon", "coordinates": [ [ [ 78.468999368246003, 17.599256616587173 ], [ 78.478415305014281, 17.599377082931372 ], [ 78.478540646716112, 17.590346869981943 ], [ 78.469125176774639, 17.590226469365266 ], [ 78.468999368246003, 17.599256616587173 ] ] ] } },
{ "type": "Feature", "properties": { "grid_id": "HYD_0720" }, "geometry": { "type": "Polygon", "coordinates": [ [ [ 78.469125176774639, 17.590226469365266 ], [ 78.478540646716112, 17.590346869981943 ], [ 78.478665913679436, 17.581316647928617 ], [ 78.469250910286576, 17.581196313033157 ], [ 78.469125176774639, 17.590226469365266 ] ] ] } },
{ "type": "Feature", "properties": { "grid_id": "HYD_0721" }, "geometry": { "type": "Polygon", "coordinates": [ [ [ 78.469250910286576, 17.581196313033157 ], [ 78.478665913679436, 17.581316647928617 ], [ 78.478791105921474, 17.572286416775611 ], [ 78.469376568799134, 17.572166147595095 ], [ 78.469250910286576, 17.581196313033157 ] ] ] } },
{ "type": "Feature", "properties": { "grid_id": "HYD_0722" }, "geometry": { "type": "Polygon", "coordinates": [ [ [ 78.469376568799134, 17.572166147595095 ], [ 78.478791105921474, 17.572286416775611 ], [ 78.478916223459464, 17.563256176527165 ], [ 78.469502152329568, 17.563135973055306 ], [ 78.469376568799134, 17.572166147595095 ] ] ] } },
{ "type": "Feature", "properties": { "grid_id": "HYD_0723" }, "geometry": { "type": "Polygon", "coordinates": [ [ [ 78.469502152329568, 17.563135973055306 ], [ 78.478916223459464, 17.563256176527165 ], [ 78.479041266310588, 17.554225927187517 ], [ 78.469627660895171, 17.554105789418031 ], [ 78.469502152329568, 17.563135973055306 ] ] ] } },
{ "type": "Feature", "properties": { "grid_id": "HYD_0724" }, "geometry": { "type": "Polygon", "coordinates": [ [ [ 78.469627660895171, 17.554105789418031 ], [ 78.479041266310588, 17.554225927187517 ], [ 78.47916623449207, 17.545195668760893 ], [ 78.469753094513209, 17.545075596687507 ], [ 78.469627660895171, 17.554105789418031 ] ] ] } },
{ "type": "Feature", "properties": { "grid_id": "HYD_0725" }, "geometry": { "type": "Polygon", "coordinates": [ [ [ 78.469753094513209, 17.545075596687507 ], [ 78.47916623449207, 17.545195668760893 ], [ 78.479291128021075, 17.536165401251527 ], [ 78.469878453200906, 17.536045394867976 ], [ 78.469753094513209, 17.545075596687507 ] ] ] } },
{ "type": "Feature", "properties": { "grid_id": "HYD_0726" }, "geometry": { "type": "Polygon", "coordinates": [ [ [ 78.469878453200906, 17.536045394867976 ], [ 78.479291128021075, 17.536165401251527 ], [ 78.479415946914784, 17.527135124663662 ], [ 78.470003736975499, 17.527015183963673 ], [ 78.469878453200906, 17.536045394867976 ] ] ] } },
{ "type": "Feature", "properties": { "grid_id": "HYD_0727" }, "geometry": { "type": "Polygon", "coordinates": [ [ [ 78.470003736975499, 17.527015183963673 ], [ 78.479415946914784, 17.527135124663662 ], [ 78.479540691190365, 17.518104839001531 ], [ 78.470128945854242, 17.517984963978844 ], [ 78.470003736975499, 17.527015183963673 ] ] ] } },
{ "type": "Feature", "properties": { "grid_id": "HYD_0728" }, "geometry": { "type": "Polygon", "coordinates": [ [ [ 78.470128945854242, 17.517984963978844 ], [ 78.479540691190365, 17.518104839001531 ], [ 78.479665360864928, 17.509074544269364 ], [ 78.4702540798543, 17.508954734917722 ], [ 78.470128945854242, 17.517984963978844 ] ] ] } },
{ "type": "Feature", "properties": { "grid_id": "HYD_0729" }, "geometry": { "type": "Polygon", "coordinates": [ [ [ 78.4702540798543, 17.508954734917722 ], [ 78.479665360864928, 17.509074544269364 ], [ 78.479789955955653, 17.500044240471397 ], [ 78.470379138992925, 17.499924496784555 ], [ 78.4702540798543, 17.508954734917722 ] ] ] } },
{ "type": "Feature", "properties": { "grid_id": "HYD_0730" }, "geometry": { "type": "Polygon", "coordinates": [ [ [ 78.470379138992925, 17.499924496784555 ], [ 78.479789955955653, 17.500044240471397 ], [ 78.479914476479635, 17.491013927611888 ], [ 78.470504123287256, 17.490894249583583 ], [ 78.470379138992925, 17.499924496784555 ] ] ] } },
{ "type": "Feature", "properties": { "grid_id": "HYD_0731" }, "geometry": { "type": "Polygon", "coordinates": [ [ [ 78.470504123287256, 17.490894249583583 ], [ 78.479914476479635, 17.491013927611888 ], [ 78.480038922454, 17.481983605695049 ], [ 78.470629032754502, 17.481863993319042 ], [ 78.470504123287256, 17.490894249583583 ] ] ] } },
{ "type": "Feature", "properties": { "grid_id": "HYD_0732" }, "geometry": { "type": "Polygon", "coordinates": [ [ [ 78.470629032754502, 17.481863993319042 ], [ 78.480038922454, 17.481983605695049 ], [ 78.480163293895842, 17.472953274725135 ], [ 78.470753867411787, 17.47283372799518 ], [ 78.470629032754502, 17.481863993319042 ] ] ] } },
{ "type": "Feature", "properties": { "grid_id": "HYD_0733" }, "geometry": { "type": "Polygon", "coordinates": [ [ [ 78.470753867411787, 17.47283372799518 ], [ 78.480163293895842, 17.472953274725135 ], [ 78.480287590822229, 17.463922934706378 ], [ 78.470878627276306, 17.46380345361624 ], [ 78.470753867411787, 17.47283372799518 ] ] ] } },
{ "type": "Feature", "properties": { "grid_id": "HYD_0734" }, "geometry": { "type": "Polygon", "coordinates": [ [ [ 78.470878627276306, 17.46380345361624 ], [ 78.480287590822229, 17.463922934706378 ], [ 78.480411813250271, 17.454892585643023 ], [ 78.471003312365156, 17.454773170186471 ], [ 78.470878627276306, 17.46380345361624 ] ] ] } },
{ "type": "Feature", "properties": { "grid_id": "HYD_0735" }, "geometry": { "type": "Polygon", "coordinates": [ [ [ 78.471003312365156, 17.454773170186471 ], [ 78.480411813250271, 17.454892585643023 ], [ 78.48053596119702, 17.445862227539312 ], [ 78.471127922695487, 17.445742877710106 ], [ 78.471003312365156, 17.454773170186471 ] ] ] } },
{ "type": "Feature", "properties": { "grid_id": "HYD_0736" }, "geometry": { "type": "Polygon", "coordinates": [ [ [ 78.471127922695487, 17.445742877710106 ], [ 78.48053596119702, 17.445862227539312 ], [ 78.480660034679488, 17.436831860399479 ], [ 78.471252458284383, 17.436712576191407 ], [ 78.471127922695487, 17.445742877710106 ] ] ] } },
{ "type": "Feature", "properties": { "grid_id": "HYD_0737" }, "geometry": { "type": "Polygon", "coordinates": [ [ [ 78.471252458284383, 17.436712576191407 ], [ 78.480660034679488, 17.436831860399479 ], [ 78.480784033714755, 17.427801484227771 ], [ 78.471376919148994, 17.427682265634608 ], [ 78.471252458284383, 17.436712576191407 ] ] ] } },
{ "type": "Feature", "properties": { "grid_id": "HYD_0738" }, "geometry": { "type": "Polygon", "coordinates": [ [ [ 78.471376919148994, 17.427682265634608 ], [ 78.480784033714755, 17.427801484227771 ], [ 78.480907958319818, 17.418771099028437 ], [ 78.471501305306361, 17.418651946043962 ], [ 78.471376919148994, 17.427682265634608 ] ] ] } },
{ "type": "Feature", "properties": { "grid_id": "HYD_0739" }, "geometry": { "type": "Polygon", "coordinates": [ [ [ 78.471501305306361, 17.418651946043962 ], [ 78.480907958319818, 17.418771099028437 ], [ 78.481031808511716, 17.409740704805706 ], [ 78.471625616773593, 17.409621617423706 ], [ 78.471501305306361, 17.418651946043962 ] ] ] } },
{ "type": "Feature", "properties": { "grid_id": "HYD_0740" }, "geometry": { "type": "Polygon", "coordinates": [ [ [ 78.471625616773593, 17.409621617423706 ], [ 78.481031808511716, 17.409740704805706 ], [ 78.481155584307444, 17.400710301563834 ], [ 78.471749853567729, 17.400591279778109 ], [ 78.471625616773593, 17.409621617423706 ] ] ] } },
{ "type": "Feature", "properties": { "grid_id": "HYD_0741" }, "geometry": { "type": "Polygon", "coordinates": [ [ [ 78.471749853567729, 17.400591279778109 ], [ 78.481155584307444, 17.400710301563834 ], [ 78.481279285723957, 17.391679889307063 ], [ 78.471874015705836, 17.3915609331114 ], [ 78.471749853567729, 17.400591279778109 ] ] ] } },
{ "type": "Feature", "properties": { "grid_id": "HYD_0742" }, "geometry": { "type": "Polygon", "coordinates": [ [ [ 78.471874015705836, 17.3915609331114 ], [ 78.481279285723957, 17.391679889307063 ], [ 78.481402912778279, 17.382649468039638 ], [ 78.471998103204939, 17.382530577427833 ], [ 78.471874015705836, 17.3915609331114 ] ] ] } },
{ "type": "Feature", "properties": { "grid_id": "HYD_0743" }, "geometry": { "type": "Polygon", "coordinates": [ [ [ 78.471998103204939, 17.382530577427833 ], [ 78.481402912778279, 17.382649468039638 ], [ 78.481526465487349, 17.373619037765806 ], [ 78.472122116082076, 17.37350021273166 ], [ 78.471998103204939, 17.382530577427833 ] ] ] } },
{ "type": "Feature", "properties": { "grid_id": "HYD_0744" }, "geometry": { "type": "Polygon", "coordinates": [ [ [ 78.472122116082076, 17.37350021273166 ], [ 78.481526465487349, 17.373619037765806 ], [ 78.481649943868121, 17.364588598489803 ], [ 78.472246054354258, 17.364469839027134 ], [ 78.472122116082076, 17.37350021273166 ] ] ] } },
{ "type": "Feature", "properties": { "grid_id": "HYD_0745" }, "geometry": { "type": "Polygon", "coordinates": [ [ [ 78.472246054354258, 17.364469839027134 ], [ 78.481649943868121, 17.364588598489803 ], [ 78.481773347937548, 17.355558150215892 ], [ 78.472369918038495, 17.355439456318507 ], [ 78.472246054354258, 17.364469839027134 ] ] ] } },
{ "type": "Feature", "properties": { "grid_id": "HYD_0746" }, "geometry": { "type": "Polygon", "coordinates": [ [ [ 78.472369918038495, 17.355439456318507 ], [ 78.481773347937548, 17.355558150215892 ], [ 78.481896677712541, 17.346527692948314 ], [ 78.47249370715177, 17.346409064610022 ], [ 78.472369918038495, 17.355439456318507 ] ] ] } },
{ "type": "Feature", "properties": { "grid_id": "HYD_0747" }, "geometry": { "type": "Polygon", "coordinates": [ [ [ 78.47249370715177, 17.346409064610022 ], [ 78.481896677712541, 17.346527692948314 ], [ 78.482019933210012, 17.337497226691308 ], [ 78.472617421711064, 17.337378663905938 ], [ 78.47249370715177, 17.346409064610022 ] ] ] } },
{ "type": "Feature", "properties": { "grid_id": "HYD_0748" }, "geometry": { "type": "Polygon", "coordinates": [ [ [ 78.472617421711064, 17.337378663905938 ], [ 78.482019933210012, 17.337497226691308 ], [ 78.482143114446885, 17.328466751449145 ], [ 78.472741061733345, 17.328348254210514 ], [ 78.472617421711064, 17.337378663905938 ] ] ] } },
{ "type": "Feature", "properties": { "grid_id": "HYD_0749" }, "geometry": { "type": "Polygon", "coordinates": [ [ [ 78.472741061733345, 17.328348254210514 ], [ 78.482143114446885, 17.328466751449145 ], [ 78.482266221440042, 17.31943626722606 ], [ 78.472864627235566, 17.319317835527993 ], [ 78.472741061733345, 17.328348254210514 ] ] ] } },
{ "type": "Feature", "properties": { "grid_id": "HYD_0750" }, "geometry": { "type": "Polygon", "coordinates": [ [ [ 78.472864627235566, 17.319317835527993 ], [ 78.482266221440042, 17.31943626722606 ], [ 78.482389254206353, 17.3104057740263 ], [ 78.472988118234667, 17.310287407862635 ], [ 78.472864627235566, 17.319317835527993 ] ] ] } },
{ "type": "Feature", "properties": { "grid_id": "HYD_0751" }, "geometry": { "type": "Polygon", "coordinates": [ [ [ 78.472988118234667, 17.310287407862635 ], [ 78.482389254206353, 17.3104057740263 ], [ 78.4825122127627, 17.301375271854123 ], [ 78.473111534747574, 17.301256971218699 ], [ 78.472988118234667, 17.310287407862635 ] ] ] } },
{ "type": "Feature", "properties": { "grid_id": "HYD_0752" }, "geometry": { "type": "Polygon", "coordinates": [ [ [ 78.473111534747574, 17.301256971218699 ], [ 78.4825122127627, 17.301375271854123 ], [ 78.482635097125936, 17.292344760713785 ], [ 78.47323487679121, 17.29222652560043 ], [ 78.473111534747574, 17.301256971218699 ] ] ] } },
{ "type": "Feature", "properties": { "grid_id": "HYD_0753" }, "geometry": { "type": "Polygon", "coordinates": [ [ [ 78.47323487679121, 17.29222652560043 ], [ 78.482635097125936, 17.292344760713785 ], [ 78.482757907312887, 17.283314240609524 ], [ 78.473358144382487, 17.283196071012092 ], [ 78.47323487679121, 17.29222652560043 ] ] ] } },
{ "type": "Feature", "properties": { "grid_id": "HYD_0754" }, "geometry": { "type": "Polygon", "coordinates": [ [ [ 78.473358144382487, 17.283196071012092 ], [ 78.482757907312887, 17.283314240609524 ], [ 78.482880643340408, 17.274283711545618 ], [ 78.473481337538288, 17.274165607457942 ], [ 78.473358144382487, 17.283196071012092 ] ] ] } },
{ "type": "Feature", "properties": { "grid_id": "HYD_0755" }, "geometry": { "type": "Polygon", "coordinates": [ [ [ 78.473481337538288, 17.274165607457942 ], [ 78.482880643340408, 17.274283711545618 ], [ 78.48300330522531, 17.265253173526297 ], [ 78.473604456275496, 17.265135134942241 ], [ 78.473481337538288, 17.274165607457942 ] ] ] } },
{ "type": "Feature", "properties": { "grid_id": "HYD_0756" }, "geometry": { "type": "Polygon", "coordinates": [ [ [ 78.473604456275496, 17.265135134942241 ], [ 78.48300330522531, 17.265253173526297 ], [ 78.48312589298439, 17.256222626555815 ], [ 78.473727500610977, 17.256104653469237 ], [ 78.473604456275496, 17.265135134942241 ] ] ] } },
{ "type": "Feature", "properties": { "grid_id": "HYD_0757" }, "geometry": { "type": "Polygon", "coordinates": [ [ [ 78.473727500610977, 17.256104653469237 ], [ 78.48312589298439, 17.256222626555815 ], [ 78.483248406634445, 17.247192070638441 ], [ 78.473850470561601, 17.247074163043191 ], [ 78.473727500610977, 17.256104653469237 ] ] ] } },
{ "type": "Feature", "properties": { "grid_id": "HYD_0758" }, "geometry": { "type": "Polygon", "coordinates": [ [ [ 78.473850470561601, 17.247074163043191 ], [ 78.483248406634445, 17.247192070638441 ], [ 78.483370846192273, 17.238161505778422 ], [ 78.473973366144193, 17.238043663668368 ], [ 78.473850470561601, 17.247074163043191 ] ] ] } },
{ "type": "Feature", "properties": { "grid_id": "HYD_0759" }, "geometry": { "type": "Polygon", "coordinates": [ [ [ 78.473973366144193, 17.238043663668368 ], [ 78.483370846192273, 17.238161505778422 ], [ 78.483493211674627, 17.22913093198002 ], [ 78.474096187375608, 17.22901315534903 ], [ 78.473973366144193, 17.238043663668368 ] ] ] } },
{ "type": "Feature", "properties": { "grid_id": "HYD_0760" }, "geometry": { "type": "Polygon", "coordinates": [ [ [ 78.474096187375608, 17.22901315534903 ], [ 78.483493211674627, 17.22913093198002 ], [ 78.483615503098264, 17.220100349247481 ], [ 78.474218934272656, 17.21998263808943 ], [ 78.474096187375608, 17.22901315534903 ] ] ] } },
{ "type": "Feature", "properties": { "grid_id": "HYD_0761" }, "geometry": { "type": "Polygon", "coordinates": [ [ [ 78.474218934272656, 17.21998263808943 ], [ 78.483615503098264, 17.220100349247481 ], [ 78.483737720479951, 17.211069757585079 ], [ 78.474341606852136, 17.210952111893842 ], [ 78.474218934272656, 17.21998263808943 ] ] ] } },
{ "type": "Feature", "properties": { "grid_id": "HYD_0762" }, "geometry": { "type": "Polygon", "coordinates": [ [ [ 78.474341606852136, 17.210952111893842 ], [ 78.483737720479951, 17.211069757585079 ], [ 78.483859863836415, 17.202039156997063 ], [ 78.474464205130843, 17.201921576766516 ], [ 78.474341606852136, 17.210952111893842 ] ] ] } },
{ "type": "Feature", "properties": { "grid_id": "HYD_0763" }, "geometry": { "type": "Polygon", "coordinates": [ [ [ 78.478289888556674, 17.60840728677266 ], [ 78.487706367203003, 17.608527370682392 ], [ 78.487831316538305, 17.599497101351623 ], [ 78.478415305014281, 17.599377082931372 ], [ 78.478289888556674, 17.60840728677266 ] ] ] } },
{ "type": "Feature", "properties": { "grid_id": "HYD_0764" }, "geometry": { "type": "Polygon", "coordinates": [ [ [ 78.478415305014281, 17.599377082931372 ], [ 78.487831316538305, 17.599497101351623 ], [ 78.487956191396094, 17.590466822918984 ], [ 78.478540646716112, 17.590346869981943 ], [ 78.478415305014281, 17.599377082931372 ] ] ] } },
{ "type": "Feature", "properties": { "grid_id": "HYD_0765" }, "geometry": { "type": "Polygon", "coordinates": [ [ [ 78.478540646716112, 17.590346869981943 ], [ 78.487956191396094, 17.590466822918984 ], [ 78.488080991793566, 17.581436535388715 ], [ 78.478665913679436, 17.581316647928617 ], [ 78.478540646716112, 17.590346869981943 ] ] ] } },
{ "type": "Feature", "properties": { "grid_id": "HYD_0766" }, "geometry": { "type": "Polygon", "coordinates": [ [ [ 78.478665913679436, 17.581316647928617 ], [ 78.488080991793566, 17.581436535388715 ], [ 78.488205717747874, 17.572406238765037 ], [ 78.478791105921474, 17.572286416775611 ], [ 78.478665913679436, 17.581316647928617 ] ] ] } },
{ "type": "Feature", "properties": { "grid_id": "HYD_0767" }, "geometry": { "type": "Polygon", "coordinates": [ [ [ 78.478791105921474, 17.572286416775611 ], [ 78.488205717747874, 17.572406238765037 ], [ 78.488330369276198, 17.563375933052175 ], [ 78.478916223459464, 17.563256176527165 ], [ 78.478791105921474, 17.572286416775611 ] ] ] } },
{ "type": "Feature", "properties": { "grid_id": "HYD_0768" }, "geometry": { "type": "Polygon", "coordinates": [ [ [ 78.478916223459464, 17.563256176527165 ], [ 78.488330369276198, 17.563375933052175 ], [ 78.488454946395663, 17.554345618254366 ], [ 78.479041266310588, 17.554225927187517 ], [ 78.478916223459464, 17.563256176527165 ] ] ] } },
{ "type": "Feature", "properties": { "grid_id": "HYD_0769" }, "geometry": { "type": "Polygon", "coordinates": [ [ [ 78.479041266310588, 17.554225927187517 ], [ 78.488454946395663, 17.554345618254366 ], [ 78.488579449123407, 17.545315294375829 ], [ 78.47916623449207, 17.545195668760893 ], [ 78.479041266310588, 17.554225927187517 ] ] ] } },
{ "type": "Feature", "properties": { "grid_id": "HYD_0770" }, "geometry": { "type": "Polygon", "coordinates": [ [ [ 78.47916623449207, 17.545195668760893 ], [ 78.488579449123407, 17.545315294375829 ], [ 78.488703877476553, 17.536284961420797 ], [ 78.479291128021075, 17.536165401251527 ], [ 78.47916623449207, 17.545195668760893 ] ] ] } },
{ "type": "Feature", "properties": { "grid_id": "HYD_0771" }, "geometry": { "type": "Polygon", "coordinates": [ [ [ 78.479291128021075, 17.536165401251527 ], [ 78.488703877476553, 17.536284961420797 ], [ 78.488828231472212, 17.52725461939351 ], [ 78.479415946914784, 17.527135124663662 ], [ 78.479291128021075, 17.536165401251527 ] ] ] } },
{ "type": "Feature", "properties": { "grid_id": "HYD_0772" }, "geometry": { "type": "Polygon", "coordinates": [ [ [ 78.479415946914784, 17.527135124663662 ], [ 78.488828231472212, 17.52725461939351 ], [ 78.488952511127465, 17.518224268298198 ], [ 78.479540691190365, 17.518104839001531 ], [ 78.479415946914784, 17.527135124663662 ] ] ] } },
{ "type": "Feature", "properties": { "grid_id": "HYD_0773" }, "geometry": { "type": "Polygon", "coordinates": [ [ [ 78.479540691190365, 17.518104839001531 ], [ 78.488952511127465, 17.518224268298198 ], [ 78.489076716459408, 17.509193908139082 ], [ 78.479665360864928, 17.509074544269364 ], [ 78.479540691190365, 17.518104839001531 ] ] ] } },
{ "type": "Feature", "properties": { "grid_id": "HYD_0774" }, "geometry": { "type": "Polygon", "coordinates": [ [ [ 78.479665360864928, 17.509074544269364 ], [ 78.489076716459408, 17.509193908139082 ], [ 78.489200847485108, 17.500163538920408 ], [ 78.479789955955653, 17.500044240471397 ], [ 78.479665360864928, 17.509074544269364 ] ] ] } },
{ "type": "Feature", "properties": { "grid_id": "HYD_0775" }, "geometry": { "type": "Polygon", "coordinates": [ [ [ 78.479789955955653, 17.500044240471397 ], [ 78.489200847485108, 17.500163538920408 ], [ 78.489324904221647, 17.491133160646399 ], [ 78.479914476479635, 17.491013927611888 ], [ 78.479789955955653, 17.500044240471397 ] ] ] } },
{ "type": "Feature", "properties": { "grid_id": "HYD_0776" }, "geometry": { "type": "Polygon", "coordinates": [ [ [ 78.479914476479635, 17.491013927611888 ], [ 78.489324904221647, 17.491133160646399 ], [ 78.489448886686034, 17.482102773321301 ], [ 78.480038922454, 17.481983605695049 ], [ 78.479914476479635, 17.491013927611888 ] ] ] } },
{ "type": "Feature", "properties": { "grid_id": "HYD_0777" }, "geometry": { "type": "Polygon", "coordinates": [ [ [ 78.480038922454, 17.481983605695049 ], [ 78.489448886686034, 17.482102773321301 ], [ 78.489572794895338, 17.473072376949329 ], [ 78.480163293895842, 17.472953274725135 ], [ 78.480038922454, 17.481983605695049 ] ] ] } },
{ "type": "Feature", "properties": { "grid_id": "HYD_0778" }, "geometry": { "type": "Polygon", "coordinates": [ [ [ 78.480163293895842, 17.472953274725135 ], [ 78.489572794895338, 17.473072376949329 ], [ 78.48969662886654, 17.464041971534744 ], [ 78.480287590822229, 17.463922934706378 ], [ 78.480163293895842, 17.472953274725135 ] ] ] } },
{ "type": "Feature", "properties": { "grid_id": "HYD_0779" }, "geometry": { "type": "Polygon", "coordinates": [ [ [ 78.480287590822229, 17.463922934706378 ], [ 78.48969662886654, 17.464041971534744 ], [ 78.489820388616707, 17.455011557081765 ], [ 78.480411813250271, 17.454892585643023 ], [ 78.480287590822229, 17.463922934706378 ] ] ] } },
{ "type": "Feature", "properties": { "grid_id": "HYD_0780" }, "geometry": { "type": "Polygon", "coordinates": [ [ [ 78.480411813250271, 17.454892585643023 ], [ 78.489820388616707, 17.455011557081765 ], [ 78.489944074162779, 17.445981133594636 ], [ 78.48053596119702, 17.445862227539312 ], [ 78.480411813250271, 17.454892585643023 ] ] ] } },
{ "type": "Feature", "properties": { "grid_id": "HYD_0781" }, "geometry": { "type": "Polygon", "coordinates": [ [ [ 78.48053596119702, 17.445862227539312 ], [ 78.489944074162779, 17.445981133594636 ], [ 78.490067685521794, 17.436950701077592 ], [ 78.480660034679488, 17.436831860399479 ], [ 78.48053596119702, 17.445862227539312 ] ] ] } },
{ "type": "Feature", "properties": { "grid_id": "HYD_0782" }, "geometry": { "type": "Polygon", "coordinates": [ [ [ 78.480660034679488, 17.436831860399479 ], [ 78.490067685521794, 17.436950701077592 ], [ 78.490191222710706, 17.427920259534869 ], [ 78.480784033714755, 17.427801484227771 ], [ 78.480660034679488, 17.436831860399479 ] ] ] } },
{ "type": "Feature", "properties": { "grid_id": "HYD_0783" }, "geometry": { "type": "Polygon", "coordinates": [ [ [ 78.480784033714755, 17.427801484227771 ], [ 78.490191222710706, 17.427920259534869 ], [ 78.490314685746455, 17.418889808970704 ], [ 78.480907958319818, 17.418771099028437 ], [ 78.480784033714755, 17.427801484227771 ] ] ] } },
{ "type": "Feature", "properties": { "grid_id": "HYD_0784" }, "geometry": { "type": "Polygon", "coordinates": [ [ [ 78.480907958319818, 17.418771099028437 ], [ 78.490314685746455, 17.418889808970704 ], [ 78.490438074646022, 17.409859349389347 ], [ 78.481031808511716, 17.409740704805706 ], [ 78.480907958319818, 17.418771099028437 ] ] ] } },
{ "type": "Feature", "properties": { "grid_id": "HYD_0785" }, "geometry": { "type": "Polygon", "coordinates": [ [ [ 78.481031808511716, 17.409740704805706 ], [ 78.490438074646022, 17.409859349389347 ], [ 78.490561389426333, 17.400828880795029 ], [ 78.481155584307444, 17.400710301563834 ], [ 78.481031808511716, 17.409740704805706 ] ] ] } },
{ "type": "Feature", "properties": { "grid_id": "HYD_0786" }, "geometry": { "type": "Polygon", "coordinates": [ [ [ 78.481155584307444, 17.400710301563834 ], [ 78.490561389426333, 17.400828880795029 ], [ 78.490684630104312, 17.391798403191995 ], [ 78.481279285723957, 17.391679889307063 ], [ 78.481155584307444, 17.400710301563834 ] ] ] } },
{ "type": "Feature", "properties": { "grid_id": "HYD_0787" }, "geometry": { "type": "Polygon", "coordinates": [ [ [ 78.481279285723957, 17.391679889307063 ], [ 78.490684630104312, 17.391798403191995 ], [ 78.49080779669687, 17.382767916584491 ], [ 78.481402912778279, 17.382649468039638 ], [ 78.481279285723957, 17.391679889307063 ] ] ] } },
{ "type": "Feature", "properties": { "grid_id": "HYD_0788" }, "geometry": { "type": "Polygon", "coordinates": [ [ [ 78.481402912778279, 17.382649468039638 ], [ 78.49080779669687, 17.382767916584491 ], [ 78.49093088922092, 17.373737420976735 ], [ 78.481526465487349, 17.373619037765806 ], [ 78.481402912778279, 17.382649468039638 ] ] ] } },
{ "type": "Feature", "properties": { "grid_id": "HYD_0789" }, "geometry": { "type": "Polygon", "coordinates": [ [ [ 78.481526465487349, 17.373619037765806 ], [ 78.49093088922092, 17.373737420976735 ], [ 78.491053907693342, 17.364706916372995 ], [ 78.481649943868121, 17.364588598489803 ], [ 78.481526465487349, 17.373619037765806 ] ] ] } },
{ "type": "Feature", "properties": { "grid_id": "HYD_0790" }, "geometry": { "type": "Polygon", "coordinates": [ [ [ 78.481649943868121, 17.364588598489803 ], [ 78.491053907693342, 17.364706916372995 ], [ 78.491176852131019, 17.355676402777508 ], [ 78.481773347937548, 17.355558150215892 ], [ 78.481649943868121, 17.364588598489803 ] ] ] } },
{ "type": "Feature", "properties": { "grid_id": "HYD_0791" }, "geometry": { "type": "Polygon", "coordinates": [ [ [ 78.481773347937548, 17.355558150215892 ], [ 78.491176852131019, 17.355676402777508 ], [ 78.491299722550806, 17.346645880194515 ], [ 78.481896677712541, 17.346527692948314 ], [ 78.481773347937548, 17.355558150215892 ] ] ] } },
{ "type": "Feature", "properties": { "grid_id": "HYD_0792" }, "geometry": { "type": "Polygon", "coordinates": [ [ [ 78.481896677712541, 17.346527692948314 ], [ 78.491299722550806, 17.346645880194515 ], [ 78.491422518969571, 17.337615348628262 ], [ 78.482019933210012, 17.337497226691308 ], [ 78.481896677712541, 17.346527692948314 ] ] ] } },
{ "type": "Feature", "properties": { "grid_id": "HYD_0793" }, "geometry": { "type": "Polygon", "coordinates": [ [ [ 78.482019933210012, 17.337497226691308 ], [ 78.491422518969571, 17.337615348628262 ], [ 78.49154524140414, 17.328584808082997 ], [ 78.482143114446885, 17.328466751449145 ], [ 78.482019933210012, 17.337497226691308 ] ] ] } },
{ "type": "Feature", "properties": { "grid_id": "HYD_0794" }, "geometry": { "type": "Polygon", "coordinates": [ [ [ 78.482143114446885, 17.328466751449145 ], [ 78.49154524140414, 17.328584808082997 ], [ 78.491667889871337, 17.31955425856296 ], [ 78.482266221440042, 17.31943626722606 ], [ 78.482143114446885, 17.328466751449145 ] ] ] } },
{ "type": "Feature", "properties": { "grid_id": "HYD_0795" }, "geometry": { "type": "Polygon", "coordinates": [ [ [ 78.482266221440042, 17.31943626722606 ], [ 78.491667889871337, 17.31955425856296 ], [ 78.491790464388018, 17.310523700072387 ], [ 78.482389254206353, 17.3104057740263 ], [ 78.482266221440042, 17.31943626722606 ] ] ] } },
{ "type": "Feature", "properties": { "grid_id": "HYD_0796" }, "geometry": { "type": "Polygon", "coordinates": [ [ [ 78.482389254206353, 17.3104057740263 ], [ 78.491790464388018, 17.310523700072387 ], [ 78.49191296497095, 17.301493132615551 ], [ 78.4825122127627, 17.301375271854123 ], [ 78.482389254206353, 17.3104057740263 ] ] ] } },
{ "type": "Feature", "properties": { "grid_id": "HYD_0797" }, "geometry": { "type": "Polygon", "coordinates": [ [ [ 78.4825122127627, 17.301375271854123 ], [ 78.49191296497095, 17.301493132615551 ], [ 78.492035391636918, 17.292462556196682 ], [ 78.482635097125936, 17.292344760713785 ], [ 78.4825122127627, 17.301375271854123 ] ] ] } },
{ "type": "Feature", "properties": { "grid_id": "HYD_0798" }, "geometry": { "type": "Polygon", "coordinates": [ [ [ 78.482635097125936, 17.292344760713785 ], [ 78.492035391636918, 17.292462556196682 ], [ 78.492157744402732, 17.283431970820036 ], [ 78.482757907312887, 17.283314240609524 ], [ 78.482635097125936, 17.292344760713785 ] ] ] } },
{ "type": "Feature", "properties": { "grid_id": "HYD_0799" }, "geometry": { "type": "Polygon", "coordinates": [ [ [ 78.482757907312887, 17.283314240609524 ], [ 78.492157744402732, 17.283431970820036 ], [ 78.492280023285161, 17.274401376489859 ], [ 78.482880643340408, 17.274283711545618 ], [ 78.482757907312887, 17.283314240609524 ] ] ] } },
{ "type": "Feature", "properties": { "grid_id": "HYD_0800" }, "geometry": { "type": "Polygon", "coordinates": [ [ [ 78.482880643340408, 17.274283711545618 ], [ 78.492280023285161, 17.274401376489859 ], [ 78.492402228300932, 17.265370773210396 ], [ 78.48300330522531, 17.265253173526297 ], [ 78.482880643340408, 17.274283711545618 ] ] ] } },
{ "type": "Feature", "properties": { "grid_id": "HYD_0801" }, "geometry": { "type": "Polygon", "coordinates": [ [ [ 78.48300330522531, 17.265253173526297 ], [ 78.492402228300932, 17.265370773210396 ], [ 78.492524359466827, 17.2563401609859 ], [ 78.48312589298439, 17.256222626555815 ], [ 78.48300330522531, 17.265253173526297 ] ] ] } },
{ "type": "Feature", "properties": { "grid_id": "HYD_0802" }, "geometry": { "type": "Polygon", "coordinates": [ [ [ 78.48312589298439, 17.256222626555815 ], [ 78.492524359466827, 17.2563401609859 ], [ 78.492646416799531, 17.24730953982063 ], [ 78.483248406634445, 17.247192070638441 ], [ 78.48312589298439, 17.256222626555815 ] ] ] } },
{ "type": "Feature", "properties": { "grid_id": "HYD_0803" }, "geometry": { "type": "Polygon", "coordinates": [ [ [ 78.483248406634445, 17.247192070638441 ], [ 78.492646416799531, 17.24730953982063 ], [ 78.492768400315811, 17.238278909718826 ], [ 78.483370846192273, 17.238161505778422 ], [ 78.483248406634445, 17.247192070638441 ] ] ] } },
{ "type": "Feature", "properties": { "grid_id": "HYD_0804" }, "geometry": { "type": "Polygon", "coordinates": [ [ [ 78.483370846192273, 17.238161505778422 ], [ 78.492768400315811, 17.238278909718826 ], [ 78.492890310032351, 17.229248270684753 ], [ 78.483493211674627, 17.22913093198002 ], [ 78.483370846192273, 17.238161505778422 ] ] ] } },
{ "type": "Feature", "properties": { "grid_id": "HYD_0805" }, "geometry": { "type": "Polygon", "coordinates": [ [ [ 78.483493211674627, 17.22913093198002 ], [ 78.492890310032351, 17.229248270684753 ], [ 78.493012145965849, 17.22021762272264 ], [ 78.483615503098264, 17.220100349247481 ], [ 78.483493211674627, 17.22913093198002 ] ] ] } },
{ "type": "Feature", "properties": { "grid_id": "HYD_0806" }, "geometry": { "type": "Polygon", "coordinates": [ [ [ 78.483615503098264, 17.220100349247481 ], [ 78.493012145965849, 17.22021762272264 ], [ 78.493133908133004, 17.21118696583677 ], [ 78.483737720479951, 17.211069757585079 ], [ 78.483615503098264, 17.220100349247481 ] ] ] } },
{ "type": "Feature", "properties": { "grid_id": "HYD_0807" }, "geometry": { "type": "Polygon", "coordinates": [ [ [ 78.483737720479951, 17.211069757585079 ], [ 78.493133908133004, 17.21118696583677 ], [ 78.493255596550469, 17.20215630003138 ], [ 78.483859863836415, 17.202039156997063 ], [ 78.483737720479951, 17.211069757585079 ] ] ] } },
{ "type": "Feature", "properties": { "grid_id": "HYD_0808" }, "geometry": { "type": "Polygon", "coordinates": [ [ [ 78.487706367203003, 17.608527370682392 ], [ 78.497122920344026, 17.60864700640823 ], [ 78.497247402539841, 17.599616671832319 ], [ 78.487831316538305, 17.599497101351623 ], [ 78.487706367203003, 17.608527370682392 ] ] ] } },
{ "type": "Feature", "properties": { "grid_id": "HYD_0809" }, "geometry": { "type": "Polygon", "coordinates": [ [ [ 78.487831316538305, 17.599497101351623 ], [ 78.497247402539841, 17.599616671832319 ], [ 78.497371810536407, 17.590586328160793 ], [ 78.487956191396094, 17.590466822918984 ], [ 78.487831316538305, 17.599497101351623 ] ] ] } },
{ "type": "Feature", "properties": { "grid_id": "HYD_0810" }, "geometry": { "type": "Polygon", "coordinates": [ [ [ 78.487956191396094, 17.590466822918984 ], [ 78.497371810536407, 17.590586328160793 ], [ 78.497496144350862, 17.581555975397873 ], [ 78.488080991793566, 17.581436535388715 ], [ 78.487956191396094, 17.590466822918984 ] ] ] } },
{ "type": "Feature", "properties": { "grid_id": "HYD_0811" }, "geometry": { "type": "Polygon", "coordinates": [ [ [ 78.488080991793566, 17.581436535388715 ], [ 78.497496144350862, 17.581555975397873 ], [ 78.497620404000287, 17.572525613547782 ], [ 78.488205717747874, 17.572406238765037 ], [ 78.488080991793566, 17.581436535388715 ] ] ] } },
{ "type": "Feature", "properties": { "grid_id": "HYD_0812" }, "geometry": { "type": "Polygon", "coordinates": [ [ [ 78.488205717747874, 17.572406238765037 ], [ 78.497620404000287, 17.572525613547782 ], [ 78.497744589501792, 17.563495242614756 ], [ 78.488330369276198, 17.563375933052175 ], [ 78.488205717747874, 17.572406238765037 ] ] ] } },
{ "type": "Feature", "properties": { "grid_id": "HYD_0813" }, "geometry": { "type": "Polygon", "coordinates": [ [ [ 78.488330369276198, 17.563375933052175 ], [ 78.497744589501792, 17.563495242614756 ], [ 78.497868700872459, 17.554464862603005 ], [ 78.488454946395663, 17.554345618254366 ], [ 78.488330369276198, 17.563375933052175 ] ] ] } },
{ "type": "Feature", "properties": { "grid_id": "HYD_0814" }, "geometry": { "type": "Polygon", "coordinates": [ [ [ 78.488454946395663, 17.554345618254366 ], [ 78.497868700872459, 17.554464862603005 ], [ 78.497992738129341, 17.54543447351676 ], [ 78.488579449123407, 17.545315294375829 ], [ 78.488454946395663, 17.554345618254366 ] ] ] } },
{ "type": "Feature", "properties": { "grid_id": "HYD_0815" }, "geometry": { "type": "Polygon", "coordinates": [ [ [ 78.488579449123407, 17.545315294375829 ], [ 78.497992738129341, 17.54543447351676 ], [ 78.498116701289518, 17.536404075360249 ], [ 78.488703877476553, 17.536284961420797 ], [ 78.488579449123407, 17.545315294375829 ] ] ] } },
{ "type": "Feature", "properties": { "grid_id": "HYD_0816" }, "geometry": { "type": "Polygon", "coordinates": [ [ [ 78.488703877476553, 17.536284961420797 ], [ 78.498116701289518, 17.536404075360249 ], [ 78.498240590370017, 17.527373668137692 ], [ 78.488828231472212, 17.52725461939351 ], [ 78.488703877476553, 17.536284961420797 ] ] ] } },
{ "type": "Feature", "properties": { "grid_id": "HYD_0817" }, "geometry": { "type": "Polygon", "coordinates": [ [ [ 78.488828231472212, 17.52725461939351 ], [ 78.498240590370017, 17.527373668137692 ], [ 78.498364405387889, 17.51834325185332 ], [ 78.488952511127465, 17.518224268298198 ], [ 78.488828231472212, 17.52725461939351 ] ] ] } },
{ "type": "Feature", "properties": { "grid_id": "HYD_0818" }, "geometry": { "type": "Polygon", "coordinates": [ [ [ 78.488952511127465, 17.518224268298198 ], [ 78.498364405387889, 17.51834325185332 ], [ 78.498488146360117, 17.509312826511366 ], [ 78.489076716459408, 17.509193908139082 ], [ 78.488952511127465, 17.518224268298198 ] ] ] } },
{ "type": "Feature", "properties": { "grid_id": "HYD_0819" }, "geometry": { "type": "Polygon", "coordinates": [ [ [ 78.489076716459408, 17.509193908139082 ], [ 78.498488146360117, 17.509312826511366 ], [ 78.498611813303768, 17.500282392116059 ], [ 78.489200847485108, 17.500163538920408 ], [ 78.489076716459408, 17.509193908139082 ] ] ] } },
{ "type": "Feature", "properties": { "grid_id": "HYD_0820" }, "geometry": { "type": "Polygon", "coordinates": [ [ [ 78.489200847485108, 17.500163538920408 ], [ 78.498611813303768, 17.500282392116059 ], [ 78.498735406235781, 17.491251948671625 ], [ 78.489324904221647, 17.491133160646399 ], [ 78.489200847485108, 17.500163538920408 ] ] ] } },
{ "type": "Feature", "properties": { "grid_id": "HYD_0821" }, "geometry": { "type": "Polygon", "coordinates": [ [ [ 78.489324904221647, 17.491133160646399 ], [ 78.498735406235781, 17.491251948671625 ], [ 78.498858925173153, 17.482221496182298 ], [ 78.489448886686034, 17.482102773321301 ], [ 78.489324904221647, 17.491133160646399 ] ] ] } },
{ "type": "Feature", "properties": { "grid_id": "HYD_0822" }, "geometry": { "type": "Polygon", "coordinates": [ [ [ 78.489448886686034, 17.482102773321301 ], [ 78.498858925173153, 17.482221496182298 ], [ 78.498982370132893, 17.473191034652299 ], [ 78.489572794895338, 17.473072376949329 ], [ 78.489448886686034, 17.482102773321301 ] ] ] } },
{ "type": "Feature", "properties": { "grid_id": "HYD_0823" }, "geometry": { "type": "Polygon", "coordinates": [ [ [ 78.489572794895338, 17.473072376949329 ], [ 78.498982370132893, 17.473191034652299 ], [ 78.499105741131913, 17.464160564085862 ], [ 78.48969662886654, 17.464041971534744 ], [ 78.489572794895338, 17.473072376949329 ] ] ] } },
{ "type": "Feature", "properties": { "grid_id": "HYD_0824" }, "geometry": { "type": "Polygon", "coordinates": [ [ [ 78.48969662886654, 17.464041971534744 ], [ 78.499105741131913, 17.464160564085862 ], [ 78.499229038187181, 17.455130084487234 ], [ 78.489820388616707, 17.455011557081765 ], [ 78.48969662886654, 17.464041971534744 ] ] ] } },
{ "type": "Feature", "properties": { "grid_id": "HYD_0825" }, "geometry": { "type": "Polygon", "coordinates": [ [ [ 78.489820388616707, 17.455011557081765 ], [ 78.499229038187181, 17.455130084487234 ], [ 78.499352261315636, 17.446099595860634 ], [ 78.489944074162779, 17.445981133594636 ], [ 78.489820388616707, 17.455011557081765 ] ] ] } },
{ "type": "Feature", "properties": { "grid_id": "HYD_0826" }, "geometry": { "type": "Polygon", "coordinates": [ [ [ 78.489944074162779, 17.445981133594636 ], [ 78.499352261315636, 17.446099595860634 ], [ 78.499475410534203, 17.437069098210294 ], [ 78.490067685521794, 17.436950701077592 ], [ 78.489944074162779, 17.445981133594636 ] ] ] } },
{ "type": "Feature", "properties": { "grid_id": "HYD_0827" }, "geometry": { "type": "Polygon", "coordinates": [ [ [ 78.490067685521794, 17.436950701077592 ], [ 78.499475410534203, 17.437069098210294 ], [ 78.499598485859792, 17.428038591540464 ], [ 78.490191222710706, 17.427920259534869 ], [ 78.490067685521794, 17.436950701077592 ] ] ] } },
{ "type": "Feature", "properties": { "grid_id": "HYD_0828" }, "geometry": { "type": "Polygon", "coordinates": [ [ [ 78.490191222710706, 17.427920259534869 ], [ 78.499598485859792, 17.428038591540464 ], [ 78.499721487309273, 17.419008075855352 ], [ 78.490314685746455, 17.418889808970704 ], [ 78.490191222710706, 17.427920259534869 ] ] ] } },
{ "type": "Feature", "properties": { "grid_id": "HYD_0829" }, "geometry": { "type": "Polygon", "coordinates": [ [ [ 78.490314685746455, 17.418889808970704 ], [ 78.499721487309273, 17.419008075855352 ], [ 78.49984441489957, 17.409977551159216 ], [ 78.490438074646022, 17.409859349389347 ], [ 78.490314685746455, 17.418889808970704 ] ] ] } },
{ "type": "Feature", "properties": { "grid_id": "HYD_0830" }, "geometry": { "type": "Polygon", "coordinates": [ [ [ 78.490438074646022, 17.409859349389347 ], [ 78.49984441489957, 17.409977551159216 ], [ 78.499967268647566, 17.400947017456286 ], [ 78.490561389426333, 17.400828880795029 ], [ 78.490438074646022, 17.409859349389347 ] ] ] } },
{ "type": "Feature", "properties": { "grid_id": "HYD_0831" }, "geometry": { "type": "Polygon", "coordinates": [ [ [ 78.490561389426333, 17.400828880795029 ], [ 78.499967268647566, 17.400947017456286 ], [ 78.500090048570073, 17.391916474750797 ], [ 78.490684630104312, 17.391798403191995 ], [ 78.490561389426333, 17.400828880795029 ] ] ] } },
{ "type": "Feature", "properties": { "grid_id": "HYD_0832" }, "geometry": { "type": "Polygon", "coordinates": [ [ [ 78.490684630104312, 17.391798403191995 ], [ 78.500090048570073, 17.391916474750797 ], [ 78.500212754683972, 17.382885923046988 ], [ 78.49080779669687, 17.382767916584491 ], [ 78.490684630104312, 17.391798403191995 ] ] ] } },
{ "type": "Feature", "properties": { "grid_id": "HYD_0833" }, "geometry": { "type": "Polygon", "coordinates": [ [ [ 78.49080779669687, 17.382767916584491 ], [ 78.500212754683972, 17.382885923046988 ], [ 78.500335387006118, 17.37385536234909 ], [ 78.49093088922092, 17.373737420976735 ], [ 78.49080779669687, 17.382767916584491 ] ] ] } },
{ "type": "Feature", "properties": { "grid_id": "HYD_0834" }, "geometry": { "type": "Polygon", "coordinates": [ [ [ 78.49093088922092, 17.373737420976735 ], [ 78.500335387006118, 17.37385536234909 ], [ 78.500457945553308, 17.364824792661349 ], [ 78.491053907693342, 17.364706916372995 ], [ 78.49093088922092, 17.373737420976735 ] ] ] } },
{ "type": "Feature", "properties": { "grid_id": "HYD_0835" }, "geometry": { "type": "Polygon", "coordinates": [ [ [ 78.491053907693342, 17.364706916372995 ], [ 78.500457945553308, 17.364824792661349 ], [ 78.500580430342367, 17.355794213988002 ], [ 78.491176852131019, 17.355676402777508 ], [ 78.491053907693342, 17.364706916372995 ] ] ] } },
{ "type": "Feature", "properties": { "grid_id": "HYD_0836" }, "geometry": { "type": "Polygon", "coordinates": [ [ [ 78.491176852131019, 17.355676402777508 ], [ 78.500580430342367, 17.355794213988002 ], [ 78.500702841390108, 17.346763626333285 ], [ 78.491299722550806, 17.346645880194515 ], [ 78.491176852131019, 17.355676402777508 ] ] ] } },
{ "type": "Feature", "properties": { "grid_id": "HYD_0837" }, "geometry": { "type": "Polygon", "coordinates": [ [ [ 78.491299722550806, 17.346645880194515 ], [ 78.500702841390108, 17.346763626333285 ], [ 78.500825178713313, 17.337733029701443 ], [ 78.491422518969571, 17.337615348628262 ], [ 78.491299722550806, 17.346645880194515 ] ] ] } },
{ "type": "Feature", "properties": { "grid_id": "HYD_0838" }, "geometry": { "type": "Polygon", "coordinates": [ [ [ 78.491422518969571, 17.337615348628262 ], [ 78.500825178713313, 17.337733029701443 ], [ 78.500947442328751, 17.328702424096729 ], [ 78.49154524140414, 17.328584808082997 ], [ 78.491422518969571, 17.337615348628262 ] ] ] } },
{ "type": "Feature", "properties": { "grid_id": "HYD_0839" }, "geometry": { "type": "Polygon", "coordinates": [ [ [ 78.49154524140414, 17.328584808082997 ], [ 78.500947442328751, 17.328702424096729 ], [ 78.501069632253191, 17.319671809523363 ], [ 78.491667889871337, 17.31955425856296 ], [ 78.49154524140414, 17.328584808082997 ] ] ] } },
{ "type": "Feature", "properties": { "grid_id": "HYD_0840" }, "geometry": { "type": "Polygon", "coordinates": [ [ [ 78.491667889871337, 17.31955425856296 ], [ 78.501069632253191, 17.319671809523363 ], [ 78.501191748503416, 17.310641185985595 ], [ 78.491790464388018, 17.310523700072387 ], [ 78.491667889871337, 17.31955425856296 ] ] ] } },
{ "type": "Feature", "properties": { "grid_id": "HYD_0841" }, "geometry": { "type": "Polygon", "coordinates": [ [ [ 78.491790464388018, 17.310523700072387 ], [ 78.501191748503416, 17.310641185985595 ], [ 78.501313791096123, 17.301610553487674 ], [ 78.49191296497095, 17.301493132615551 ], [ 78.491790464388018, 17.310523700072387 ] ] ] } },
{ "type": "Feature", "properties": { "grid_id": "HYD_0842" }, "geometry": { "type": "Polygon", "coordinates": [ [ [ 78.49191296497095, 17.301493132615551 ], [ 78.501313791096123, 17.301610553487674 ], [ 78.501435760048082, 17.292579912033837 ], [ 78.492035391636918, 17.292462556196682 ], [ 78.49191296497095, 17.301493132615551 ] ] ] } },
{ "type": "Feature", "properties": { "grid_id": "HYD_0843" }, "geometry": { "type": "Polygon", "coordinates": [ [ [ 78.492035391636918, 17.292462556196682 ], [ 78.501435760048082, 17.292579912033837 ], [ 78.501557655375976, 17.283549261628327 ], [ 78.492157744402732, 17.283431970820036 ], [ 78.492035391636918, 17.292462556196682 ] ] ] } },
{ "type": "Feature", "properties": { "grid_id": "HYD_0844" }, "geometry": { "type": "Polygon", "coordinates": [ [ [ 78.492157744402732, 17.283431970820036 ], [ 78.501557655375976, 17.283549261628327 ], [ 78.501679477096545, 17.274518602275403 ], [ 78.492280023285161, 17.274401376489859 ], [ 78.492157744402732, 17.283431970820036 ] ] ] } },
{ "type": "Feature", "properties": { "grid_id": "HYD_0845" }, "geometry": { "type": "Polygon", "coordinates": [ [ [ 78.492280023285161, 17.274401376489859 ], [ 78.501679477096545, 17.274518602275403 ], [ 78.501801225226458, 17.265487933979294 ], [ 78.492402228300932, 17.265370773210396 ], [ 78.492280023285161, 17.274401376489859 ] ] ] } },
{ "type": "Feature", "properties": { "grid_id": "HYD_0846" }, "geometry": { "type": "Polygon", "coordinates": [ [ [ 78.492402228300932, 17.265370773210396 ], [ 78.501801225226458, 17.265487933979294 ], [ 78.501922899782414, 17.256457256744248 ], [ 78.492524359466827, 17.2563401609859 ], [ 78.492402228300932, 17.265370773210396 ] ] ] } },
{ "type": "Feature", "properties": { "grid_id": "HYD_0847" }, "geometry": { "type": "Polygon", "coordinates": [ [ [ 78.492524359466827, 17.2563401609859 ], [ 78.501922899782414, 17.256457256744248 ], [ 78.502044500781068, 17.247426570574522 ], [ 78.492646416799531, 17.24730953982063 ], [ 78.492524359466827, 17.2563401609859 ] ] ] } },
{ "type": "Feature", "properties": { "grid_id": "HYD_0848" }, "geometry": { "type": "Polygon", "coordinates": [ [ [ 78.492646416799531, 17.24730953982063 ], [ 78.502044500781068, 17.247426570574522 ], [ 78.502166028239088, 17.238395875474353 ], [ 78.492768400315811, 17.238278909718826 ], [ 78.492646416799531, 17.24730953982063 ] ] ] } },
{ "type": "Feature", "properties": { "grid_id": "HYD_0849" }, "geometry": { "type": "Polygon", "coordinates": [ [ [ 78.492768400315811, 17.238278909718826 ], [ 78.502166028239088, 17.238395875474353 ], [ 78.502287482173116, 17.229365171447999 ], [ 78.492890310032351, 17.229248270684753 ], [ 78.492768400315811, 17.238278909718826 ] ] ] } },
{ "type": "Feature", "properties": { "grid_id": "HYD_0850" }, "geometry": { "type": "Polygon", "coordinates": [ [ [ 78.492890310032351, 17.229248270684753 ], [ 78.502287482173116, 17.229365171447999 ], [ 78.502408862599793, 17.220334458499696 ], [ 78.493012145965849, 17.22021762272264 ], [ 78.492890310032351, 17.229248270684753 ] ] ] } },
{ "type": "Feature", "properties": { "grid_id": "HYD_0851" }, "geometry": { "type": "Polygon", "coordinates": [ [ [ 78.493012145965849, 17.22021762272264 ], [ 78.502408862599793, 17.220334458499696 ], [ 78.502530169535731, 17.21130373663371 ], [ 78.493133908133004, 17.21118696583677 ], [ 78.493012145965849, 17.22021762272264 ] ] ] } },
{ "type": "Feature", "properties": { "grid_id": "HYD_0852" }, "geometry": { "type": "Polygon", "coordinates": [ [ [ 78.493133908133004, 17.21118696583677 ], [ 78.502530169535731, 17.21130373663371 ], [ 78.502651402997557, 17.202273005854281 ], [ 78.493255596550469, 17.20215630003138 ], [ 78.493133908133004, 17.21118696583677 ] ] ] } },
{ "type": "Feature", "properties": { "grid_id": "HYD_0853" }, "geometry": { "type": "Polygon", "coordinates": [ [ [ 78.497247402539841, 17.599616671832319 ], [ 78.506663562740613, 17.599735794357908 ], [ 78.506787503858831, 17.590705385691816 ], [ 78.497371810536407, 17.590586328160793 ], [ 78.497247402539841, 17.599616671832319 ] ] ] } },
{ "type": "Feature", "properties": { "grid_id": "HYD_0854" }, "geometry": { "type": "Polygon", "coordinates": [ [ [ 78.497371810536407, 17.590586328160793 ], [ 78.506787503858831, 17.590705385691816 ], [ 78.506911371073159, 17.581674967940554 ], [ 78.497496144350862, 17.581555975397873 ], [ 78.497371810536407, 17.590586328160793 ] ] ] } },
{ "type": "Feature", "properties": { "grid_id": "HYD_0855" }, "geometry": { "type": "Polygon", "coordinates": [ [ [ 78.497496144350862, 17.581555975397873 ], [ 78.506911371073159, 17.581674967940554 ], [ 78.507035164400619, 17.572644541108339 ], [ 78.497620404000287, 17.572525613547782 ], [ 78.497496144350862, 17.581555975397873 ] ] ] } },
{ "type": "Feature", "properties": { "grid_id": "HYD_0856" }, "geometry": { "type": "Polygon", "coordinates": [ [ [ 78.497620404000287, 17.572525613547782 ], [ 78.507035164400619, 17.572644541108339 ], [ 78.507158883858224, 17.563614105199395 ], [ 78.497744589501792, 17.563495242614756 ], [ 78.497620404000287, 17.572525613547782 ] ] ] } },
{ "type": "Feature", "properties": { "grid_id": "HYD_0857" }, "geometry": { "type": "Polygon", "coordinates": [ [ [ 78.497744589501792, 17.563495242614756 ], [ 78.507158883858224, 17.563614105199395 ], [ 78.507282529463012, 17.554583660217936 ], [ 78.497868700872459, 17.554464862603005 ], [ 78.497744589501792, 17.563495242614756 ] ] ] } },
{ "type": "Feature", "properties": { "grid_id": "HYD_0858" }, "geometry": { "type": "Polygon", "coordinates": [ [ [ 78.497868700872459, 17.554464862603005 ], [ 78.507282529463012, 17.554583660217936 ], [ 78.507406101231993, 17.545553206168186 ], [ 78.497992738129341, 17.54543447351676 ], [ 78.497868700872459, 17.554464862603005 ] ] ] } },
{ "type": "Feature", "properties": { "grid_id": "HYD_0859" }, "geometry": { "type": "Polygon", "coordinates": [ [ [ 78.497992738129341, 17.54543447351676 ], [ 78.507406101231993, 17.545553206168186 ], [ 78.507529599182149, 17.536522743054373 ], [ 78.498116701289518, 17.536404075360249 ], [ 78.497992738129341, 17.54543447351676 ] ] ] } },
{ "type": "Feature", "properties": { "grid_id": "HYD_0860" }, "geometry": { "type": "Polygon", "coordinates": [ [ [ 78.498116701289518, 17.536404075360249 ], [ 78.507529599182149, 17.536522743054373 ], [ 78.507653023330477, 17.527492270880714 ], [ 78.498240590370017, 17.527373668137692 ], [ 78.498116701289518, 17.536404075360249 ] ] ] } },
{ "type": "Feature", "properties": { "grid_id": "HYD_0861" }, "geometry": { "type": "Polygon", "coordinates": [ [ [ 78.498240590370017, 17.527373668137692 ], [ 78.507653023330477, 17.527492270880714 ], [ 78.507776373693929, 17.518461789651436 ], [ 78.498364405387889, 17.51834325185332 ], [ 78.498240590370017, 17.527373668137692 ] ] ] } },
{ "type": "Feature", "properties": { "grid_id": "HYD_0862" }, "geometry": { "type": "Polygon", "coordinates": [ [ [ 78.498364405387889, 17.51834325185332 ], [ 78.507776373693929, 17.518461789651436 ], [ 78.50789965028946, 17.509431299370764 ], [ 78.498488146360117, 17.509312826511366 ], [ 78.498364405387889, 17.51834325185332 ] ] ] } },
{ "type": "Feature", "properties": { "grid_id": "HYD_0863" }, "geometry": { "type": "Polygon", "coordinates": [ [ [ 78.498488146360117, 17.509312826511366 ], [ 78.50789965028946, 17.509431299370764 ], [ 78.508022853134023, 17.500400800042915 ], [ 78.498611813303768, 17.500282392116059 ], [ 78.498488146360117, 17.509312826511366 ] ] ] } },
{ "type": "Feature", "properties": { "grid_id": "HYD_0864" }, "geometry": { "type": "Polygon", "coordinates": [ [ [ 78.498611813303768, 17.500282392116059 ], [ 78.508022853134023, 17.500400800042915 ], [ 78.508145982244542, 17.491370291672126 ], [ 78.498735406235781, 17.491251948671625 ], [ 78.498611813303768, 17.500282392116059 ] ] ] } },
{ "type": "Feature", "properties": { "grid_id": "HYD_0865" }, "geometry": { "type": "Polygon", "coordinates": [ [ [ 78.498735406235781, 17.491251948671625 ], [ 78.508145982244542, 17.491370291672126 ], [ 78.508269037637945, 17.482339774262613 ], [ 78.498858925173153, 17.482221496182298 ], [ 78.498735406235781, 17.491251948671625 ] ] ] } },
{ "type": "Feature", "properties": { "grid_id": "HYD_0866" }, "geometry": { "type": "Polygon", "coordinates": [ [ [ 78.498858925173153, 17.482221496182298 ], [ 78.508269037637945, 17.482339774262613 ], [ 78.508392019331154, 17.473309247818605 ], [ 78.498982370132893, 17.473191034652299 ], [ 78.498858925173153, 17.482221496182298 ] ] ] } },
{ "type": "Feature", "properties": { "grid_id": "HYD_0867" }, "geometry": { "type": "Polygon", "coordinates": [ [ [ 78.498982370132893, 17.473191034652299 ], [ 78.508392019331154, 17.473309247818605 ], [ 78.508514927341039, 17.464278712344335 ], [ 78.499105741131913, 17.464160564085862 ], [ 78.498982370132893, 17.473191034652299 ] ] ] } },
{ "type": "Feature", "properties": { "grid_id": "HYD_0868" }, "geometry": { "type": "Polygon", "coordinates": [ [ [ 78.499105741131913, 17.464160564085862 ], [ 78.508514927341039, 17.464278712344335 ], [ 78.508637761684497, 17.455248167844029 ], [ 78.499229038187181, 17.455130084487234 ], [ 78.499105741131913, 17.464160564085862 ] ] ] } },
{ "type": "Feature", "properties": { "grid_id": "HYD_0869" }, "geometry": { "type": "Polygon", "coordinates": [ [ [ 78.499229038187181, 17.455130084487234 ], [ 78.508637761684497, 17.455248167844029 ], [ 78.508760522378395, 17.446217614321917 ], [ 78.499352261315636, 17.446099595860634 ], [ 78.499229038187181, 17.455130084487234 ] ] ] } },
{ "type": "Feature", "properties": { "grid_id": "HYD_0870" }, "geometry": { "type": "Polygon", "coordinates": [ [ [ 78.499352261315636, 17.446099595860634 ], [ 78.508760522378395, 17.446217614321917 ], [ 78.508883209439603, 17.437187051782217 ], [ 78.499475410534203, 17.437069098210294 ], [ 78.499352261315636, 17.446099595860634 ] ] ] } },
{ "type": "Feature", "properties": { "grid_id": "HYD_0871" }, "geometry": { "type": "Polygon", "coordinates": [ [ [ 78.499475410534203, 17.437069098210294 ], [ 78.508883209439603, 17.437187051782217 ], [ 78.509005822884959, 17.428156480229173 ], [ 78.499598485859792, 17.428038591540464 ], [ 78.499475410534203, 17.437069098210294 ] ] ] } },
{ "type": "Feature", "properties": { "grid_id": "HYD_0872" }, "geometry": { "type": "Polygon", "coordinates": [ [ [ 78.499598485859792, 17.428038591540464 ], [ 78.509005822884959, 17.428156480229173 ], [ 78.509128362731303, 17.419125899667009 ], [ 78.499721487309273, 17.419008075855352 ], [ 78.499598485859792, 17.428038591540464 ] ] ] } },
{ "type": "Feature", "properties": { "grid_id": "HYD_0873" }, "geometry": { "type": "Polygon", "coordinates": [ [ [ 78.499721487309273, 17.419008075855352 ], [ 78.509128362731303, 17.419125899667009 ], [ 78.509250828995462, 17.410095310099958 ], [ 78.49984441489957, 17.409977551159216 ], [ 78.499721487309273, 17.419008075855352 ] ] ] } },
{ "type": "Feature", "properties": { "grid_id": "HYD_0874" }, "geometry": { "type": "Polygon", "coordinates": [ [ [ 78.49984441489957, 17.409977551159216 ], [ 78.509250828995462, 17.410095310099958 ], [ 78.509373221694247, 17.401064711532253 ], [ 78.499967268647566, 17.400947017456286 ], [ 78.49984441489957, 17.409977551159216 ] ] ] } },
{ "type": "Feature", "properties": { "grid_id": "HYD_0875" }, "geometry": { "type": "Polygon", "coordinates": [ [ [ 78.499967268647566, 17.400947017456286 ], [ 78.509373221694247, 17.401064711532253 ], [ 78.509495540844441, 17.392034103968129 ], [ 78.500090048570073, 17.391916474750797 ], [ 78.499967268647566, 17.400947017456286 ] ] ] } },
{ "type": "Feature", "properties": { "grid_id": "HYD_0876" }, "geometry": { "type": "Polygon", "coordinates": [ [ [ 78.500090048570073, 17.391916474750797 ], [ 78.509495540844441, 17.392034103968129 ], [ 78.509617786462854, 17.383003487411813 ], [ 78.500212754683972, 17.382885923046988 ], [ 78.500090048570073, 17.391916474750797 ] ] ] } },
{ "type": "Feature", "properties": { "grid_id": "HYD_0877" }, "geometry": { "type": "Polygon", "coordinates": [ [ [ 78.500212754683972, 17.382885923046988 ], [ 78.509617786462854, 17.383003487411813 ], [ 78.509739958566257, 17.373972861867543 ], [ 78.500335387006118, 17.37385536234909 ], [ 78.500212754683972, 17.382885923046988 ] ] ] } },
{ "type": "Feature", "properties": { "grid_id": "HYD_0878" }, "geometry": { "type": "Polygon", "coordinates": [ [ [ 78.500335387006118, 17.37385536234909 ], [ 78.509739958566257, 17.373972861867543 ], [ 78.509862057171404, 17.364942227339544 ], [ 78.500457945553308, 17.364824792661349 ], [ 78.500335387006118, 17.37385536234909 ] ] ] } },
{ "type": "Feature", "properties": { "grid_id": "HYD_0879" }, "geometry": { "type": "Polygon", "coordinates": [ [ [ 78.500457945553308, 17.364824792661349 ], [ 78.509862057171404, 17.364942227339544 ], [ 78.509984082295048, 17.355911583832064 ], [ 78.500580430342367, 17.355794213988002 ], [ 78.500457945553308, 17.364824792661349 ] ] ] } },
{ "type": "Feature", "properties": { "grid_id": "HYD_0880" }, "geometry": { "type": "Polygon", "coordinates": [ [ [ 78.500580430342367, 17.355794213988002 ], [ 78.509984082295048, 17.355911583832064 ], [ 78.510106033953946, 17.34688093134934 ], [ 78.500702841390108, 17.346763626333285 ], [ 78.500580430342367, 17.355794213988002 ] ] ] } },
{ "type": "Feature", "properties": { "grid_id": "HYD_0881" }, "geometry": { "type": "Polygon", "coordinates": [ [ [ 78.500702841390108, 17.346763626333285 ], [ 78.510106033953946, 17.34688093134934 ], [ 78.510227912164808, 17.337850269895593 ], [ 78.500825178713313, 17.337733029701443 ], [ 78.500702841390108, 17.346763626333285 ] ] ] } },
{ "type": "Feature", "properties": { "grid_id": "HYD_0882" }, "geometry": { "type": "Polygon", "coordinates": [ [ [ 78.500825178713313, 17.337733029701443 ], [ 78.510227912164808, 17.337850269895593 ], [ 78.510349716944347, 17.328819599475082 ], [ 78.500947442328751, 17.328702424096729 ], [ 78.500825178713313, 17.337733029701443 ] ] ] } },
{ "type": "Feature", "properties": { "grid_id": "HYD_0883" }, "geometry": { "type": "Polygon", "coordinates": [ [ [ 78.500947442328751, 17.328702424096729 ], [ 78.510349716944347, 17.328819599475082 ], [ 78.510471448309289, 17.319788920092027 ], [ 78.501069632253191, 17.319671809523363 ], [ 78.500947442328751, 17.328702424096729 ] ] ] } },
{ "type": "Feature", "properties": { "grid_id": "HYD_0884" }, "geometry": { "type": "Polygon", "coordinates": [ [ [ 78.501069632253191, 17.319671809523363 ], [ 78.510471448309289, 17.319788920092027 ], [ 78.510593106276303, 17.310758231750665 ], [ 78.501191748503416, 17.310641185985595 ], [ 78.501069632253191, 17.319671809523363 ] ] ] } },
{ "type": "Feature", "properties": { "grid_id": "HYD_0885" }, "geometry": { "type": "Polygon", "coordinates": [ [ [ 78.501191748503416, 17.310641185985595 ], [ 78.510593106276303, 17.310758231750665 ], [ 78.510714690862073, 17.301727534455249 ], [ 78.501313791096123, 17.301610553487674 ], [ 78.501191748503416, 17.310641185985595 ] ] ] } },
{ "type": "Feature", "properties": { "grid_id": "HYD_0886" }, "geometry": { "type": "Polygon", "coordinates": [ [ [ 78.501313791096123, 17.301610553487674 ], [ 78.510714690862073, 17.301727534455249 ], [ 78.510836202083283, 17.292696828210005 ], [ 78.501435760048082, 17.292579912033837 ], [ 78.501313791096123, 17.301610553487674 ] ] ] } },
{ "type": "Feature", "properties": { "grid_id": "HYD_0887" }, "geometry": { "type": "Polygon", "coordinates": [ [ [ 78.501435760048082, 17.292579912033837 ], [ 78.510836202083283, 17.292696828210005 ], [ 78.510957639956558, 17.283666113019187 ], [ 78.501557655375976, 17.283549261628327 ], [ 78.501435760048082, 17.292579912033837 ] ] ] } },
{ "type": "Feature", "properties": { "grid_id": "HYD_0888" }, "geometry": { "type": "Polygon", "coordinates": [ [ [ 78.501557655375976, 17.283549261628327 ], [ 78.510957639956558, 17.283666113019187 ], [ 78.511079004498569, 17.274635388887027 ], [ 78.501679477096545, 17.274518602275403 ], [ 78.501557655375976, 17.283549261628327 ] ] ] } },
{ "type": "Feature", "properties": { "grid_id": "HYD_0889" }, "geometry": { "type": "Polygon", "coordinates": [ [ [ 78.501679477096545, 17.274518602275403 ], [ 78.511079004498569, 17.274635388887027 ], [ 78.511200295725942, 17.265604655817768 ], [ 78.501801225226458, 17.265487933979294 ], [ 78.501679477096545, 17.274518602275403 ] ] ] } },
{ "type": "Feature", "properties": { "grid_id": "HYD_0890" }, "geometry": { "type": "Polygon", "coordinates": [ [ [ 78.501801225226458, 17.265487933979294 ], [ 78.511200295725942, 17.265604655817768 ], [ 78.51132151365529, 17.25657391381565 ], [ 78.501922899782414, 17.256457256744248 ], [ 78.501801225226458, 17.265487933979294 ] ] ] } },
{ "type": "Feature", "properties": { "grid_id": "HYD_0891" }, "geometry": { "type": "Polygon", "coordinates": [ [ [ 78.501922899782414, 17.256457256744248 ], [ 78.51132151365529, 17.25657391381565 ], [ 78.511442658303238, 17.24754316288492 ], [ 78.502044500781068, 17.247426570574522 ], [ 78.501922899782414, 17.256457256744248 ] ] ] } },
{ "type": "Feature", "properties": { "grid_id": "HYD_0892" }, "geometry": { "type": "Polygon", "coordinates": [ [ [ 78.502044500781068, 17.247426570574522 ], [ 78.511442658303238, 17.24754316288492 ], [ 78.511563729686358, 17.238512403029819 ], [ 78.502166028239088, 17.238395875474353 ], [ 78.502044500781068, 17.247426570574522 ] ] ] } },
{ "type": "Feature", "properties": { "grid_id": "HYD_0893" }, "geometry": { "type": "Polygon", "coordinates": [ [ [ 78.502166028239088, 17.238395875474353 ], [ 78.511563729686358, 17.238512403029819 ], [ 78.511684727821233, 17.229481634254597 ], [ 78.502287482173116, 17.229365171447999 ], [ 78.502166028239088, 17.238395875474353 ] ] ] } },
{ "type": "Feature", "properties": { "grid_id": "HYD_0894" }, "geometry": { "type": "Polygon", "coordinates": [ [ [ 78.502287482173116, 17.229365171447999 ], [ 78.511684727821233, 17.229481634254597 ], [ 78.511805652724462, 17.220450856563485 ], [ 78.502408862599793, 17.220334458499696 ], [ 78.502287482173116, 17.229365171447999 ] ] ] } },
{ "type": "Feature", "properties": { "grid_id": "HYD_0895" }, "geometry": { "type": "Polygon", "coordinates": [ [ [ 78.502408862599793, 17.220334458499696 ], [ 78.511805652724462, 17.220450856563485 ], [ 78.511926504412585, 17.211420069960749 ], [ 78.502530169535731, 17.21130373663371 ], [ 78.502408862599793, 17.220334458499696 ] ] ] } },
{ "type": "Feature", "properties": { "grid_id": "HYD_0896" }, "geometry": { "type": "Polygon", "coordinates": [ [ [ 78.502530169535731, 17.21130373663371 ], [ 78.511926504412585, 17.211420069960749 ], [ 78.512047282902159, 17.202389274450617 ], [ 78.502651402997557, 17.202273005854281 ], [ 78.502530169535731, 17.21130373663371 ] ] ] } },
{ "type": "Feature", "properties": { "grid_id": "HYD_0897" }, "geometry": { "type": "Polygon", "coordinates": [ [ [ 78.506663562740613, 17.599735794357908 ], [ 78.516079796862343, 17.599854468912895 ], [ 78.516203271085175, 17.590823995496574 ], [ 78.506787503858831, 17.590705385691816 ], [ 78.506663562740613, 17.599735794357908 ] ] ] } },
{ "type": "Feature", "properties": { "grid_id": "HYD_0898" }, "geometry": { "type": "Polygon", "coordinates": [ [ [ 78.506787503858831, 17.590705385691816 ], [ 78.516203271085175, 17.590823995496574 ], [ 78.516326671682322, 17.581793513001276 ], [ 78.506911371073159, 17.581674967940554 ], [ 78.506787503858831, 17.590705385691816 ] ] ] } },
{ "type": "Feature", "properties": { "grid_id": "HYD_0899" }, "geometry": { "type": "Polygon", "coordinates": [ [ [ 78.506911371073159, 17.581674967940554 ], [ 78.516326671682322, 17.581793513001276 ], [ 78.516449998670765, 17.572763021431225 ], [ 78.507035164400619, 17.572644541108339 ], [ 78.506911371073159, 17.581674967940554 ] ] ] } },
{ "type": "Feature", "properties": { "grid_id": "HYD_0900" }, "geometry": { "type": "Polygon", "coordinates": [ [ [ 78.507035164400619, 17.572644541108339 ], [ 78.516449998670765, 17.572763021431225 ], [ 78.516573252067474, 17.563732520790627 ], [ 78.507158883858224, 17.563614105199395 ], [ 78.507035164400619, 17.572644541108339 ] ] ] } },
{ "type": "Feature", "properties": { "grid_id": "HYD_0901" }, "geometry": { "type": "Polygon", "coordinates": [ [ [ 78.507158883858224, 17.563614105199395 ], [ 78.516573252067474, 17.563732520790627 ], [ 78.5166964318894, 17.554702011083709 ], [ 78.507282529463012, 17.554583660217936 ], [ 78.507158883858224, 17.563614105199395 ] ] ] } },
{ "type": "Feature", "properties": { "grid_id": "HYD_0902" }, "geometry": { "type": "Polygon", "coordinates": [ [ [ 78.507282529463012, 17.554583660217936 ], [ 78.5166964318894, 17.554702011083709 ], [ 78.51681953815347, 17.545671492314678 ], [ 78.507406101231993, 17.545553206168186 ], [ 78.507282529463012, 17.554583660217936 ] ] ] } },
{ "type": "Feature", "properties": { "grid_id": "HYD_0903" }, "geometry": { "type": "Polygon", "coordinates": [ [ [ 78.507406101231993, 17.545553206168186 ], [ 78.51681953815347, 17.545671492314678 ], [ 78.516942570876637, 17.536640964487759 ], [ 78.507529599182149, 17.536522743054373 ], [ 78.507406101231993, 17.545553206168186 ] ] ] } },
{ "type": "Feature", "properties": { "grid_id": "HYD_0904" }, "geometry": { "type": "Polygon", "coordinates": [ [ [ 78.507529599182149, 17.536522743054373 ], [ 78.516942570876637, 17.536640964487759 ], [ 78.517065530075797, 17.527610427607168 ], [ 78.507653023330477, 17.527492270880714 ], [ 78.507529599182149, 17.536522743054373 ] ] ] } },
{ "type": "Feature", "properties": { "grid_id": "HYD_0905" }, "geometry": { "type": "Polygon", "coordinates": [ [ [ 78.507653023330477, 17.527492270880714 ], [ 78.517065530075797, 17.527610427607168 ], [ 78.517188415767876, 17.51857988167713 ], [ 78.507776373693929, 17.518461789651436 ], [ 78.507653023330477, 17.527492270880714 ] ] ] } },
{ "type": "Feature", "properties": { "grid_id": "HYD_0906" }, "geometry": { "type": "Polygon", "coordinates": [ [ [ 78.507776373693929, 17.518461789651436 ], [ 78.517188415767876, 17.51857988167713 ], [ 78.517311227969742, 17.509549326701858 ], [ 78.50789965028946, 17.509431299370764 ], [ 78.507776373693929, 17.518461789651436 ] ] ] } },
{ "type": "Feature", "properties": { "grid_id": "HYD_0907" }, "geometry": { "type": "Polygon", "coordinates": [ [ [ 78.50789965028946, 17.509431299370764 ], [ 78.517311227969742, 17.509549326701858 ], [ 78.51743396669832, 17.500518762685573 ], [ 78.508022853134023, 17.500400800042915 ], [ 78.50789965028946, 17.509431299370764 ] ] ] } },
{ "type": "Feature", "properties": { "grid_id": "HYD_0908" }, "geometry": { "type": "Polygon", "coordinates": [ [ [ 78.508022853134023, 17.500400800042915 ], [ 78.51743396669832, 17.500518762685573 ], [ 78.517556631970422, 17.491488189632509 ], [ 78.508145982244542, 17.491370291672126 ], [ 78.508022853134023, 17.500400800042915 ] ] ] } },
{ "type": "Feature", "properties": { "grid_id": "HYD_0909" }, "geometry": { "type": "Polygon", "coordinates": [ [ [ 78.508145982244542, 17.491370291672126 ], [ 78.517556631970422, 17.491488189632509 ], [ 78.517679223802944, 17.482457607546877 ], [ 78.508269037637945, 17.482339774262613 ], [ 78.508145982244542, 17.491370291672126 ] ] ] } },
{ "type": "Feature", "properties": { "grid_id": "HYD_0910" }, "geometry": { "type": "Polygon", "coordinates": [ [ [ 78.508269037637945, 17.482339774262613 ], [ 78.517679223802944, 17.482457607546877 ], [ 78.517801742212725, 17.47342701643289 ], [ 78.508392019331154, 17.473309247818605 ], [ 78.508269037637945, 17.482339774262613 ] ] ] } },
{ "type": "Feature", "properties": { "grid_id": "HYD_0911" }, "geometry": { "type": "Polygon", "coordinates": [ [ [ 78.508392019331154, 17.473309247818605 ], [ 78.517801742212725, 17.47342701643289 ], [ 78.517924187216579, 17.4643964162948 ], [ 78.508514927341039, 17.464278712344335 ], [ 78.508392019331154, 17.473309247818605 ] ] ] } },
{ "type": "Feature", "properties": { "grid_id": "HYD_0912" }, "geometry": { "type": "Polygon", "coordinates": [ [ [ 78.508514927341039, 17.464278712344335 ], [ 78.517924187216579, 17.4643964162948 ], [ 78.518046558831358, 17.455365807136801 ], [ 78.508637761684497, 17.455248167844029 ], [ 78.508514927341039, 17.464278712344335 ] ] ] } },
{ "type": "Feature", "properties": { "grid_id": "HYD_0913" }, "geometry": { "type": "Polygon", "coordinates": [ [ [ 78.508637761684497, 17.455248167844029 ], [ 78.518046558831358, 17.455365807136801 ], [ 78.518168857073832, 17.446335188963136 ], [ 78.508760522378395, 17.446217614321917 ], [ 78.508637761684497, 17.455248167844029 ] ] ] } },
{ "type": "Feature", "properties": { "grid_id": "HYD_0914" }, "geometry": { "type": "Polygon", "coordinates": [ [ [ 78.508760522378395, 17.446217614321917 ], [ 78.518168857073832, 17.446335188963136 ], [ 78.51829108196084, 17.437304561778024 ], [ 78.508883209439603, 17.437187051782217 ], [ 78.508760522378395, 17.446217614321917 ] ] ] } },
{ "type": "Feature", "properties": { "grid_id": "HYD_0915" }, "geometry": { "type": "Polygon", "coordinates": [ [ [ 78.508883209439603, 17.437187051782217 ], [ 78.51829108196084, 17.437304561778024 ], [ 78.518413233509136, 17.428273925585696 ], [ 78.509005822884959, 17.428156480229173 ], [ 78.508883209439603, 17.437187051782217 ] ] ] } },
{ "type": "Feature", "properties": { "grid_id": "HYD_0916" }, "geometry": { "type": "Polygon", "coordinates": [ [ [ 78.509005822884959, 17.428156480229173 ], [ 78.518413233509136, 17.428273925585696 ], [ 78.518535311735519, 17.419243280390369 ], [ 78.509128362731303, 17.419125899667009 ], [ 78.509005822884959, 17.428156480229173 ] ] ] } },
{ "type": "Feature", "properties": { "grid_id": "HYD_0917" }, "geometry": { "type": "Polygon", "coordinates": [ [ [ 78.509128362731303, 17.419125899667009 ], [ 78.518535311735519, 17.419243280390369 ], [ 78.518657316656714, 17.410212626196277 ], [ 78.509250828995462, 17.410095310099958 ], [ 78.509128362731303, 17.419125899667009 ] ] ] } },
{ "type": "Feature", "properties": { "grid_id": "HYD_0918" }, "geometry": { "type": "Polygon", "coordinates": [ [ [ 78.509250828995462, 17.410095310099958 ], [ 78.518657316656714, 17.410212626196277 ], [ 78.518779248289505, 17.401181963007648 ], [ 78.509373221694247, 17.401064711532253 ], [ 78.509250828995462, 17.410095310099958 ] ] ] } },
{ "type": "Feature", "properties": { "grid_id": "HYD_0919" }, "geometry": { "type": "Polygon", "coordinates": [ [ [ 78.509373221694247, 17.401064711532253 ], [ 78.518779248289505, 17.401181963007648 ], [ 78.518901106650588, 17.392151290828718 ], [ 78.509495540844441, 17.392034103968129 ], [ 78.509373221694247, 17.401064711532253 ] ] ] } },
{ "type": "Feature", "properties": { "grid_id": "HYD_0920" }, "geometry": { "type": "Polygon", "coordinates": [ [ [ 78.509495540844441, 17.392034103968129 ], [ 78.518901106650588, 17.392151290828718 ], [ 78.519022891756734, 17.383120609663699 ], [ 78.509617786462854, 17.383003487411813 ], [ 78.509495540844441, 17.392034103968129 ] ] ] } },
{ "type": "Feature", "properties": { "grid_id": "HYD_0921" }, "geometry": { "type": "Polygon", "coordinates": [ [ [ 78.509617786462854, 17.383003487411813 ], [ 78.519022891756734, 17.383120609663699 ], [ 78.519144603624639, 17.37408991951683 ], [ 78.509739958566257, 17.373972861867543 ], [ 78.509617786462854, 17.383003487411813 ] ] ] } },
{ "type": "Feature", "properties": { "grid_id": "HYD_0922" }, "geometry": { "type": "Polygon", "coordinates": [ [ [ 78.509739958566257, 17.373972861867543 ], [ 78.519144603624639, 17.37408991951683 ], [ 78.519266242270987, 17.36505922039234 ], [ 78.509862057171404, 17.364942227339544 ], [ 78.509739958566257, 17.373972861867543 ] ] ] } },
{ "type": "Feature", "properties": { "grid_id": "HYD_0923" }, "geometry": { "type": "Polygon", "coordinates": [ [ [ 78.509862057171404, 17.364942227339544 ], [ 78.519266242270987, 17.36505922039234 ], [ 78.519387807712491, 17.356028512294465 ], [ 78.509984082295048, 17.355911583832064 ], [ 78.509862057171404, 17.364942227339544 ] ] ] } },
{ "type": "Feature", "properties": { "grid_id": "HYD_0924" }, "geometry": { "type": "Polygon", "coordinates": [ [ [ 78.509984082295048, 17.355911583832064 ], [ 78.519387807712491, 17.356028512294465 ], [ 78.519509299965819, 17.346997795227434 ], [ 78.510106033953946, 17.34688093134934 ], [ 78.509984082295048, 17.355911583832064 ] ] ] } },
{ "type": "Feature", "properties": { "grid_id": "HYD_0925" }, "geometry": { "type": "Polygon", "coordinates": [ [ [ 78.510106033953946, 17.34688093134934 ], [ 78.519509299965819, 17.346997795227434 ], [ 78.519630719047612, 17.337967069195479 ], [ 78.510227912164808, 17.337850269895593 ], [ 78.510106033953946, 17.34688093134934 ] ] ] } },
{ "type": "Feature", "properties": { "grid_id": "HYD_0926" }, "geometry": { "type": "Polygon", "coordinates": [ [ [ 78.510227912164808, 17.337850269895593 ], [ 78.519630719047612, 17.337967069195479 ], [ 78.519752064974554, 17.328936334202833 ], [ 78.510349716944347, 17.328819599475082 ], [ 78.510227912164808, 17.337850269895593 ] ] ] } },
{ "type": "Feature", "properties": { "grid_id": "HYD_0927" }, "geometry": { "type": "Polygon", "coordinates": [ [ [ 78.510349716944347, 17.328819599475082 ], [ 78.519752064974554, 17.328936334202833 ], [ 78.519873337763286, 17.319905590253732 ], [ 78.510471448309289, 17.319788920092027 ], [ 78.510349716944347, 17.328819599475082 ] ] ] } },
{ "type": "Feature", "properties": { "grid_id": "HYD_0928" }, "geometry": { "type": "Polygon", "coordinates": [ [ [ 78.510471448309289, 17.319788920092027 ], [ 78.519873337763286, 17.319905590253732 ], [ 78.519994537430421, 17.310874837352401 ], [ 78.510593106276303, 17.310758231750665 ], [ 78.510471448309289, 17.319788920092027 ] ] ] } },
{ "type": "Feature", "properties": { "grid_id": "HYD_0929" }, "geometry": { "type": "Polygon", "coordinates": [ [ [ 78.510593106276303, 17.310758231750665 ], [ 78.519994537430421, 17.310874837352401 ], [ 78.520115663992598, 17.301844075503087 ], [ 78.510714690862073, 17.301727534455249 ], [ 78.510593106276303, 17.310758231750665 ] ] ] } },
{ "type": "Feature", "properties": { "grid_id": "HYD_0930" }, "geometry": { "type": "Polygon", "coordinates": [ [ [ 78.510714690862073, 17.301727534455249 ], [ 78.520115663992598, 17.301844075503087 ], [ 78.520236717466389, 17.292813304710023 ], [ 78.510836202083283, 17.292696828210005 ], [ 78.510714690862073, 17.301727534455249 ] ] ] } },
{ "type": "Feature", "properties": { "grid_id": "HYD_0931" }, "geometry": { "type": "Polygon", "coordinates": [ [ [ 78.510836202083283, 17.292696828210005 ], [ 78.520236717466389, 17.292813304710023 ], [ 78.52035769786842, 17.283782524977436 ], [ 78.510957639956558, 17.283666113019187 ], [ 78.510836202083283, 17.292696828210005 ] ] ] } },
{ "type": "Feature", "properties": { "grid_id": "HYD_0932" }, "geometry": { "type": "Polygon", "coordinates": [ [ [ 78.510957639956558, 17.283666113019187 ], [ 78.52035769786842, 17.283782524977436 ], [ 78.520478605215246, 17.274751736309582 ], [ 78.511079004498569, 17.274635388887027 ], [ 78.510957639956558, 17.283666113019187 ] ] ] } },
{ "type": "Feature", "properties": { "grid_id": "HYD_0933" }, "geometry": { "type": "Polygon", "coordinates": [ [ [ 78.511079004498569, 17.274635388887027 ], [ 78.520478605215246, 17.274751736309582 ], [ 78.520599439523451, 17.265720938710679 ], [ 78.511200295725942, 17.265604655817768 ], [ 78.511079004498569, 17.274635388887027 ] ] ] } },
{ "type": "Feature", "properties": { "grid_id": "HYD_0934" }, "geometry": { "type": "Polygon", "coordinates": [ [ [ 78.511200295725942, 17.265604655817768 ], [ 78.520599439523451, 17.265720938710679 ], [ 78.520720200809592, 17.256690132184971 ], [ 78.51132151365529, 17.25657391381565 ], [ 78.511200295725942, 17.265604655817768 ] ] ] } },
{ "type": "Feature", "properties": { "grid_id": "HYD_0935" }, "geometry": { "type": "Polygon", "coordinates": [ [ [ 78.51132151365529, 17.25657391381565 ], [ 78.520720200809592, 17.256690132184971 ], [ 78.520840889090209, 17.247659316736701 ], [ 78.511442658303238, 17.24754316288492 ], [ 78.51132151365529, 17.25657391381565 ] ] ] } },
{ "type": "Feature", "properties": { "grid_id": "HYD_0936" }, "geometry": { "type": "Polygon", "coordinates": [ [ [ 78.511442658303238, 17.24754316288492 ], [ 78.520840889090209, 17.247659316736701 ], [ 78.520961504381845, 17.238628492370111 ], [ 78.511563729686358, 17.238512403029819 ], [ 78.511442658303238, 17.24754316288492 ] ] ] } },
{ "type": "Feature", "properties": { "grid_id": "HYD_0937" }, "geometry": { "type": "Polygon", "coordinates": [ [ [ 78.511563729686358, 17.238512403029819 ], [ 78.520961504381845, 17.238628492370111 ], [ 78.521082046701011, 17.229597659089432 ], [ 78.511684727821233, 17.229481634254597 ], [ 78.511563729686358, 17.238512403029819 ] ] ] } },
{ "type": "Feature", "properties": { "grid_id": "HYD_0938" }, "geometry": { "type": "Polygon", "coordinates": [ [ [ 78.511684727821233, 17.229481634254597 ], [ 78.521082046701011, 17.229597659089432 ], [ 78.521202516064236, 17.220566816898909 ], [ 78.511805652724462, 17.220450856563485 ], [ 78.511684727821233, 17.229481634254597 ] ] ] } },
{ "type": "Feature", "properties": { "grid_id": "HYD_0939" }, "geometry": { "type": "Polygon", "coordinates": [ [ [ 78.511805652724462, 17.220450856563485 ], [ 78.521202516064236, 17.220566816898909 ], [ 78.521322912487989, 17.211535965802785 ], [ 78.511926504412585, 17.211420069960749 ], [ 78.511805652724462, 17.220450856563485 ] ] ] } },
{ "type": "Feature", "properties": { "grid_id": "HYD_0940" }, "geometry": { "type": "Polygon", "coordinates": [ [ [ 78.511926504412585, 17.211420069960749 ], [ 78.521322912487989, 17.211535965802785 ], [ 78.521443235988784, 17.202505105805297 ], [ 78.512047282902159, 17.202389274450617 ], [ 78.511926504412585, 17.211420069960749 ] ] ] } },
{ "type": "Feature", "properties": { "grid_id": "HYD_0941" }, "geometry": { "type": "Polygon", "coordinates": [ [ [ 78.516079796862343, 17.599854468912895 ], [ 78.525496104626754, 17.599972695481846 ], [ 78.525619111937203, 17.590942157559635 ], [ 78.516203271085175, 17.590823995496574 ], [ 78.516079796862343, 17.599854468912895 ] ] ] } },
{ "type": "Feature", "properties": { "grid_id": "HYD_0942" }, "geometry": { "type": "Polygon", "coordinates": [ [ [ 78.516203271085175, 17.590823995496574 ], [ 78.525619111937203, 17.590942157559635 ], [ 78.525742045900202, 17.581911610564624 ], [ 78.516326671682322, 17.581793513001276 ], [ 78.516203271085175, 17.590823995496574 ] ] ] } },
{ "type": "Feature", "properties": { "grid_id": "HYD_0943" }, "geometry": { "type": "Polygon", "coordinates": [ [ [ 78.516326671682322, 17.581793513001276 ], [ 78.525742045900202, 17.581911610564624 ], [ 78.525864906532661, 17.572881054501035 ], [ 78.516449998670765, 17.572763021431225 ], [ 78.516326671682322, 17.581793513001276 ] ] ] } },
{ "type": "Feature", "properties": { "grid_id": "HYD_0944" }, "geometry": { "type": "Polygon", "coordinates": [ [ [ 78.516449998670765, 17.572763021431225 ], [ 78.525864906532661, 17.572881054501035 ], [ 78.525987693851505, 17.563850489373067 ], [ 78.516573252067474, 17.563732520790627 ], [ 78.516449998670765, 17.572763021431225 ] ] ] } },
{ "type": "Feature", "properties": { "grid_id": "HYD_0945" }, "geometry": { "type": "Polygon", "coordinates": [ [ [ 78.516573252067474, 17.563732520790627 ], [ 78.525987693851505, 17.563850489373067 ], [ 78.526110407873603, 17.554819915184929 ], [ 78.5166964318894, 17.554702011083709 ], [ 78.516573252067474, 17.563732520790627 ] ] ] } },
{ "type": "Feature", "properties": { "grid_id": "HYD_0946" }, "geometry": { "type": "Polygon", "coordinates": [ [ [ 78.5166964318894, 17.554702011083709 ], [ 78.526110407873603, 17.554819915184929 ], [ 78.52623304861585, 17.545789331940846 ], [ 78.51681953815347, 17.545671492314678 ], [ 78.5166964318894, 17.554702011083709 ] ] ] } },
{ "type": "Feature", "properties": { "grid_id": "HYD_0947" }, "geometry": { "type": "Polygon", "coordinates": [ [ [ 78.51681953815347, 17.545671492314678 ], [ 78.52623304861585, 17.545789331940846 ], [ 78.526355616095103, 17.536758739645027 ], [ 78.516942570876637, 17.536640964487759 ], [ 78.51681953815347, 17.545671492314678 ] ] ] } },
{ "type": "Feature", "properties": { "grid_id": "HYD_0948" }, "geometry": { "type": "Polygon", "coordinates": [ [ [ 78.516942570876637, 17.536640964487759 ], [ 78.526355616095103, 17.536758739645027 ], [ 78.526478110328199, 17.527728138301697 ], [ 78.517065530075797, 17.527610427607168 ], [ 78.516942570876637, 17.536640964487759 ] ] ] } },
{ "type": "Feature", "properties": { "grid_id": "HYD_0949" }, "geometry": { "type": "Polygon", "coordinates": [ [ [ 78.517065530075797, 17.527610427607168 ], [ 78.526478110328199, 17.527728138301697 ], [ 78.526600531332022, 17.518697527915052 ], [ 78.517188415767876, 17.51857988167713 ], [ 78.517065530075797, 17.527610427607168 ] ] ] } },
{ "type": "Feature", "properties": { "grid_id": "HYD_0950" }, "geometry": { "type": "Polygon", "coordinates": [ [ [ 78.517188415767876, 17.51857988167713 ], [ 78.526600531332022, 17.518697527915052 ], [ 78.526722879123355, 17.509666908489322 ], [ 78.517311227969742, 17.509549326701858 ], [ 78.517188415767876, 17.51857988167713 ] ] ] } },
{ "type": "Feature", "properties": { "grid_id": "HYD_0951" }, "geometry": { "type": "Polygon", "coordinates": [ [ [ 78.517311227969742, 17.509549326701858 ], [ 78.526722879123355, 17.509666908489322 ], [ 78.526845153719051, 17.500636280028715 ], [ 78.51743396669832, 17.500518762685573 ], [ 78.517311227969742, 17.509549326701858 ] ] ] } },
{ "type": "Feature", "properties": { "grid_id": "HYD_0952" }, "geometry": { "type": "Polygon", "coordinates": [ [ [ 78.51743396669832, 17.500518762685573 ], [ 78.526845153719051, 17.500636280028715 ], [ 78.526967355135895, 17.491605642537461 ], [ 78.517556631970422, 17.491488189632509 ], [ 78.51743396669832, 17.500518762685573 ] ] ] } },
{ "type": "Feature", "properties": { "grid_id": "HYD_0953" }, "geometry": { "type": "Polygon", "coordinates": [ [ [ 78.517556631970422, 17.491488189632509 ], [ 78.526967355135895, 17.491605642537461 ], [ 78.527089483390682, 17.482574996019768 ], [ 78.517679223802944, 17.482457607546877 ], [ 78.517556631970422, 17.491488189632509 ] ] ] } },
{ "type": "Feature", "properties": { "grid_id": "HYD_0954" }, "geometry": { "type": "Polygon", "coordinates": [ [ [ 78.517679223802944, 17.482457607546877 ], [ 78.527089483390682, 17.482574996019768 ], [ 78.527211538500197, 17.473544340479854 ], [ 78.517801742212725, 17.47342701643289 ], [ 78.517679223802944, 17.482457607546877 ] ] ] } },
{ "type": "Feature", "properties": { "grid_id": "HYD_0955" }, "geometry": { "type": "Polygon", "coordinates": [ [ [ 78.517801742212725, 17.47342701643289 ], [ 78.527211538500197, 17.473544340479854 ], [ 78.527333520481221, 17.464513675921946 ], [ 78.517924187216579, 17.4643964162948 ], [ 78.517801742212725, 17.47342701643289 ] ] ] } },
{ "type": "Feature", "properties": { "grid_id": "HYD_0956" }, "geometry": { "type": "Polygon", "coordinates": [ [ [ 78.517924187216579, 17.4643964162948 ], [ 78.527333520481221, 17.464513675921946 ], [ 78.527455429350496, 17.455483002350267 ], [ 78.518046558831358, 17.455365807136801 ], [ 78.517924187216579, 17.4643964162948 ] ] ] } },
{ "type": "Feature", "properties": { "grid_id": "HYD_0957" }, "geometry": { "type": "Polygon", "coordinates": [ [ [ 78.518046558831358, 17.455365807136801 ], [ 78.527455429350496, 17.455483002350267 ], [ 78.527577265124762, 17.446452319769026 ], [ 78.518168857073832, 17.446335188963136 ], [ 78.518046558831358, 17.455365807136801 ] ] ] } },
{ "type": "Feature", "properties": { "grid_id": "HYD_0958" }, "geometry": { "type": "Polygon", "coordinates": [ [ [ 78.518168857073832, 17.446335188963136 ], [ 78.527577265124762, 17.446452319769026 ], [ 78.527699027820788, 17.437421628182445 ], [ 78.51829108196084, 17.437304561778024 ], [ 78.518168857073832, 17.446335188963136 ] ] ] } },
{ "type": "Feature", "properties": { "grid_id": "HYD_0959" }, "geometry": { "type": "Polygon", "coordinates": [ [ [ 78.51829108196084, 17.437304561778024 ], [ 78.527699027820788, 17.437421628182445 ], [ 78.527820717455242, 17.428390927594755 ], [ 78.518413233509136, 17.428273925585696 ], [ 78.51829108196084, 17.437304561778024 ] ] ] } },
{ "type": "Feature", "properties": { "grid_id": "HYD_0960" }, "geometry": { "type": "Polygon", "coordinates": [ [ [ 78.518413233509136, 17.428273925585696 ], [ 78.527820717455242, 17.428390927594755 ], [ 78.52794233404488, 17.41936021801018 ], [ 78.518535311735519, 17.419243280390369 ], [ 78.518413233509136, 17.428273925585696 ] ] ] } },
{ "type": "Feature", "properties": { "grid_id": "HYD_0961" }, "geometry": { "type": "Polygon", "coordinates": [ [ [ 78.518535311735519, 17.419243280390369 ], [ 78.52794233404488, 17.41936021801018 ], [ 78.528063877606385, 17.41032949943293 ], [ 78.518657316656714, 17.410212626196277 ], [ 78.518535311735519, 17.419243280390369 ] ] ] } },
{ "type": "Feature", "properties": { "grid_id": "HYD_0962" }, "geometry": { "type": "Polygon", "coordinates": [ [ [ 78.518657316656714, 17.410212626196277 ], [ 78.528063877606385, 17.41032949943293 ], [ 78.528185348156441, 17.401298771867236 ], [ 78.518779248289505, 17.401181963007648 ], [ 78.518657316656714, 17.410212626196277 ] ] ] } },
{ "type": "Feature", "properties": { "grid_id": "HYD_0963" }, "geometry": { "type": "Polygon", "coordinates": [ [ [ 78.518779248289505, 17.401181963007648 ], [ 78.528185348156441, 17.401298771867236 ], [ 78.528306745711717, 17.392268035317322 ], [ 78.518901106650588, 17.392151290828718 ], [ 78.518779248289505, 17.401181963007648 ] ] ] } },
{ "type": "Feature", "properties": { "grid_id": "HYD_0964" }, "geometry": { "type": "Polygon", "coordinates": [ [ [ 78.518901106650588, 17.392151290828718 ], [ 78.528306745711717, 17.392268035317322 ], [ 78.528428070288868, 17.383237289787424 ], [ 78.519022891756734, 17.383120609663699 ], [ 78.518901106650588, 17.392151290828718 ] ] ] } },
{ "type": "Feature", "properties": { "grid_id": "HYD_0965" }, "geometry": { "type": "Polygon", "coordinates": [ [ [ 78.519022891756734, 17.383120609663699 ], [ 78.528428070288868, 17.383237289787424 ], [ 78.528549321904563, 17.374206535281754 ], [ 78.519144603624639, 17.37408991951683 ], [ 78.519022891756734, 17.383120609663699 ] ] ] } },
{ "type": "Feature", "properties": { "grid_id": "HYD_0966" }, "geometry": { "type": "Polygon", "coordinates": [ [ [ 78.519144603624639, 17.37408991951683 ], [ 78.528549321904563, 17.374206535281754 ], [ 78.52867050057543, 17.365175771804534 ], [ 78.519266242270987, 17.36505922039234 ], [ 78.519144603624639, 17.37408991951683 ] ] ] } },
{ "type": "Feature", "properties": { "grid_id": "HYD_0967" }, "geometry": { "type": "Polygon", "coordinates": [ [ [ 78.519266242270987, 17.36505922039234 ], [ 78.52867050057543, 17.365175771804534 ], [ 78.528791606318094, 17.356144999360012 ], [ 78.519387807712491, 17.356028512294465 ], [ 78.519266242270987, 17.36505922039234 ] ] ] } },
{ "type": "Feature", "properties": { "grid_id": "HYD_0968" }, "geometry": { "type": "Polygon", "coordinates": [ [ [ 78.519387807712491, 17.356028512294465 ], [ 78.528791606318094, 17.356144999360012 ], [ 78.528912639149198, 17.347114217952399 ], [ 78.519509299965819, 17.346997795227434 ], [ 78.519387807712491, 17.356028512294465 ] ] ] } },
{ "type": "Feature", "properties": { "grid_id": "HYD_0969" }, "geometry": { "type": "Polygon", "coordinates": [ [ [ 78.519509299965819, 17.346997795227434 ], [ 78.528912639149198, 17.347114217952399 ], [ 78.529033599085295, 17.338083427585929 ], [ 78.519630719047612, 17.337967069195479 ], [ 78.519509299965819, 17.346997795227434 ] ] ] } },
{ "type": "Feature", "properties": { "grid_id": "HYD_0970" }, "geometry": { "type": "Polygon", "coordinates": [ [ [ 78.519630719047612, 17.337967069195479 ], [ 78.529033599085295, 17.338083427585929 ], [ 78.529154486142986, 17.329052628264833 ], [ 78.519752064974554, 17.328936334202833 ], [ 78.519630719047612, 17.337967069195479 ] ] ] } },
{ "type": "Feature", "properties": { "grid_id": "HYD_0971" }, "geometry": { "type": "Polygon", "coordinates": [ [ [ 78.519752064974554, 17.328936334202833 ], [ 78.529154486142986, 17.329052628264833 ], [ 78.529275300338881, 17.320021819993336 ], [ 78.519873337763286, 17.319905590253732 ], [ 78.519752064974554, 17.328936334202833 ] ] ] } },
{ "type": "Feature", "properties": { "grid_id": "HYD_0972" }, "geometry": { "type": "Polygon", "coordinates": [ [ [ 78.519873337763286, 17.319905590253732 ], [ 78.529275300338881, 17.320021819993336 ], [ 78.529396041689537, 17.310991002775669 ], [ 78.519994537430421, 17.310874837352401 ], [ 78.519873337763286, 17.319905590253732 ] ] ] } },
{ "type": "Feature", "properties": { "grid_id": "HYD_0973" }, "geometry": { "type": "Polygon", "coordinates": [ [ [ 78.519994537430421, 17.310874837352401 ], [ 78.529396041689537, 17.310991002775669 ], [ 78.529516710211482, 17.301960176616067 ], [ 78.520115663992598, 17.301844075503087 ], [ 78.519994537430421, 17.310874837352401 ] ] ] } },
{ "type": "Feature", "properties": { "grid_id": "HYD_0974" }, "geometry": { "type": "Polygon", "coordinates": [ [ [ 78.520115663992598, 17.301844075503087 ], [ 78.529516710211482, 17.301960176616067 ], [ 78.52963730592127, 17.292929341518757 ], [ 78.520236717466389, 17.292813304710023 ], [ 78.520115663992598, 17.301844075503087 ] ] ] } },
{ "type": "Feature", "properties": { "grid_id": "HYD_0975" }, "geometry": { "type": "Polygon", "coordinates": [ [ [ 78.520236717466389, 17.292813304710023 ], [ 78.52963730592127, 17.292929341518757 ], [ 78.529757828835457, 17.283898497487979 ], [ 78.52035769786842, 17.283782524977436 ], [ 78.520236717466389, 17.292813304710023 ] ] ] } },
{ "type": "Feature", "properties": { "grid_id": "HYD_0976" }, "geometry": { "type": "Polygon", "coordinates": [ [ [ 78.52035769786842, 17.283782524977436 ], [ 78.529757828835457, 17.283898497487979 ], [ 78.529878278970543, 17.274867644527962 ], [ 78.520478605215246, 17.274751736309582 ], [ 78.52035769786842, 17.283782524977436 ] ] ] } },
{ "type": "Feature", "properties": { "grid_id": "HYD_0977" }, "geometry": { "type": "Polygon", "coordinates": [ [ [ 78.520478605215246, 17.274751736309582 ], [ 78.529878278970543, 17.274867644527962 ], [ 78.529998656343025, 17.265836782642932 ], [ 78.520599439523451, 17.265720938710679 ], [ 78.520478605215246, 17.274751736309582 ] ] ] } },
{ "type": "Feature", "properties": { "grid_id": "HYD_0978" }, "geometry": { "type": "Polygon", "coordinates": [ [ [ 78.520599439523451, 17.265720938710679 ], [ 78.529998656343025, 17.265836782642932 ], [ 78.530118960969403, 17.25680591183713 ], [ 78.520720200809592, 17.256690132184971 ], [ 78.520599439523451, 17.265720938710679 ] ] ] } },
{ "type": "Feature", "properties": { "grid_id": "HYD_0979" }, "geometry": { "type": "Polygon", "coordinates": [ [ [ 78.520720200809592, 17.256690132184971 ], [ 78.530118960969403, 17.25680591183713 ], [ 78.530239192866176, 17.247775032114788 ], [ 78.520840889090209, 17.247659316736701 ], [ 78.520720200809592, 17.256690132184971 ] ] ] } },
{ "type": "Feature", "properties": { "grid_id": "HYD_0980" }, "geometry": { "type": "Polygon", "coordinates": [ [ [ 78.520840889090209, 17.247659316736701 ], [ 78.530239192866176, 17.247775032114788 ], [ 78.5303593520498, 17.238744143480154 ], [ 78.520961504381845, 17.238628492370111 ], [ 78.520840889090209, 17.247659316736701 ] ] ] } },
{ "type": "Feature", "properties": { "grid_id": "HYD_0981" }, "geometry": { "type": "Polygon", "coordinates": [ [ [ 78.520961504381845, 17.238628492370111 ], [ 78.5303593520498, 17.238744143480154 ], [ 78.530479438536744, 17.22971324593745 ], [ 78.521082046701011, 17.229597659089432 ], [ 78.520961504381845, 17.238628492370111 ] ] ] } },
{ "type": "Feature", "properties": { "grid_id": "HYD_0982" }, "geometry": { "type": "Polygon", "coordinates": [ [ [ 78.521082046701011, 17.229597659089432 ], [ 78.530479438536744, 17.22971324593745 ], [ 78.530599452343452, 17.220682339490914 ], [ 78.521202516064236, 17.220566816898909 ], [ 78.521082046701011, 17.229597659089432 ] ] ] } },
{ "type": "Feature", "properties": { "grid_id": "HYD_0983" }, "geometry": { "type": "Polygon", "coordinates": [ [ [ 78.521202516064236, 17.220566816898909 ], [ 78.530599452343452, 17.220682339490914 ], [ 78.530719393486365, 17.21165142414479 ], [ 78.521322912487989, 17.211535965802785 ], [ 78.521202516064236, 17.220566816898909 ] ] ] } },
{ "type": "Feature", "properties": { "grid_id": "HYD_0984" }, "geometry": { "type": "Polygon", "coordinates": [ [ [ 78.521322912487989, 17.211535965802785 ], [ 78.530719393486365, 17.21165142414479 ], [ 78.530839261981896, 17.202620499903315 ], [ 78.521443235988784, 17.202505105805297 ], [ 78.521322912487989, 17.211535965802785 ] ] ] } },
{ "type": "Feature", "properties": { "grid_id": "HYD_0985" }, "geometry": { "type": "Polygon", "coordinates": [ [ [ 78.525496104626754, 17.599972695481846 ], [ 78.534912485755527, 17.600090474049367 ], [ 78.535035026136654, 17.591059871865628 ], [ 78.525619111937203, 17.590942157559635 ], [ 78.525496104626754, 17.599972695481846 ] ] ] } },
{ "type": "Feature", "properties": { "grid_id": "HYD_0986" }, "geometry": { "type": "Polygon", "coordinates": [ [ [ 78.525619111937203, 17.590942157559635 ], [ 78.535035026136654, 17.591059871865628 ], [ 78.535157493448594, 17.582029260615244 ], [ 78.525742045900202, 17.581911610564624 ], [ 78.525619111937203, 17.590942157559635 ] ] ] } },
{ "type": "Feature", "properties": { "grid_id": "HYD_0987" }, "geometry": { "type": "Polygon", "coordinates": [ [ [ 78.525742045900202, 17.581911610564624 ], [ 78.535157493448594, 17.582029260615244 ], [ 78.535279887708171, 17.572998640302419 ], [ 78.525864906532661, 17.572881054501035 ], [ 78.525742045900202, 17.581911610564624 ] ] ] } },
{ "type": "Feature", "properties": { "grid_id": "HYD_0988" }, "geometry": { "type": "Polygon", "coordinates": [ [ [ 78.525864906532661, 17.572881054501035 ], [ 78.535279887708171, 17.572998640302419 ], [ 78.535402208932268, 17.563968010931358 ], [ 78.525987693851505, 17.563850489373067 ], [ 78.525864906532661, 17.572881054501035 ] ] ] } },
{ "type": "Feature", "properties": { "grid_id": "HYD_0989" }, "geometry": { "type": "Polygon", "coordinates": [ [ [ 78.525987693851505, 17.563850489373067 ], [ 78.535402208932268, 17.563968010931358 ], [ 78.535524457137669, 17.554937372506277 ], [ 78.526110407873603, 17.554819915184929 ], [ 78.525987693851505, 17.563850489373067 ] ] ] } },
{ "type": "Feature", "properties": { "grid_id": "HYD_0990" }, "geometry": { "type": "Polygon", "coordinates": [ [ [ 78.526110407873603, 17.554819915184929 ], [ 78.535524457137669, 17.554937372506277 ], [ 78.535646632341226, 17.545906725031372 ], [ 78.52623304861585, 17.545789331940846 ], [ 78.526110407873603, 17.554819915184929 ] ] ] } },
{ "type": "Feature", "properties": { "grid_id": "HYD_0991" }, "geometry": { "type": "Polygon", "coordinates": [ [ [ 78.52623304861585, 17.545789331940846 ], [ 78.535646632341226, 17.545906725031372 ], [ 78.53576873455971, 17.536876068510871 ], [ 78.526355616095103, 17.536758739645027 ], [ 78.52623304861585, 17.545789331940846 ] ] ] } },
{ "type": "Feature", "properties": { "grid_id": "HYD_0992" }, "geometry": { "type": "Polygon", "coordinates": [ [ [ 78.526355616095103, 17.536758739645027 ], [ 78.53576873455971, 17.536876068510871 ], [ 78.535890763809903, 17.527845402948977 ], [ 78.526478110328199, 17.527728138301697 ], [ 78.526355616095103, 17.536758739645027 ] ] ] } },
{ "type": "Feature", "properties": { "grid_id": "HYD_0993" }, "geometry": { "type": "Polygon", "coordinates": [ [ [ 78.526478110328199, 17.527728138301697 ], [ 78.535890763809903, 17.527845402948977 ], [ 78.53601272010863, 17.518814728349902 ], [ 78.526600531332022, 17.518697527915052 ], [ 78.526478110328199, 17.527728138301697 ] ] ] } },
{ "type": "Feature", "properties": { "grid_id": "HYD_0994" }, "geometry": { "type": "Polygon", "coordinates": [ [ [ 78.526600531332022, 17.518697527915052 ], [ 78.53601272010863, 17.518814728349902 ], [ 78.536134603472618, 17.509784044717851 ], [ 78.526722879123355, 17.509666908489322 ], [ 78.526600531332022, 17.518697527915052 ] ] ] } },
{ "type": "Feature", "properties": { "grid_id": "HYD_0995" }, "geometry": { "type": "Polygon", "coordinates": [ [ [ 78.526722879123355, 17.509666908489322 ], [ 78.536134603472618, 17.509784044717851 ], [ 78.536256413918622, 17.50075335205705 ], [ 78.526845153719051, 17.500636280028715 ], [ 78.526722879123355, 17.509666908489322 ] ] ] } },
{ "type": "Feature", "properties": { "grid_id": "HYD_0996" }, "geometry": { "type": "Polygon", "coordinates": [ [ [ 78.526845153719051, 17.500636280028715 ], [ 78.536256413918622, 17.50075335205705 ], [ 78.53637815146341, 17.491722650371706 ], [ 78.526967355135895, 17.491605642537461 ], [ 78.526845153719051, 17.500636280028715 ] ] ] } },
{ "type": "Feature", "properties": { "grid_id": "HYD_0997" }, "geometry": { "type": "Polygon", "coordinates": [ [ [ 78.526967355135895, 17.491605642537461 ], [ 78.53637815146341, 17.491722650371706 ], [ 78.536499816123694, 17.482691939666033 ], [ 78.527089483390682, 17.482574996019768 ], [ 78.526967355135895, 17.491605642537461 ] ] ] } },
{ "type": "Feature", "properties": { "grid_id": "HYD_0998" }, "geometry": { "type": "Polygon", "coordinates": [ [ [ 78.527089483390682, 17.482574996019768 ], [ 78.536499816123694, 17.482691939666033 ], [ 78.536621407916186, 17.473661219944244 ], [ 78.527211538500197, 17.473544340479854 ], [ 78.527089483390682, 17.482574996019768 ] ] ] } },
{ "type": "Feature", "properties": { "grid_id": "HYD_0999" }, "geometry": { "type": "Polygon", "coordinates": [ [ [ 78.527211538500197, 17.473544340479854 ], [ 78.536621407916186, 17.473661219944244 ], [ 78.536742926857599, 17.46463049121056 ], [ 78.527333520481221, 17.464513675921946 ], [ 78.527211538500197, 17.473544340479854 ] ] ] } },
{ "type": "Feature", "properties": { "grid_id": "HYD_1000" }, "geometry": { "type": "Polygon", "coordinates": [ [ [ 78.527333520481221, 17.464513675921946 ], [ 78.536742926857599, 17.46463049121056 ], [ 78.536864372964629, 17.455599753469187 ], [ 78.527455429350496, 17.455483002350267 ], [ 78.527333520481221, 17.464513675921946 ] ] ] } },
{ "type": "Feature", "properties": { "grid_id": "HYD_1001" }, "geometry": { "type": "Polygon", "coordinates": [ [ [ 78.527455429350496, 17.455483002350267 ], [ 78.536864372964629, 17.455599753469187 ], [ 78.536985746253961, 17.44656900672436 ], [ 78.527577265124762, 17.446452319769026 ], [ 78.527455429350496, 17.455483002350267 ] ] ] } },
{ "type": "Feature", "properties": { "grid_id": "HYD_1002" }, "geometry": { "type": "Polygon", "coordinates": [ [ [ 78.527577265124762, 17.446452319769026 ], [ 78.536985746253961, 17.44656900672436 ], [ 78.53710704674225, 17.437538250980282 ], [ 78.527699027820788, 17.437421628182445 ], [ 78.527577265124762, 17.446452319769026 ] ] ] } },
{ "type": "Feature", "properties": { "grid_id": "HYD_1003" }, "geometry": { "type": "Polygon", "coordinates": [ [ [ 78.527699027820788, 17.437421628182445 ], [ 78.53710704674225, 17.437538250980282 ], [ 78.537228274446193, 17.428507486241166 ], [ 78.527820717455242, 17.428390927594755 ], [ 78.527699027820788, 17.437421628182445 ] ] ] } },
{ "type": "Feature", "properties": { "grid_id": "HYD_1004" }, "geometry": { "type": "Polygon", "coordinates": [ [ [ 78.527820717455242, 17.428390927594755 ], [ 78.537228274446193, 17.428507486241166 ], [ 78.537349429382388, 17.419476712511244 ], [ 78.52794233404488, 17.41936021801018 ], [ 78.527820717455242, 17.428390927594755 ] ] ] } },
{ "type": "Feature", "properties": { "grid_id": "HYD_1005" }, "geometry": { "type": "Polygon", "coordinates": [ [ [ 78.52794233404488, 17.41936021801018 ], [ 78.537349429382388, 17.419476712511244 ], [ 78.537470511567491, 17.410445929794729 ], [ 78.528063877606385, 17.41032949943293 ], [ 78.52794233404488, 17.41936021801018 ] ] ] } },
{ "type": "Feature", "properties": { "grid_id": "HYD_1006" }, "geometry": { "type": "Polygon", "coordinates": [ [ [ 78.528063877606385, 17.41032949943293 ], [ 78.537470511567491, 17.410445929794729 ], [ 78.537591521018143, 17.401415138095846 ], [ 78.528185348156441, 17.401298771867236 ], [ 78.528063877606385, 17.41032949943293 ] ] ] } },
{ "type": "Feature", "properties": { "grid_id": "HYD_1007" }, "geometry": { "type": "Polygon", "coordinates": [ [ [ 78.528185348156441, 17.401298771867236 ], [ 78.537591521018143, 17.401415138095846 ], [ 78.537712457750942, 17.392384337418804 ], [ 78.528306745711717, 17.392268035317322 ], [ 78.528185348156441, 17.401298771867236 ] ] ] } },
{ "type": "Feature", "properties": { "grid_id": "HYD_1008" }, "geometry": { "type": "Polygon", "coordinates": [ [ [ 78.528306745711717, 17.392268035317322 ], [ 78.537712457750942, 17.392384337418804 ], [ 78.537833321782458, 17.383353527767838 ], [ 78.528428070288868, 17.383237289787424 ], [ 78.528306745711717, 17.392268035317322 ] ] ] } },
{ "type": "Feature", "properties": { "grid_id": "HYD_1009" }, "geometry": { "type": "Polygon", "coordinates": [ [ [ 78.528428070288868, 17.383237289787424 ], [ 78.537833321782458, 17.383353527767838 ], [ 78.537954113129317, 17.374322709147162 ], [ 78.528549321904563, 17.374206535281754 ], [ 78.528428070288868, 17.383237289787424 ] ] ] } },
{ "type": "Feature", "properties": { "grid_id": "HYD_1010" }, "geometry": { "type": "Polygon", "coordinates": [ [ [ 78.528549321904563, 17.374206535281754 ], [ 78.537954113129317, 17.374322709147162 ], [ 78.538074831808075, 17.365291881560999 ], [ 78.52867050057543, 17.365175771804534 ], [ 78.528549321904563, 17.374206535281754 ] ] ] } },
{ "type": "Feature", "properties": { "grid_id": "HYD_1011" }, "geometry": { "type": "Polygon", "coordinates": [ [ [ 78.52867050057543, 17.365175771804534 ], [ 78.538074831808075, 17.365291881560999 ], [ 78.538195477835302, 17.356261045013575 ], [ 78.528791606318094, 17.356144999360012 ], [ 78.52867050057543, 17.365175771804534 ] ] ] } },
{ "type": "Feature", "properties": { "grid_id": "HYD_1012" }, "geometry": { "type": "Polygon", "coordinates": [ [ [ 78.528791606318094, 17.356144999360012 ], [ 78.538195477835302, 17.356261045013575 ], [ 78.538316051227554, 17.347230199509116 ], [ 78.528912639149198, 17.347114217952399 ], [ 78.528791606318094, 17.356144999360012 ] ] ] } },
{ "type": "Feature", "properties": { "grid_id": "HYD_1013" }, "geometry": { "type": "Polygon", "coordinates": [ [ [ 78.528912639149198, 17.347114217952399 ], [ 78.538316051227554, 17.347230199509116 ], [ 78.538436552001343, 17.338199345051834 ], [ 78.529033599085295, 17.338083427585929 ], [ 78.528912639149198, 17.347114217952399 ] ] ] } },
{ "type": "Feature", "properties": { "grid_id": "HYD_1014" }, "geometry": { "type": "Polygon", "coordinates": [ [ [ 78.529033599085295, 17.338083427585929 ], [ 78.538436552001343, 17.338199345051834 ], [ 78.538556980173226, 17.329168481645976 ], [ 78.529154486142986, 17.329052628264833 ], [ 78.529033599085295, 17.338083427585929 ] ] ] } },
{ "type": "Feature", "properties": { "grid_id": "HYD_1015" }, "geometry": { "type": "Polygon", "coordinates": [ [ [ 78.529154486142986, 17.329052628264833 ], [ 78.538556980173226, 17.329168481645976 ], [ 78.538677335759729, 17.320137609295745 ], [ 78.529275300338881, 17.320021819993336 ], [ 78.529154486142986, 17.329052628264833 ] ] ] } },
{ "type": "Feature", "properties": { "grid_id": "HYD_1016" }, "geometry": { "type": "Polygon", "coordinates": [ [ [ 78.529275300338881, 17.320021819993336 ], [ 78.538677335759729, 17.320137609295745 ], [ 78.538797618777323, 17.311106728005377 ], [ 78.529396041689537, 17.310991002775669 ], [ 78.529275300338881, 17.320021819993336 ] ] ] } },
{ "type": "Feature", "properties": { "grid_id": "HYD_1017" }, "geometry": { "type": "Polygon", "coordinates": [ [ [ 78.529396041689537, 17.310991002775669 ], [ 78.538797618777323, 17.311106728005377 ], [ 78.538917829242521, 17.302075837779107 ], [ 78.529516710211482, 17.301960176616067 ], [ 78.529396041689537, 17.310991002775669 ] ] ] } },
{ "type": "Feature", "properties": { "grid_id": "HYD_1018" }, "geometry": { "type": "Polygon", "coordinates": [ [ [ 78.529516710211482, 17.301960176616067 ], [ 78.538917829242521, 17.302075837779107 ], [ 78.53903796717178, 17.293044938621151 ], [ 78.52963730592127, 17.292929341518757 ], [ 78.529516710211482, 17.301960176616067 ] ] ] } },
{ "type": "Feature", "properties": { "grid_id": "HYD_1019" }, "geometry": { "type": "Polygon", "coordinates": [ [ [ 78.52963730592127, 17.292929341518757 ], [ 78.53903796717178, 17.293044938621151 ], [ 78.539158032581597, 17.284014030535744 ], [ 78.529757828835457, 17.283898497487979 ], [ 78.52963730592127, 17.292929341518757 ] ] ] } },
{ "type": "Feature", "properties": { "grid_id": "HYD_1020" }, "geometry": { "type": "Polygon", "coordinates": [ [ [ 78.529757828835457, 17.283898497487979 ], [ 78.539158032581597, 17.284014030535744 ], [ 78.539278025488414, 17.274983113527114 ], [ 78.529878278970543, 17.274867644527962 ], [ 78.529757828835457, 17.283898497487979 ] ] ] } },
{ "type": "Feature", "properties": { "grid_id": "HYD_1021" }, "geometry": { "type": "Polygon", "coordinates": [ [ [ 78.529878278970543, 17.274867644527962 ], [ 78.539278025488414, 17.274983113527114 ], [ 78.539397945908689, 17.265952187599488 ], [ 78.529998656343025, 17.265836782642932 ], [ 78.529878278970543, 17.274867644527962 ] ] ] } },
{ "type": "Feature", "properties": { "grid_id": "HYD_1022" }, "geometry": { "type": "Polygon", "coordinates": [ [ [ 78.529998656343025, 17.265836782642932 ], [ 78.539397945908689, 17.265952187599488 ], [ 78.53951779385882, 17.256921252757092 ], [ 78.530118960969403, 17.25680591183713 ], [ 78.529998656343025, 17.265836782642932 ] ] ] } },
{ "type": "Feature", "properties": { "grid_id": "HYD_1023" }, "geometry": { "type": "Polygon", "coordinates": [ [ [ 78.530118960969403, 17.25680591183713 ], [ 78.53951779385882, 17.256921252757092 ], [ 78.539637569355278, 17.247890309004166 ], [ 78.530239192866176, 17.247775032114788 ], [ 78.530118960969403, 17.25680591183713 ] ] ] } },
{ "type": "Feature", "properties": { "grid_id": "HYD_1024" }, "geometry": { "type": "Polygon", "coordinates": [ [ [ 78.530239192866176, 17.247775032114788 ], [ 78.539637569355278, 17.247890309004166 ], [ 78.539757272414434, 17.238859356344943 ], [ 78.5303593520498, 17.238744143480154 ], [ 78.530239192866176, 17.247775032114788 ] ] ] } },
{ "type": "Feature", "properties": { "grid_id": "HYD_1025" }, "geometry": { "type": "Polygon", "coordinates": [ [ [ 78.5303593520498, 17.238744143480154 ], [ 78.539757272414434, 17.238859356344943 ], [ 78.539876903052715, 17.229828394783645 ], [ 78.530479438536744, 17.22971324593745 ], [ 78.5303593520498, 17.238744143480154 ] ] ] } },
{ "type": "Feature", "properties": { "grid_id": "HYD_1026" }, "geometry": { "type": "Polygon", "coordinates": [ [ [ 78.530479438536744, 17.22971324593745 ], [ 78.539876903052715, 17.229828394783645 ], [ 78.539996461286478, 17.220797424324513 ], [ 78.530599452343452, 17.220682339490914 ], [ 78.530479438536744, 17.22971324593745 ] ] ] } },
{ "type": "Feature", "properties": { "grid_id": "HYD_1027" }, "geometry": { "type": "Polygon", "coordinates": [ [ [ 78.530599452343452, 17.220682339490914 ], [ 78.539996461286478, 17.220797424324513 ], [ 78.540115947132108, 17.211766444971783 ], [ 78.530719393486365, 17.21165142414479 ], [ 78.530599452343452, 17.220682339490914 ] ] ] } },
{ "type": "Feature", "properties": { "grid_id": "HYD_1028" }, "geometry": { "type": "Polygon", "coordinates": [ [ [ 78.535035026136654, 17.591059871865628 ], [ 78.544451013405308, 17.591177138399253 ], [ 78.544573014049334, 17.582146463137821 ], [ 78.535157493448594, 17.582029260615244 ], [ 78.535035026136654, 17.591059871865628 ] ] ] } },
{ "type": "Feature", "properties": { "grid_id": "HYD_1029" }, "geometry": { "type": "Polygon", "coordinates": [ [ [ 78.535157493448594, 17.582029260615244 ], [ 78.544573014049334, 17.582146463137821 ], [ 78.544694941919204, 17.573115778820078 ], [ 78.535279887708171, 17.572998640302419 ], [ 78.535157493448594, 17.582029260615244 ] ] ] } },
{ "type": "Feature", "properties": { "grid_id": "HYD_1030" }, "geometry": { "type": "Polygon", "coordinates": [ [ [ 78.535279887708171, 17.572998640302419 ], [ 78.544694941919204, 17.573115778820078 ], [ 78.544816797031714, 17.564085085450223 ], [ 78.535402208932268, 17.563968010931358 ], [ 78.535279887708171, 17.572998640302419 ] ] ] } },
{ "type": "Feature", "properties": { "grid_id": "HYD_1031" }, "geometry": { "type": "Polygon", "coordinates": [ [ [ 78.535402208932268, 17.563968010931358 ], [ 78.544816797031714, 17.564085085450223 ], [ 78.54493857940362, 17.555054383032459 ], [ 78.535524457137669, 17.554937372506277 ], [ 78.535402208932268, 17.563968010931358 ] ] ] } },
{ "type": "Feature", "properties": { "grid_id": "HYD_1032" }, "geometry": { "type": "Polygon", "coordinates": [ [ [ 78.535524457137669, 17.554937372506277 ], [ 78.54493857940362, 17.555054383032459 ], [ 78.545060289051648, 17.546023671570996 ], [ 78.535646632341226, 17.545906725031372 ], [ 78.535524457137669, 17.554937372506277 ] ] ] } },
{ "type": "Feature", "properties": { "grid_id": "HYD_1033" }, "geometry": { "type": "Polygon", "coordinates": [ [ [ 78.535646632341226, 17.545906725031372 ], [ 78.545060289051648, 17.546023671570996 ], [ 78.54518192599258, 17.53699295107003 ], [ 78.53576873455971, 17.536876068510871 ], [ 78.535646632341226, 17.545906725031372 ] ] ] } },
{ "type": "Feature", "properties": { "grid_id": "HYD_1034" }, "geometry": { "type": "Polygon", "coordinates": [ [ [ 78.53576873455971, 17.536876068510871 ], [ 78.54518192599258, 17.53699295107003 ], [ 78.545303490243114, 17.527962221533773 ], [ 78.535890763809903, 17.527845402948977 ], [ 78.53576873455971, 17.536876068510871 ] ] ] } },
{ "type": "Feature", "properties": { "grid_id": "HYD_1035" }, "geometry": { "type": "Polygon", "coordinates": [ [ [ 78.535890763809903, 17.527845402948977 ], [ 78.545303490243114, 17.527962221533773 ], [ 78.545424981819963, 17.518931482966444 ], [ 78.53601272010863, 17.518814728349902 ], [ 78.535890763809903, 17.527845402948977 ] ] ] } },
{ "type": "Feature", "properties": { "grid_id": "HYD_1036" }, "geometry": { "type": "Polygon", "coordinates": [ [ [ 78.53601272010863, 17.518814728349902 ], [ 78.545424981819963, 17.518931482966444 ], [ 78.545546400739852, 17.509900735372238 ], [ 78.536134603472618, 17.509784044717851 ], [ 78.53601272010863, 17.518814728349902 ] ] ] } },
{ "type": "Feature", "properties": { "grid_id": "HYD_1037" }, "geometry": { "type": "Polygon", "coordinates": [ [ [ 78.536134603472618, 17.509784044717851 ], [ 78.545546400739852, 17.509900735372238 ], [ 78.545667747019436, 17.500869978755368 ], [ 78.536256413918622, 17.50075335205705 ], [ 78.536134603472618, 17.509784044717851 ] ] ] } },
{ "type": "Feature", "properties": { "grid_id": "HYD_1038" }, "geometry": { "type": "Polygon", "coordinates": [ [ [ 78.536256413918622, 17.50075335205705 ], [ 78.545667747019436, 17.500869978755368 ], [ 78.545789020675429, 17.491839213120045 ], [ 78.53637815146341, 17.491722650371706 ], [ 78.536256413918622, 17.50075335205705 ] ] ] } },
{ "type": "Feature", "properties": { "grid_id": "HYD_1039" }, "geometry": { "type": "Polygon", "coordinates": [ [ [ 78.53637815146341, 17.491722650371706 ], [ 78.545789020675429, 17.491839213120045 ], [ 78.545910221724483, 17.482808438470471 ], [ 78.536499816123694, 17.482691939666033 ], [ 78.53637815146341, 17.491722650371706 ] ] ] } },
{ "type": "Feature", "properties": { "grid_id": "HYD_1040" }, "geometry": { "type": "Polygon", "coordinates": [ [ [ 78.536499816123694, 17.482691939666033 ], [ 78.545910221724483, 17.482808438470471 ], [ 78.546031350183242, 17.473777654810867 ], [ 78.536621407916186, 17.473661219944244 ], [ 78.536499816123694, 17.482691939666033 ] ] ] } },
{ "type": "Feature", "properties": { "grid_id": "HYD_1041" }, "geometry": { "type": "Polygon", "coordinates": [ [ [ 78.536621407916186, 17.473661219944244 ], [ 78.546031350183242, 17.473777654810867 ], [ 78.546152406068344, 17.464746862145443 ], [ 78.536742926857599, 17.46463049121056 ], [ 78.536621407916186, 17.473661219944244 ] ] ] } },
{ "type": "Feature", "properties": { "grid_id": "HYD_1042" }, "geometry": { "type": "Polygon", "coordinates": [ [ [ 78.536742926857599, 17.46463049121056 ], [ 78.546152406068344, 17.464746862145443 ], [ 78.546273389396461, 17.455716060478409 ], [ 78.536864372964629, 17.455599753469187 ], [ 78.536742926857599, 17.46463049121056 ] ] ] } },
{ "type": "Feature", "properties": { "grid_id": "HYD_1043" }, "geometry": { "type": "Polygon", "coordinates": [ [ [ 78.536864372964629, 17.455599753469187 ], [ 78.546273389396461, 17.455716060478409 ], [ 78.546394300184176, 17.446685249813974 ], [ 78.536985746253961, 17.44656900672436 ], [ 78.536864372964629, 17.455599753469187 ] ] ] } },
{ "type": "Feature", "properties": { "grid_id": "HYD_1044" }, "geometry": { "type": "Polygon", "coordinates": [ [ [ 78.536985746253961, 17.44656900672436 ], [ 78.546394300184176, 17.446685249813974 ], [ 78.5465151384481, 17.437654430156364 ], [ 78.53710704674225, 17.437538250980282 ], [ 78.536985746253961, 17.44656900672436 ] ] ] } },
{ "type": "Feature", "properties": { "grid_id": "HYD_1045" }, "geometry": { "type": "Polygon", "coordinates": [ [ [ 78.53710704674225, 17.437538250980282 ], [ 78.5465151384481, 17.437654430156364 ], [ 78.546635904204848, 17.428623601509774 ], [ 78.537228274446193, 17.428507486241166 ], [ 78.53710704674225, 17.437538250980282 ] ] ] } },
{ "type": "Feature", "properties": { "grid_id": "HYD_1046" }, "geometry": { "type": "Polygon", "coordinates": [ [ [ 78.537228274446193, 17.428507486241166 ], [ 78.546635904204848, 17.428623601509774 ], [ 78.546756597470988, 17.41959276387843 ], [ 78.537349429382388, 17.419476712511244 ], [ 78.537228274446193, 17.428507486241166 ] ] ] } },
{ "type": "Feature", "properties": { "grid_id": "HYD_1047" }, "geometry": { "type": "Polygon", "coordinates": [ [ [ 78.537349429382388, 17.419476712511244 ], [ 78.546756597470988, 17.41959276387843 ], [ 78.546877218263091, 17.410561917266552 ], [ 78.537470511567491, 17.410445929794729 ], [ 78.537349429382388, 17.419476712511244 ] ] ] } },
{ "type": "Feature", "properties": { "grid_id": "HYD_1048" }, "geometry": { "type": "Polygon", "coordinates": [ [ [ 78.537470511567491, 17.410445929794729 ], [ 78.546877218263091, 17.410561917266552 ], [ 78.546997766597713, 17.401531061678352 ], [ 78.537591521018143, 17.401415138095846 ], [ 78.537470511567491, 17.410445929794729 ] ] ] } },
{ "type": "Feature", "properties": { "grid_id": "HYD_1049" }, "geometry": { "type": "Polygon", "coordinates": [ [ [ 78.537591521018143, 17.401415138095846 ], [ 78.546997766597713, 17.401531061678352 ], [ 78.547118242491408, 17.392500197118036 ], [ 78.537712457750942, 17.392384337418804 ], [ 78.537591521018143, 17.401415138095846 ] ] ] } },
{ "type": "Feature", "properties": { "grid_id": "HYD_1050" }, "geometry": { "type": "Polygon", "coordinates": [ [ [ 78.537712457750942, 17.392384337418804 ], [ 78.547118242491408, 17.392500197118036 ], [ 78.547238645960718, 17.383469323589839 ], [ 78.537833321782458, 17.383353527767838 ], [ 78.537712457750942, 17.392384337418804 ] ] ] } },
{ "type": "Feature", "properties": { "grid_id": "HYD_1051" }, "geometry": { "type": "Polygon", "coordinates": [ [ [ 78.537833321782458, 17.383353527767838 ], [ 78.547238645960718, 17.383469323589839 ], [ 78.547358977022157, 17.374438441097968 ], [ 78.537954113129317, 17.374322709147162 ], [ 78.537833321782458, 17.383353527767838 ] ] ] } },
{ "type": "Feature", "properties": { "grid_id": "HYD_1052" }, "geometry": { "type": "Polygon", "coordinates": [ [ [ 78.537954113129317, 17.374322709147162 ], [ 78.547358977022157, 17.374438441097968 ], [ 78.547479235692251, 17.365407549646644 ], [ 78.538074831808075, 17.365291881560999 ], [ 78.537954113129317, 17.374322709147162 ] ] ] } },
{ "type": "Feature", "properties": { "grid_id": "HYD_1053" }, "geometry": { "type": "Polygon", "coordinates": [ [ [ 78.538074831808075, 17.365291881560999 ], [ 78.547479235692251, 17.365407549646644 ], [ 78.547599421987485, 17.356376649240087 ], [ 78.538195477835302, 17.356261045013575 ], [ 78.538074831808075, 17.365291881560999 ] ] ] } },
{ "type": "Feature", "properties": { "grid_id": "HYD_1054" }, "geometry": { "type": "Polygon", "coordinates": [ [ [ 78.538195477835302, 17.356261045013575 ], [ 78.547599421987485, 17.356376649240087 ], [ 78.547719535924344, 17.347345739882517 ], [ 78.538316051227554, 17.347230199509116 ], [ 78.538195477835302, 17.356261045013575 ] ] ] } },
{ "type": "Feature", "properties": { "grid_id": "HYD_1055" }, "geometry": { "type": "Polygon", "coordinates": [ [ [ 78.538316051227554, 17.347230199509116 ], [ 78.547719535924344, 17.347345739882517 ], [ 78.547839577519326, 17.338314821578155 ], [ 78.538436552001343, 17.338199345051834 ], [ 78.538316051227554, 17.347230199509116 ] ] ] } },
{ "type": "Feature", "properties": { "grid_id": "HYD_1056" }, "geometry": { "type": "Polygon", "coordinates": [ [ [ 78.538436552001343, 17.338199345051834 ], [ 78.547839577519326, 17.338314821578155 ], [ 78.547959546788874, 17.329283894331216 ], [ 78.538556980173226, 17.329168481645976 ], [ 78.538436552001343, 17.338199345051834 ] ] ] } },
{ "type": "Feature", "properties": { "grid_id": "HYD_1057" }, "geometry": { "type": "Polygon", "coordinates": [ [ [ 78.538556980173226, 17.329168481645976 ], [ 78.547959546788874, 17.329283894331216 ], [ 78.548079443749458, 17.320252958145932 ], [ 78.538677335759729, 17.320137609295745 ], [ 78.538556980173226, 17.329168481645976 ] ] ] } },
{ "type": "Feature", "properties": { "grid_id": "HYD_1058" }, "geometry": { "type": "Polygon", "coordinates": [ [ [ 78.538677335759729, 17.320137609295745 ], [ 78.548079443749458, 17.320252958145932 ], [ 78.548199268417505, 17.311222013026512 ], [ 78.538797618777323, 17.311106728005377 ], [ 78.538677335759729, 17.320137609295745 ] ] ] } },
{ "type": "Feature", "properties": { "grid_id": "HYD_1059" }, "geometry": { "type": "Polygon", "coordinates": [ [ [ 78.538797618777323, 17.311106728005377 ], [ 78.548199268417505, 17.311222013026512 ], [ 78.548319020809473, 17.302191058977193 ], [ 78.538917829242521, 17.302075837779107 ], [ 78.538797618777323, 17.311106728005377 ] ] ] } },
{ "type": "Feature", "properties": { "grid_id": "HYD_1060" }, "geometry": { "type": "Polygon", "coordinates": [ [ [ 78.538917829242521, 17.302075837779107 ], [ 78.548319020809473, 17.302191058977193 ], [ 78.548438700941745, 17.2931600960022 ], [ 78.53903796717178, 17.293044938621151 ], [ 78.538917829242521, 17.302075837779107 ] ] ] } },
{ "type": "Feature", "properties": { "grid_id": "HYD_1061" }, "geometry": { "type": "Polygon", "coordinates": [ [ [ 78.53903796717178, 17.293044938621151 ], [ 78.548438700941745, 17.2931600960022 ], [ 78.548558308830735, 17.284129124105739 ], [ 78.539158032581597, 17.284014030535744 ], [ 78.53903796717178, 17.293044938621151 ] ] ] } },
{ "type": "Feature", "properties": { "grid_id": "HYD_1062" }, "geometry": { "type": "Polygon", "coordinates": [ [ [ 78.539158032581597, 17.284014030535744 ], [ 78.548558308830735, 17.284129124105739 ], [ 78.548677844492843, 17.275098143292059 ], [ 78.539278025488414, 17.274983113527114 ], [ 78.539158032581597, 17.284014030535744 ] ] ] } },
{ "type": "Feature", "properties": { "grid_id": "HYD_1063" }, "geometry": { "type": "Polygon", "coordinates": [ [ [ 78.539278025488414, 17.274983113527114 ], [ 78.548677844492843, 17.275098143292059 ], [ 78.548797307944469, 17.266067153565366 ], [ 78.539397945908689, 17.265952187599488 ], [ 78.539278025488414, 17.274983113527114 ] ] ] } },
{ "type": "Feature", "properties": { "grid_id": "HYD_1064" }, "geometry": { "type": "Polygon", "coordinates": [ [ [ 78.539397945908689, 17.265952187599488 ], [ 78.548797307944469, 17.266067153565366 ], [ 78.548916699201953, 17.257036154929896 ], [ 78.53951779385882, 17.256921252757092 ], [ 78.539397945908689, 17.265952187599488 ] ] ] } },
{ "type": "Feature", "properties": { "grid_id": "HYD_1065" }, "geometry": { "type": "Polygon", "coordinates": [ [ [ 78.53951779385882, 17.256921252757092 ], [ 78.548916699201953, 17.257036154929896 ], [ 78.549036018281669, 17.248005147389875 ], [ 78.539637569355278, 17.247890309004166 ], [ 78.53951779385882, 17.256921252757092 ] ] ] } },
{ "type": "Feature", "properties": { "grid_id": "HYD_1066" }, "geometry": { "type": "Polygon", "coordinates": [ [ [ 78.539637569355278, 17.247890309004166 ], [ 78.549036018281669, 17.248005147389875 ], [ 78.549155265199971, 17.238974130949529 ], [ 78.539757272414434, 17.238859356344943 ], [ 78.539637569355278, 17.247890309004166 ] ] ] } },
{ "type": "Feature", "properties": { "grid_id": "HYD_1067" }, "geometry": { "type": "Polygon", "coordinates": [ [ [ 78.539757272414434, 17.238859356344943 ], [ 78.549155265199971, 17.238974130949529 ], [ 78.549274439973175, 17.229943105613092 ], [ 78.539876903052715, 17.229828394783645 ], [ 78.539757272414434, 17.238859356344943 ] ] ] } },
{ "type": "Feature", "properties": { "grid_id": "HYD_1068" }, "geometry": { "type": "Polygon", "coordinates": [ [ [ 78.539876903052715, 17.229828394783645 ], [ 78.549274439973175, 17.229943105613092 ], [ 78.549393542617622, 17.220912071384777 ], [ 78.539996461286478, 17.220797424324513 ], [ 78.539876903052715, 17.229828394783645 ] ] ] } },
{ "type": "Feature", "properties": { "grid_id": "HYD_1069" }, "geometry": { "type": "Polygon", "coordinates": [ [ [ 78.539996461286478, 17.220797424324513 ], [ 78.549393542617622, 17.220912071384777 ], [ 78.549512573149627, 17.211881028268838 ], [ 78.540115947132108, 17.211766444971783 ], [ 78.539996461286478, 17.220797424324513 ] ] ] } },
{ "type": "Feature", "properties": { "grid_id": "HYD_1070" }, "geometry": { "type": "Polygon", "coordinates": [ [ [ 78.544451013405308, 17.591177138399253 ], [ 78.553867073464886, 17.591293957145236 ], [ 78.553988607424202, 17.58226321811712 ], [ 78.544573014049334, 17.582146463137821 ], [ 78.544451013405308, 17.591177138399253 ] ] ] } },
{ "type": "Feature", "properties": { "grid_id": "HYD_1071" }, "geometry": { "type": "Polygon", "coordinates": [ [ [ 78.544573014049334, 17.582146463137821 ], [ 78.553988607424202, 17.58226321811712 ], [ 78.554110068887596, 17.573232470038786 ], [ 78.544694941919204, 17.573115778820078 ], [ 78.544573014049334, 17.582146463137821 ] ] ] } },
{ "type": "Feature", "properties": { "grid_id": "HYD_1072" }, "geometry": { "type": "Polygon", "coordinates": [ [ [ 78.544694941919204, 17.573115778820078 ], [ 78.554110068887596, 17.573232470038786 ], [ 78.554231457871765, 17.564201712914432 ], [ 78.544816797031714, 17.564085085450223 ], [ 78.544694941919204, 17.573115778820078 ] ] ] } },
{ "type": "Feature", "properties": { "grid_id": "HYD_1073" }, "geometry": { "type": "Polygon", "coordinates": [ [ [ 78.544816797031714, 17.564085085450223 ], [ 78.554231457871765, 17.564201712914432 ], [ 78.554352774393408, 17.555170946748277 ], [ 78.54493857940362, 17.555054383032459 ], [ 78.544816797031714, 17.564085085450223 ] ] ] } },
{ "type": "Feature", "properties": { "grid_id": "HYD_1074" }, "geometry": { "type": "Polygon", "coordinates": [ [ [ 78.54493857940362, 17.555054383032459 ], [ 78.554352774393408, 17.555170946748277 ], [ 78.554474018469207, 17.54614017154449 ], [ 78.545060289051648, 17.546023671570996 ], [ 78.54493857940362, 17.555054383032459 ] ] ] } },
{ "type": "Feature", "properties": { "grid_id": "HYD_1075" }, "geometry": { "type": "Polygon", "coordinates": [ [ [ 78.545060289051648, 17.546023671570996 ], [ 78.554474018469207, 17.54614017154449 ], [ 78.554595190115847, 17.5371093873073 ], [ 78.54518192599258, 17.53699295107003 ], [ 78.545060289051648, 17.546023671570996 ] ] ] } },
{ "type": "Feature", "properties": { "grid_id": "HYD_1076" }, "geometry": { "type": "Polygon", "coordinates": [ [ [ 78.54518192599258, 17.53699295107003 ], [ 78.554595190115847, 17.5371093873073 ], [ 78.554716289349997, 17.528078594040906 ], [ 78.545303490243114, 17.527962221533773 ], [ 78.54518192599258, 17.53699295107003 ] ] ] } },
{ "type": "Feature", "properties": { "grid_id": "HYD_1077" }, "geometry": { "type": "Polygon", "coordinates": [ [ [ 78.545303490243114, 17.527962221533773 ], [ 78.554716289349997, 17.528078594040906 ], [ 78.554837316188284, 17.5190477917495 ], [ 78.545424981819963, 17.518931482966444 ], [ 78.545303490243114, 17.527962221533773 ] ] ] } },
{ "type": "Feature", "properties": { "grid_id": "HYD_1078" }, "geometry": { "type": "Polygon", "coordinates": [ [ [ 78.545424981819963, 17.518931482966444 ], [ 78.554837316188284, 17.5190477917495 ], [ 78.554958270647361, 17.510016980437296 ], [ 78.545546400739852, 17.509900735372238 ], [ 78.545424981819963, 17.518931482966444 ] ] ] } },
{ "type": "Feature", "properties": { "grid_id": "HYD_1079" }, "geometry": { "type": "Polygon", "coordinates": [ [ [ 78.545546400739852, 17.509900735372238 ], [ 78.554958270647361, 17.510016980437296 ], [ 78.555079152743858, 17.500986160108496 ], [ 78.545667747019436, 17.500869978755368 ], [ 78.545546400739852, 17.509900735372238 ] ] ] } },
{ "type": "Feature", "properties": { "grid_id": "HYD_1080" }, "geometry": { "type": "Polygon", "coordinates": [ [ [ 78.545667747019436, 17.500869978755368 ], [ 78.555079152743858, 17.500986160108496 ], [ 78.555199962494385, 17.491955330767315 ], [ 78.545789020675429, 17.491839213120045 ], [ 78.545667747019436, 17.500869978755368 ] ] ] } },
{ "type": "Feature", "properties": { "grid_id": "HYD_1081" }, "geometry": { "type": "Polygon", "coordinates": [ [ [ 78.545789020675429, 17.491839213120045 ], [ 78.555199962494385, 17.491955330767315 ], [ 78.555320699915541, 17.482924492417943 ], [ 78.545910221724483, 17.482808438470471 ], [ 78.545789020675429, 17.491839213120045 ] ] ] } },
{ "type": "Feature", "properties": { "grid_id": "HYD_1082" }, "geometry": { "type": "Polygon", "coordinates": [ [ [ 78.545910221724483, 17.482808438470471 ], [ 78.555320699915541, 17.482924492417943 ], [ 78.555441365023924, 17.473893645064589 ], [ 78.546031350183242, 17.473777654810867 ], [ 78.545910221724483, 17.482808438470471 ] ] ] } },
{ "type": "Feature", "properties": { "grid_id": "HYD_1083" }, "geometry": { "type": "Polygon", "coordinates": [ [ [ 78.546031350183242, 17.473777654810867 ], [ 78.555441365023924, 17.473893645064589 ], [ 78.555561957836119, 17.464862788711471 ], [ 78.546152406068344, 17.464746862145443 ], [ 78.546031350183242, 17.473777654810867 ] ] ] } },
{ "type": "Feature", "properties": { "grid_id": "HYD_1084" }, "geometry": { "type": "Polygon", "coordinates": [ [ [ 78.546152406068344, 17.464746862145443 ], [ 78.555561957836119, 17.464862788711471 ], [ 78.555682478368695, 17.455831923362801 ], [ 78.546273389396461, 17.455716060478409 ], [ 78.546152406068344, 17.464746862145443 ] ] ] } },
{ "type": "Feature", "properties": { "grid_id": "HYD_1085" }, "geometry": { "type": "Polygon", "coordinates": [ [ [ 78.546273389396461, 17.455716060478409 ], [ 78.555682478368695, 17.455831923362801 ], [ 78.555802926638179, 17.446801049022771 ], [ 78.546394300184176, 17.446685249813974 ], [ 78.546273389396461, 17.455716060478409 ] ] ] } },
{ "type": "Feature", "properties": { "grid_id": "HYD_1086" }, "geometry": { "type": "Polygon", "coordinates": [ [ [ 78.546394300184176, 17.446685249813974 ], [ 78.555802926638179, 17.446801049022771 ], [ 78.555923302661142, 17.437770165695596 ], [ 78.5465151384481, 17.437654430156364 ], [ 78.546394300184176, 17.446685249813974 ] ] ] } },
{ "type": "Feature", "properties": { "grid_id": "HYD_1087" }, "geometry": { "type": "Polygon", "coordinates": [ [ [ 78.5465151384481, 17.437654430156364 ], [ 78.555923302661142, 17.437770165695596 ], [ 78.556043606454125, 17.428739273385492 ], [ 78.546635904204848, 17.428623601509774 ], [ 78.5465151384481, 17.437654430156364 ] ] ] } },
{ "type": "Feature", "properties": { "grid_id": "HYD_1088" }, "geometry": { "type": "Polygon", "coordinates": [ [ [ 78.546635904204848, 17.428623601509774 ], [ 78.556043606454125, 17.428739273385492 ], [ 78.556163838033626, 17.419708372096672 ], [ 78.546756597470988, 17.41959276387843 ], [ 78.546635904204848, 17.428623601509774 ] ] ] } },
{ "type": "Feature", "properties": { "grid_id": "HYD_1089" }, "geometry": { "type": "Polygon", "coordinates": [ [ [ 78.546756597470988, 17.41959276387843 ], [ 78.556163838033626, 17.419708372096672 ], [ 78.556283997416145, 17.410677461833334 ], [ 78.546877218263091, 17.410561917266552 ], [ 78.546756597470988, 17.41959276387843 ] ] ] } },
{ "type": "Feature", "properties": { "grid_id": "HYD_1090" }, "geometry": { "type": "Polygon", "coordinates": [ [ [ 78.546877218263091, 17.410561917266552 ], [ 78.556283997416145, 17.410677461833334 ], [ 78.556404084618208, 17.4016465425997 ], [ 78.546997766597713, 17.401531061678352 ], [ 78.546877218263091, 17.410561917266552 ] ] ] } },
{ "type": "Feature", "properties": { "grid_id": "HYD_1091" }, "geometry": { "type": "Polygon", "coordinates": [ [ [ 78.546997766597713, 17.401531061678352 ], [ 78.556404084618208, 17.4016465425997 ], [ 78.556524099656272, 17.392615614399975 ], [ 78.547118242491408, 17.392500197118036 ], [ 78.546997766597713, 17.401531061678352 ] ] ] } },
{ "type": "Feature", "properties": { "grid_id": "HYD_1092" }, "geometry": { "type": "Polygon", "coordinates": [ [ [ 78.547118242491408, 17.392500197118036 ], [ 78.556524099656272, 17.392615614399975 ], [ 78.55664404254685, 17.383584677238396 ], [ 78.547238645960718, 17.383469323589839 ], [ 78.547118242491408, 17.392500197118036 ] ] ] } },
{ "type": "Feature", "properties": { "grid_id": "HYD_1093" }, "geometry": { "type": "Polygon", "coordinates": [ [ [ 78.547238645960718, 17.383469323589839 ], [ 78.55664404254685, 17.383584677238396 ], [ 78.556763913306369, 17.374553731119143 ], [ 78.547358977022157, 17.374438441097968 ], [ 78.547238645960718, 17.383469323589839 ] ] ] } },
{ "type": "Feature", "properties": { "grid_id": "HYD_1094" }, "geometry": { "type": "Polygon", "coordinates": [ [ [ 78.547358977022157, 17.374438441097968 ], [ 78.556763913306369, 17.374553731119143 ], [ 78.556883711951258, 17.365522776046447 ], [ 78.547479235692251, 17.365407549646644 ], [ 78.547358977022157, 17.374438441097968 ] ] ] } },
{ "type": "Feature", "properties": { "grid_id": "HYD_1095" }, "geometry": { "type": "Polygon", "coordinates": [ [ [ 78.547479235692251, 17.365407549646644 ], [ 78.556883711951258, 17.365522776046447 ], [ 78.557003438498015, 17.356491812024533 ], [ 78.547599421987485, 17.356376649240087 ], [ 78.547479235692251, 17.365407549646644 ] ] ] } },
{ "type": "Feature", "properties": { "grid_id": "HYD_1096" }, "geometry": { "type": "Polygon", "coordinates": [ [ [ 78.547599421987485, 17.356376649240087 ], [ 78.557003438498015, 17.356491812024533 ], [ 78.557123092963025, 17.3474608390576 ], [ 78.547719535924344, 17.347345739882517 ], [ 78.547599421987485, 17.356376649240087 ] ] ] } },
{ "type": "Feature", "properties": { "grid_id": "HYD_1097" }, "geometry": { "type": "Polygon", "coordinates": [ [ [ 78.547719535924344, 17.347345739882517 ], [ 78.557123092963025, 17.3474608390576 ], [ 78.557242675362716, 17.338429857149876 ], [ 78.547839577519326, 17.338314821578155 ], [ 78.547719535924344, 17.347345739882517 ] ] ] } },
{ "type": "Feature", "properties": { "grid_id": "HYD_1098" }, "geometry": { "type": "Polygon", "coordinates": [ [ [ 78.547839577519326, 17.338314821578155 ], [ 78.557242675362716, 17.338429857149876 ], [ 78.557362185713473, 17.329398866305571 ], [ 78.547959546788874, 17.329283894331216 ], [ 78.547839577519326, 17.338314821578155 ] ] ] } },
{ "type": "Feature", "properties": { "grid_id": "HYD_1099" }, "geometry": { "type": "Polygon", "coordinates": [ [ [ 78.547959546788874, 17.329283894331216 ], [ 78.557362185713473, 17.329398866305571 ], [ 78.557481624031709, 17.320367866528908 ], [ 78.548079443749458, 17.320252958145932 ], [ 78.547959546788874, 17.329283894331216 ] ] ] } },
{ "type": "Feature", "properties": { "grid_id": "HYD_1100" }, "geometry": { "type": "Polygon", "coordinates": [ [ [ 78.548079443749458, 17.320252958145932 ], [ 78.557481624031709, 17.320367866528908 ], [ 78.557600990333796, 17.311336857824095 ], [ 78.548199268417505, 17.311222013026512 ], [ 78.548079443749458, 17.320252958145932 ] ] ] } },
{ "type": "Feature", "properties": { "grid_id": "HYD_1101" }, "geometry": { "type": "Polygon", "coordinates": [ [ [ 78.548199268417505, 17.311222013026512 ], [ 78.557600990333796, 17.311336857824095 ], [ 78.557720284636105, 17.302305840195377 ], [ 78.548319020809473, 17.302191058977193 ], [ 78.548199268417505, 17.311222013026512 ] ] ] } },
{ "type": "Feature", "properties": { "grid_id": "HYD_1102" }, "geometry": { "type": "Polygon", "coordinates": [ [ [ 78.548319020809473, 17.302191058977193 ], [ 78.557720284636105, 17.302305840195377 ], [ 78.557839506954977, 17.293274813646946 ], [ 78.548438700941745, 17.2931600960022 ], [ 78.548319020809473, 17.302191058977193 ] ] ] } },
{ "type": "Feature", "properties": { "grid_id": "HYD_1103" }, "geometry": { "type": "Polygon", "coordinates": [ [ [ 78.548438700941745, 17.2931600960022 ], [ 78.557839506954977, 17.293274813646946 ], [ 78.557958657306756, 17.284243778183033 ], [ 78.548558308830735, 17.284129124105739 ], [ 78.548438700941745, 17.2931600960022 ] ] ] } },
{ "type": "Feature", "properties": { "grid_id": "HYD_1104" }, "geometry": { "type": "Polygon", "coordinates": [ [ [ 78.548558308830735, 17.284129124105739 ], [ 78.557958657306756, 17.284243778183033 ], [ 78.558077735707784, 17.275212733807866 ], [ 78.548677844492843, 17.275098143292059 ], [ 78.548558308830735, 17.284129124105739 ] ] ] } },
{ "type": "Feature", "properties": { "grid_id": "HYD_1105" }, "geometry": { "type": "Polygon", "coordinates": [ [ [ 78.548677844492843, 17.275098143292059 ], [ 78.558077735707784, 17.275212733807866 ], [ 78.558196742174374, 17.266181680525658 ], [ 78.548797307944469, 17.266067153565366 ], [ 78.548677844492843, 17.275098143292059 ] ] ] } },
{ "type": "Feature", "properties": { "grid_id": "HYD_1106" }, "geometry": { "type": "Polygon", "coordinates": [ [ [ 78.548797307944469, 17.266067153565366 ], [ 78.558196742174374, 17.266181680525658 ], [ 78.558315676722842, 17.257150618340624 ], [ 78.548916699201953, 17.257036154929896 ], [ 78.548797307944469, 17.266067153565366 ] ] ] } },
{ "type": "Feature", "properties": { "grid_id": "HYD_1107" }, "geometry": { "type": "Polygon", "coordinates": [ [ [ 78.548916699201953, 17.257036154929896 ], [ 78.558315676722842, 17.257150618340624 ], [ 78.558434539369486, 17.248119547257009 ], [ 78.549036018281669, 17.248005147389875 ], [ 78.548916699201953, 17.257036154929896 ] ] ] } },
{ "type": "Feature", "properties": { "grid_id": "HYD_1108" }, "geometry": { "type": "Polygon", "coordinates": [ [ [ 78.549036018281669, 17.248005147389875 ], [ 78.558434539369486, 17.248119547257009 ], [ 78.558553330130593, 17.239088467279014 ], [ 78.549155265199971, 17.238974130949529 ], [ 78.549036018281669, 17.248005147389875 ] ] ] } },
{ "type": "Feature", "properties": { "grid_id": "HYD_1109" }, "geometry": { "type": "Polygon", "coordinates": [ [ [ 78.549155265199971, 17.238974130949529 ], [ 78.558553330130593, 17.239088467279014 ], [ 78.55867204902242, 17.230057378410883 ], [ 78.549274439973175, 17.229943105613092 ], [ 78.549155265199971, 17.238974130949529 ] ] ] } },
{ "type": "Feature", "properties": { "grid_id": "HYD_1110" }, "geometry": { "type": "Polygon", "coordinates": [ [ [ 78.549274439973175, 17.229943105613092 ], [ 78.55867204902242, 17.230057378410883 ], [ 78.558790696061223, 17.221026280656826 ], [ 78.549393542617622, 17.220912071384777 ], [ 78.549274439973175, 17.229943105613092 ] ] ] } },
{ "type": "Feature", "properties": { "grid_id": "HYD_1111" }, "geometry": { "type": "Polygon", "coordinates": [ [ [ 78.549393542617622, 17.220912071384777 ], [ 78.558790696061223, 17.221026280656826 ], [ 78.558909271263289, 17.21199517402108 ], [ 78.549512573149627, 17.211881028268838 ], [ 78.549393542617622, 17.220912071384777 ] ] ] } },
{ "type": "Feature", "properties": { "grid_id": "HYD_1112" }, "geometry": { "type": "Polygon", "coordinates": [ [ [ 78.553867073464886, 17.591293957145236 ], [ 78.563283206037113, 17.591410328088401 ], [ 78.563404273295006, 17.582379525537952 ], [ 78.553988607424202, 17.58226321811712 ], [ 78.553867073464886, 17.591293957145236 ] ] ] } },
{ "type": "Feature", "properties": { "grid_id": "HYD_1113" }, "geometry": { "type": "Polygon", "coordinates": [ [ [ 78.553988607424202, 17.58226321811712 ], [ 78.563404273295006, 17.582379525537952 ], [ 78.563525268335198, 17.573348713943361 ], [ 78.554110068887596, 17.573232470038786 ], [ 78.553988607424202, 17.58226321811712 ] ] ] } },
{ "type": "Feature", "properties": { "grid_id": "HYD_1114" }, "geometry": { "type": "Polygon", "coordinates": [ [ [ 78.554110068887596, 17.573232470038786 ], [ 78.563525268335198, 17.573348713943361 ], [ 78.563646191174328, 17.564317893308825 ], [ 78.554231457871765, 17.564201712914432 ], [ 78.554110068887596, 17.573232470038786 ] ] ] } },
{ "type": "Feature", "properties": { "grid_id": "HYD_1115" }, "geometry": { "type": "Polygon", "coordinates": [ [ [ 78.554231457871765, 17.564201712914432 ], [ 78.563646191174328, 17.564317893308825 ], [ 78.563767041829038, 17.555287063638545 ], [ 78.554352774393408, 17.555170946748277 ], [ 78.554231457871765, 17.564201712914432 ] ] ] } },
{ "type": "Feature", "properties": { "grid_id": "HYD_1116" }, "geometry": { "type": "Polygon", "coordinates": [ [ [ 78.554352774393408, 17.555170946748277 ], [ 78.563767041829038, 17.555287063638545 ], [ 78.563887820315912, 17.546256224936727 ], [ 78.554474018469207, 17.54614017154449 ], [ 78.554352774393408, 17.555170946748277 ] ] ] } },
{ "type": "Feature", "properties": { "grid_id": "HYD_1117" }, "geometry": { "type": "Polygon", "coordinates": [ [ [ 78.554474018469207, 17.54614017154449 ], [ 78.563887820315912, 17.546256224936727 ], [ 78.564008526651619, 17.537225377207548 ], [ 78.554595190115847, 17.5371093873073 ], [ 78.554474018469207, 17.54614017154449 ] ] ] } },
{ "type": "Feature", "properties": { "grid_id": "HYD_1118" }, "geometry": { "type": "Polygon", "coordinates": [ [ [ 78.554595190115847, 17.5371093873073 ], [ 78.564008526651619, 17.537225377207548 ], [ 78.564129160852715, 17.528194520455223 ], [ 78.554716289349997, 17.528078594040906 ], [ 78.554595190115847, 17.5371093873073 ] ] ] } },
{ "type": "Feature", "properties": { "grid_id": "HYD_1119" }, "geometry": { "type": "Polygon", "coordinates": [ [ [ 78.554716289349997, 17.528078594040906 ], [ 78.564129160852715, 17.528194520455223 ], [ 78.564249722935799, 17.519163654683947 ], [ 78.554837316188284, 17.5190477917495 ], [ 78.554716289349997, 17.528078594040906 ] ] ] } },
{ "type": "Feature", "properties": { "grid_id": "HYD_1120" }, "geometry": { "type": "Polygon", "coordinates": [ [ [ 78.554837316188284, 17.5190477917495 ], [ 78.564249722935799, 17.519163654683947 ], [ 78.564370212917467, 17.510132779897919 ], [ 78.554958270647361, 17.510016980437296 ], [ 78.554837316188284, 17.5190477917495 ] ] ] } },
{ "type": "Feature", "properties": { "grid_id": "HYD_1121" }, "geometry": { "type": "Polygon", "coordinates": [ [ [ 78.554958270647361, 17.510016980437296 ], [ 78.564370212917467, 17.510132779897919 ], [ 78.564490630814234, 17.501101896101343 ], [ 78.555079152743858, 17.500986160108496 ], [ 78.554958270647361, 17.510016980437296 ] ] ] } },
{ "type": "Feature", "properties": { "grid_id": "HYD_1122" }, "geometry": { "type": "Polygon", "coordinates": [ [ [ 78.555079152743858, 17.500986160108496 ], [ 78.564490630814234, 17.501101896101343 ], [ 78.564610976642712, 17.49207100329842 ], [ 78.555199962494385, 17.491955330767315 ], [ 78.555079152743858, 17.500986160108496 ] ] ] } },
{ "type": "Feature", "properties": { "grid_id": "HYD_1123" }, "geometry": { "type": "Polygon", "coordinates": [ [ [ 78.555199962494385, 17.491955330767315 ], [ 78.564610976642712, 17.49207100329842 ], [ 78.564731250419385, 17.483040101493351 ], [ 78.555320699915541, 17.482924492417943 ], [ 78.555199962494385, 17.491955330767315 ] ] ] } },
{ "type": "Feature", "properties": { "grid_id": "HYD_1124" }, "geometry": { "type": "Polygon", "coordinates": [ [ [ 78.555320699915541, 17.482924492417943 ], [ 78.564731250419385, 17.483040101493351 ], [ 78.564851452160809, 17.474009190690339 ], [ 78.555441365023924, 17.473893645064589 ], [ 78.555320699915541, 17.482924492417943 ] ] ] } },
{ "type": "Feature", "properties": { "grid_id": "HYD_1125" }, "geometry": { "type": "Polygon", "coordinates": [ [ [ 78.555441365023924, 17.473893645064589 ], [ 78.564851452160809, 17.474009190690339 ], [ 78.564971581883526, 17.464978270893589 ], [ 78.555561957836119, 17.464862788711471 ], [ 78.555441365023924, 17.473893645064589 ] ] ] } },
{ "type": "Feature", "properties": { "grid_id": "HYD_1126" }, "geometry": { "type": "Polygon", "coordinates": [ [ [ 78.555561957836119, 17.464862788711471 ], [ 78.564971581883526, 17.464978270893589 ], [ 78.565091639603992, 17.455947342107304 ], [ 78.555682478368695, 17.455831923362801 ], [ 78.555561957836119, 17.464862788711471 ] ] ] } },
{ "type": "Feature", "properties": { "grid_id": "HYD_1127" }, "geometry": { "type": "Polygon", "coordinates": [ [ [ 78.555682478368695, 17.455831923362801 ], [ 78.565091639603992, 17.455947342107304 ], [ 78.565211625338705, 17.446916404335688 ], [ 78.555802926638179, 17.446801049022771 ], [ 78.555682478368695, 17.455831923362801 ] ] ] } },
{ "type": "Feature", "properties": { "grid_id": "HYD_1128" }, "geometry": { "type": "Polygon", "coordinates": [ [ [ 78.555802926638179, 17.446801049022771 ], [ 78.565211625338705, 17.446916404335688 ], [ 78.565331539104179, 17.437885457582954 ], [ 78.555923302661142, 17.437770165695596 ], [ 78.555802926638179, 17.446801049022771 ] ] ] } },
{ "type": "Feature", "properties": { "grid_id": "HYD_1129" }, "geometry": { "type": "Polygon", "coordinates": [ [ [ 78.555923302661142, 17.437770165695596 ], [ 78.565331539104179, 17.437885457582954 ], [ 78.565451380916855, 17.428854501853291 ], [ 78.556043606454125, 17.428739273385492 ], [ 78.555923302661142, 17.437770165695596 ] ] ] } },
{ "type": "Feature", "properties": { "grid_id": "HYD_1130" }, "geometry": { "type": "Polygon", "coordinates": [ [ [ 78.556043606454125, 17.428739273385492 ], [ 78.565451380916855, 17.428854501853291 ], [ 78.565571150793204, 17.419823537150922 ], [ 78.556163838033626, 17.419708372096672 ], [ 78.556043606454125, 17.428739273385492 ] ] ] } },
{ "type": "Feature", "properties": { "grid_id": "HYD_1131" }, "geometry": { "type": "Polygon", "coordinates": [ [ [ 78.556163838033626, 17.419708372096672 ], [ 78.565571150793204, 17.419823537150922 ], [ 78.565690848749668, 17.410792563480054 ], [ 78.556283997416145, 17.410677461833334 ], [ 78.556163838033626, 17.419708372096672 ] ] ] } },
{ "type": "Feature", "properties": { "grid_id": "HYD_1132" }, "geometry": { "type": "Polygon", "coordinates": [ [ [ 78.556283997416145, 17.410677461833334 ], [ 78.565690848749668, 17.410792563480054 ], [ 78.565810474802674, 17.401761580844891 ], [ 78.556404084618208, 17.4016465425997 ], [ 78.556283997416145, 17.410677461833334 ] ] ] } },
{ "type": "Feature", "properties": { "grid_id": "HYD_1133" }, "geometry": { "type": "Polygon", "coordinates": [ [ [ 78.556404084618208, 17.4016465425997 ], [ 78.565810474802674, 17.401761580844891 ], [ 78.565930028968651, 17.392730589249631 ], [ 78.556524099656272, 17.392615614399975 ], [ 78.556404084618208, 17.4016465425997 ] ] ] } },
{ "type": "Feature", "properties": { "grid_id": "HYD_1134" }, "geometry": { "type": "Polygon", "coordinates": [ [ [ 78.556524099656272, 17.392615614399975 ], [ 78.565930028968651, 17.392730589249631 ], [ 78.566049511264026, 17.383699588698502 ], [ 78.55664404254685, 17.383584677238396 ], [ 78.556524099656272, 17.392615614399975 ] ] ] } },
{ "type": "Feature", "properties": { "grid_id": "HYD_1135" }, "geometry": { "type": "Polygon", "coordinates": [ [ [ 78.55664404254685, 17.383584677238396 ], [ 78.566049511264026, 17.383699588698502 ], [ 78.566168921705156, 17.374668579195699 ], [ 78.556763913306369, 17.374553731119143 ], [ 78.55664404254685, 17.383584677238396 ] ] ] } },
{ "type": "Feature", "properties": { "grid_id": "HYD_1136" }, "geometry": { "type": "Polygon", "coordinates": [ [ [ 78.556763913306369, 17.374553731119143 ], [ 78.566168921705156, 17.374668579195699 ], [ 78.566288260308454, 17.365637560745448 ], [ 78.556883711951258, 17.365522776046447 ], [ 78.556763913306369, 17.374553731119143 ] ] ] } },
{ "type": "Feature", "properties": { "grid_id": "HYD_1137" }, "geometry": { "type": "Polygon", "coordinates": [ [ [ 78.556883711951258, 17.365522776046447 ], [ 78.566288260308454, 17.365637560745448 ], [ 78.566407527090291, 17.35660653335195 ], [ 78.557003438498015, 17.356491812024533 ], [ 78.556883711951258, 17.365522776046447 ] ] ] } },
{ "type": "Feature", "properties": { "grid_id": "HYD_1138" }, "geometry": { "type": "Polygon", "coordinates": [ [ [ 78.557003438498015, 17.356491812024533 ], [ 78.566407527090291, 17.35660653335195 ], [ 78.566526722067024, 17.34757549701942 ], [ 78.557123092963025, 17.3474608390576 ], [ 78.557003438498015, 17.356491812024533 ] ] ] } },
{ "type": "Feature", "properties": { "grid_id": "HYD_1139" }, "geometry": { "type": "Polygon", "coordinates": [ [ [ 78.557123092963025, 17.3474608390576 ], [ 78.566526722067024, 17.34757549701942 ], [ 78.566645845255024, 17.33854445175206 ], [ 78.557242675362716, 17.338429857149876 ], [ 78.557123092963025, 17.3474608390576 ] ] ] } },
{ "type": "Feature", "properties": { "grid_id": "HYD_1140" }, "geometry": { "type": "Polygon", "coordinates": [ [ [ 78.557242675362716, 17.338429857149876 ], [ 78.566645845255024, 17.33854445175206 ], [ 78.56676489667062, 17.329513397554113 ], [ 78.557362185713473, 17.329398866305571 ], [ 78.557242675362716, 17.338429857149876 ] ] ] } },
{ "type": "Feature", "properties": { "grid_id": "HYD_1141" }, "geometry": { "type": "Polygon", "coordinates": [ [ [ 78.557362185713473, 17.329398866305571 ], [ 78.56676489667062, 17.329513397554113 ], [ 78.566883876330124, 17.320482334429762 ], [ 78.557481624031709, 17.320367866528908 ], [ 78.557362185713473, 17.329398866305571 ] ] ] } },
{ "type": "Feature", "properties": { "grid_id": "HYD_1142" }, "geometry": { "type": "Polygon", "coordinates": [ [ [ 78.557481624031709, 17.320367866528908 ], [ 78.566883876330124, 17.320482334429762 ], [ 78.56700278424988, 17.31145126238323 ], [ 78.557600990333796, 17.311336857824095 ], [ 78.557481624031709, 17.320367866528908 ] ] ] } },
{ "type": "Feature", "properties": { "grid_id": "HYD_1143" }, "geometry": { "type": "Polygon", "coordinates": [ [ [ 78.557600990333796, 17.311336857824095 ], [ 78.56700278424988, 17.31145126238323 ], [ 78.567121620446159, 17.302420181418739 ], [ 78.557720284636105, 17.302305840195377 ], [ 78.557600990333796, 17.311336857824095 ] ] ] } },
{ "type": "Feature", "properties": { "grid_id": "HYD_1144" }, "geometry": { "type": "Polygon", "coordinates": [ [ [ 78.557720284636105, 17.302305840195377 ], [ 78.567121620446159, 17.302420181418739 ], [ 78.567240384935289, 17.293389091540504 ], [ 78.557839506954977, 17.293274813646946 ], [ 78.557720284636105, 17.302305840195377 ] ] ] } },
{ "type": "Feature", "properties": { "grid_id": "HYD_1145" }, "geometry": { "type": "Polygon", "coordinates": [ [ [ 78.557839506954977, 17.293274813646946 ], [ 78.567240384935289, 17.293389091540504 ], [ 78.567359077733514, 17.284357992752732 ], [ 78.557958657306756, 17.284243778183033 ], [ 78.557839506954977, 17.293274813646946 ] ] ] } },
{ "type": "Feature", "properties": { "grid_id": "HYD_1146" }, "geometry": { "type": "Polygon", "coordinates": [ [ [ 78.557958657306756, 17.284243778183033 ], [ 78.567359077733514, 17.284357992752732 ], [ 78.567477698857147, 17.275326885059656 ], [ 78.558077735707784, 17.275212733807866 ], [ 78.557958657306756, 17.284243778183033 ] ] ] } },
{ "type": "Feature", "properties": { "grid_id": "HYD_1147" }, "geometry": { "type": "Polygon", "coordinates": [ [ [ 78.558077735707784, 17.275212733807866 ], [ 78.567477698857147, 17.275326885059656 ], [ 78.567596248322417, 17.266295768465476 ], [ 78.558196742174374, 17.266181680525658 ], [ 78.558077735707784, 17.275212733807866 ] ] ] } },
{ "type": "Feature", "properties": { "grid_id": "HYD_1148" }, "geometry": { "type": "Polygon", "coordinates": [ [ [ 78.558196742174374, 17.266181680525658 ], [ 78.567596248322417, 17.266295768465476 ], [ 78.567714726145567, 17.257264642974423 ], [ 78.558315676722842, 17.257150618340624 ], [ 78.558196742174374, 17.266181680525658 ] ] ] } },
{ "type": "Feature", "properties": { "grid_id": "HYD_1149" }, "geometry": { "type": "Polygon", "coordinates": [ [ [ 78.558315676722842, 17.257150618340624 ], [ 78.567714726145567, 17.257264642974423 ], [ 78.567833132342841, 17.248233508590715 ], [ 78.558434539369486, 17.248119547257009 ], [ 78.558315676722842, 17.257150618340624 ] ] ] } },
{ "type": "Feature", "properties": { "grid_id": "HYD_1150" }, "geometry": { "type": "Polygon", "coordinates": [ [ [ 78.558434539369486, 17.248119547257009 ], [ 78.567833132342841, 17.248233508590715 ], [ 78.567951466930467, 17.239202365318565 ], [ 78.558553330130593, 17.239088467279014 ], [ 78.558434539369486, 17.248119547257009 ] ] ] } },
{ "type": "Feature", "properties": { "grid_id": "HYD_1151" }, "geometry": { "type": "Polygon", "coordinates": [ [ [ 78.558553330130593, 17.239088467279014 ], [ 78.567951466930467, 17.239202365318565 ], [ 78.568069729924645, 17.230171213162205 ], [ 78.55867204902242, 17.230057378410883 ], [ 78.558553330130593, 17.239088467279014 ] ] ] } },
{ "type": "Feature", "properties": { "grid_id": "HYD_1152" }, "geometry": { "type": "Polygon", "coordinates": [ [ [ 78.55867204902242, 17.230057378410883 ], [ 78.568069729924645, 17.230171213162205 ], [ 78.56818792134159, 17.221140052125843 ], [ 78.558790696061223, 17.221026280656826 ], [ 78.55867204902242, 17.230057378410883 ] ] ] } },
{ "type": "Feature", "properties": { "grid_id": "HYD_1153" }, "geometry": { "type": "Polygon", "coordinates": [ [ [ 78.563404273295006, 17.582379525537952 ], [ 78.572820011383527, 17.58249538538518 ], [ 78.572940539983875, 17.573464510518683 ], [ 78.563525268335198, 17.573348713943361 ], [ 78.563404273295006, 17.582379525537952 ] ] ] } },
{ "type": "Feature", "properties": { "grid_id": "HYD_1154" }, "geometry": { "type": "Polygon", "coordinates": [ [ [ 78.563525268335198, 17.573348713943361 ], [ 78.572940539983875, 17.573464510518683 ], [ 78.573060996661326, 17.564433626618285 ], [ 78.563646191174328, 17.564317893308825 ], [ 78.563525268335198, 17.573348713943361 ] ] ] } },
{ "type": "Feature", "properties": { "grid_id": "HYD_1155" }, "geometry": { "type": "Polygon", "coordinates": [ [ [ 78.563646191174328, 17.564317893308825 ], [ 78.573060996661326, 17.564433626618285 ], [ 78.573181381432448, 17.555402733688197 ], [ 78.563767041829038, 17.555287063638545 ], [ 78.563646191174328, 17.564317893308825 ] ] ] } },
{ "type": "Feature", "properties": { "grid_id": "HYD_1156" }, "geometry": { "type": "Polygon", "coordinates": [ [ [ 78.563767041829038, 17.555287063638545 ], [ 78.573181381432448, 17.555402733688197 ], [ 78.573301694313827, 17.546371831732593 ], [ 78.563887820315912, 17.546256224936727 ], [ 78.563767041829038, 17.555287063638545 ] ] ] } },
{ "type": "Feature", "properties": { "grid_id": "HYD_1157" }, "geometry": { "type": "Polygon", "coordinates": [ [ [ 78.563887820315912, 17.546256224936727 ], [ 78.573301694313827, 17.546371831732593 ], [ 78.573421935321974, 17.537340920755685 ], [ 78.564008526651619, 17.537225377207548 ], [ 78.563887820315912, 17.546256224936727 ] ] ] } },
{ "type": "Feature", "properties": { "grid_id": "HYD_1158" }, "geometry": { "type": "Polygon", "coordinates": [ [ [ 78.564008526651619, 17.537225377207548 ], [ 78.573421935321974, 17.537340920755685 ], [ 78.573542104473447, 17.528310000761664 ], [ 78.564129160852715, 17.528194520455223 ], [ 78.564008526651619, 17.537225377207548 ] ] ] } },
{ "type": "Feature", "properties": { "grid_id": "HYD_1159" }, "geometry": { "type": "Polygon", "coordinates": [ [ [ 78.564129160852715, 17.528194520455223 ], [ 78.573542104473447, 17.528310000761664 ], [ 78.573662201784757, 17.51927907175472 ], [ 78.564249722935799, 17.519163654683947 ], [ 78.564129160852715, 17.528194520455223 ] ] ] } },
{ "type": "Feature", "properties": { "grid_id": "HYD_1160" }, "geometry": { "type": "Polygon", "coordinates": [ [ [ 78.564249722935799, 17.519163654683947 ], [ 78.573662201784757, 17.51927907175472 ], [ 78.573782227272432, 17.510248133739054 ], [ 78.564370212917467, 17.510132779897919 ], [ 78.564249722935799, 17.519163654683947 ] ] ] } },
{ "type": "Feature", "properties": { "grid_id": "HYD_1161" }, "geometry": { "type": "Polygon", "coordinates": [ [ [ 78.564370212917467, 17.510132779897919 ], [ 78.573782227272432, 17.510248133739054 ], [ 78.573902180952942, 17.501217186718854 ], [ 78.564490630814234, 17.501101896101343 ], [ 78.564370212917467, 17.510132779897919 ] ] ] } },
{ "type": "Feature", "properties": { "grid_id": "HYD_1162" }, "geometry": { "type": "Polygon", "coordinates": [ [ [ 78.564490630814234, 17.501101896101343 ], [ 78.573902180952942, 17.501217186718854 ], [ 78.574022062842801, 17.49218623069833 ], [ 78.564610976642712, 17.49207100329842 ], [ 78.564490630814234, 17.501101896101343 ] ] ] } },
{ "type": "Feature", "properties": { "grid_id": "HYD_1163" }, "geometry": { "type": "Polygon", "coordinates": [ [ [ 78.564610976642712, 17.49207100329842 ], [ 78.574022062842801, 17.49218623069833 ], [ 78.574141872958478, 17.483155265681681 ], [ 78.564731250419385, 17.483040101493351 ], [ 78.564610976642712, 17.49207100329842 ] ] ] } },
{ "type": "Feature", "properties": { "grid_id": "HYD_1164" }, "geometry": { "type": "Polygon", "coordinates": [ [ [ 78.564731250419385, 17.483040101493351 ], [ 78.574141872958478, 17.483155265681681 ], [ 78.574261611316444, 17.474124291673089 ], [ 78.564851452160809, 17.474009190690339 ], [ 78.564731250419385, 17.483040101493351 ] ] ] } },
{ "type": "Feature", "properties": { "grid_id": "HYD_1165" }, "geometry": { "type": "Polygon", "coordinates": [ [ [ 78.564851452160809, 17.474009190690339 ], [ 78.574261611316444, 17.474124291673089 ], [ 78.574381277933142, 17.465093308676774 ], [ 78.564971581883526, 17.464978270893589 ], [ 78.564851452160809, 17.474009190690339 ] ] ] } },
{ "type": "Feature", "properties": { "grid_id": "HYD_1166" }, "geometry": { "type": "Polygon", "coordinates": [ [ [ 78.564971581883526, 17.464978270893589 ], [ 78.574381277933142, 17.465093308676774 ], [ 78.574500872825013, 17.456062316696922 ], [ 78.565091639603992, 17.455947342107304 ], [ 78.564971581883526, 17.464978270893589 ] ] ] } },
{ "type": "Feature", "properties": { "grid_id": "HYD_1167" }, "geometry": { "type": "Polygon", "coordinates": [ [ [ 78.565091639603992, 17.455947342107304 ], [ 78.574500872825013, 17.456062316696922 ], [ 78.574620396008498, 17.447031315737743 ], [ 78.565211625338705, 17.446916404335688 ], [ 78.565091639603992, 17.455947342107304 ] ] ] } },
{ "type": "Feature", "properties": { "grid_id": "HYD_1168" }, "geometry": { "type": "Polygon", "coordinates": [ [ [ 78.565211625338705, 17.446916404335688 ], [ 78.574620396008498, 17.447031315737743 ], [ 78.574739847499998, 17.438000305803435 ], [ 78.565331539104179, 17.437885457582954 ], [ 78.565211625338705, 17.446916404335688 ] ] ] } },
{ "type": "Feature", "properties": { "grid_id": "HYD_1169" }, "geometry": { "type": "Polygon", "coordinates": [ [ [ 78.565331539104179, 17.437885457582954 ], [ 78.574739847499998, 17.438000305803435 ], [ 78.57485922731594, 17.428969286898202 ], [ 78.565451380916855, 17.428854501853291 ], [ 78.565331539104179, 17.437885457582954 ] ] ] } },
{ "type": "Feature", "properties": { "grid_id": "HYD_1170" }, "geometry": { "type": "Polygon", "coordinates": [ [ [ 78.565451380916855, 17.428854501853291 ], [ 78.57485922731594, 17.428969286898202 ], [ 78.574978535472695, 17.419938259026239 ], [ 78.565571150793204, 17.419823537150922 ], [ 78.565451380916855, 17.428854501853291 ] ] ] } },
{ "type": "Feature", "properties": { "grid_id": "HYD_1171" }, "geometry": { "type": "Polygon", "coordinates": [ [ [ 78.565571150793204, 17.419823537150922 ], [ 78.574978535472695, 17.419938259026239 ], [ 78.575097771986648, 17.41090722219176 ], [ 78.565690848749668, 17.410792563480054 ], [ 78.565571150793204, 17.419823537150922 ] ] ] } },
{ "type": "Feature", "properties": { "grid_id": "HYD_1172" }, "geometry": { "type": "Polygon", "coordinates": [ [ [ 78.565690848749668, 17.410792563480054 ], [ 78.575097771986648, 17.41090722219176 ], [ 78.575216936874185, 17.401876176398964 ], [ 78.565810474802674, 17.401761580844891 ], [ 78.565690848749668, 17.410792563480054 ] ] ] } },
{ "type": "Feature", "properties": { "grid_id": "HYD_1173" }, "geometry": { "type": "Polygon", "coordinates": [ [ [ 78.565810474802674, 17.401761580844891 ], [ 78.575216936874185, 17.401876176398964 ], [ 78.575336030151661, 17.392845121652059 ], [ 78.565930028968651, 17.392730589249631 ], [ 78.565810474802674, 17.401761580844891 ] ] ] } },
{ "type": "Feature", "properties": { "grid_id": "HYD_1174" }, "geometry": { "type": "Polygon", "coordinates": [ [ [ 78.565930028968651, 17.392730589249631 ], [ 78.575336030151661, 17.392845121652059 ], [ 78.575455051835405, 17.383814057955249 ], [ 78.566049511264026, 17.383699588698502 ], [ 78.565930028968651, 17.392730589249631 ] ] ] } },
{ "type": "Feature", "properties": { "grid_id": "HYD_1175" }, "geometry": { "type": "Polygon", "coordinates": [ [ [ 78.566049511264026, 17.383699588698502 ], [ 78.575455051835405, 17.383814057955249 ], [ 78.575574001941789, 17.374782985312741 ], [ 78.566168921705156, 17.374668579195699 ], [ 78.566049511264026, 17.383699588698502 ] ] ] } },
{ "type": "Feature", "properties": { "grid_id": "HYD_1176" }, "geometry": { "type": "Polygon", "coordinates": [ [ [ 78.566168921705156, 17.374668579195699 ], [ 78.575574001941789, 17.374782985312741 ], [ 78.575692880487097, 17.365751903728736 ], [ 78.566288260308454, 17.365637560745448 ], [ 78.566168921705156, 17.374668579195699 ] ] ] } },
{ "type": "Feature", "properties": { "grid_id": "HYD_1177" }, "geometry": { "type": "Polygon", "coordinates": [ [ [ 78.566288260308454, 17.365637560745448 ], [ 78.575692880487097, 17.365751903728736 ], [ 78.575811687487672, 17.356720813207446 ], [ 78.566407527090291, 17.35660653335195 ], [ 78.566288260308454, 17.365637560745448 ] ] ] } },
{ "type": "Feature", "properties": { "grid_id": "HYD_1178" }, "geometry": { "type": "Polygon", "coordinates": [ [ [ 78.566407527090291, 17.35660653335195 ], [ 78.575811687487672, 17.356720813207446 ], [ 78.575930422959786, 17.347689713753088 ], [ 78.566526722067024, 17.34757549701942 ], [ 78.566407527090291, 17.35660653335195 ] ] ] } },
{ "type": "Feature", "properties": { "grid_id": "HYD_1179" }, "geometry": { "type": "Polygon", "coordinates": [ [ [ 78.566526722067024, 17.34757549701942 ], [ 78.575930422959786, 17.347689713753088 ], [ 78.576049086919753, 17.338658605369851 ], [ 78.566645845255024, 17.33854445175206 ], [ 78.566526722067024, 17.34757549701942 ] ] ] } },
{ "type": "Feature", "properties": { "grid_id": "HYD_1180" }, "geometry": { "type": "Polygon", "coordinates": [ [ [ 78.566645845255024, 17.33854445175206 ], [ 78.576049086919753, 17.338658605369851 ], [ 78.576167679383829, 17.329627488061959 ], [ 78.56676489667062, 17.329513397554113 ], [ 78.566645845255024, 17.33854445175206 ] ] ] } },
{ "type": "Feature", "properties": { "grid_id": "HYD_1181" }, "geometry": { "type": "Polygon", "coordinates": [ [ [ 78.56676489667062, 17.329513397554113 ], [ 78.576167679383829, 17.329627488061959 ], [ 78.576286200368301, 17.320596361833626 ], [ 78.566883876330124, 17.320482334429762 ], [ 78.56676489667062, 17.329513397554113 ] ] ] } },
{ "type": "Feature", "properties": { "grid_id": "HYD_1182" }, "geometry": { "type": "Polygon", "coordinates": [ [ [ 78.566883876330124, 17.320482334429762 ], [ 78.576286200368301, 17.320596361833626 ], [ 78.576404649889412, 17.311565226689044 ], [ 78.56700278424988, 17.31145126238323 ], [ 78.566883876330124, 17.320482334429762 ] ] ] } },
{ "type": "Feature", "properties": { "grid_id": "HYD_1183" }, "geometry": { "type": "Polygon", "coordinates": [ [ [ 78.56700278424988, 17.31145126238323 ], [ 78.576404649889412, 17.311565226689044 ], [ 78.57652302796339, 17.302534082632448 ], [ 78.567121620446159, 17.302420181418739 ], [ 78.56700278424988, 17.31145126238323 ] ] ] } },
{ "type": "Feature", "properties": { "grid_id": "HYD_1184" }, "geometry": { "type": "Polygon", "coordinates": [ [ [ 78.567121620446159, 17.302420181418739 ], [ 78.57652302796339, 17.302534082632448 ], [ 78.576641334606478, 17.293502929668026 ], [ 78.567240384935289, 17.293389091540504 ], [ 78.567121620446159, 17.302420181418739 ] ] ] } },
{ "type": "Feature", "properties": { "grid_id": "HYD_1185" }, "geometry": { "type": "Polygon", "coordinates": [ [ [ 78.567240384935289, 17.293389091540504 ], [ 78.576641334606478, 17.293502929668026 ], [ 78.576759569834906, 17.28447176780001 ], [ 78.567359077733514, 17.284357992752732 ], [ 78.567240384935289, 17.293389091540504 ] ] ] } },
{ "type": "Feature", "properties": { "grid_id": "HYD_1186" }, "geometry": { "type": "Polygon", "coordinates": [ [ [ 78.567359077733514, 17.284357992752732 ], [ 78.576759569834906, 17.28447176780001 ], [ 78.576877733664858, 17.275440597032613 ], [ 78.567477698857147, 17.275326885059656 ], [ 78.567359077733514, 17.284357992752732 ] ] ] } },
{ "type": "Feature", "properties": { "grid_id": "HYD_1187" }, "geometry": { "type": "Polygon", "coordinates": [ [ [ 78.567477698857147, 17.275326885059656 ], [ 78.576877733664858, 17.275440597032613 ], [ 78.576995826112551, 17.266409417370028 ], [ 78.567596248322417, 17.266295768465476 ], [ 78.567477698857147, 17.275326885059656 ] ] ] } },
{ "type": "Feature", "properties": { "grid_id": "HYD_1188" }, "geometry": { "type": "Polygon", "coordinates": [ [ [ 78.567596248322417, 17.266295768465476 ], [ 78.576995826112551, 17.266409417370028 ], [ 78.577113847194155, 17.257378228816485 ], [ 78.567714726145567, 17.257264642974423 ], [ 78.567596248322417, 17.266295768465476 ] ] ] } },
{ "type": "Feature", "properties": { "grid_id": "HYD_1189" }, "geometry": { "type": "Polygon", "coordinates": [ [ [ 78.567714726145567, 17.257264642974423 ], [ 78.577113847194155, 17.257378228816485 ], [ 78.577231796925858, 17.248347031376206 ], [ 78.567833132342841, 17.248233508590715 ], [ 78.567714726145567, 17.257264642974423 ] ] ] } },
{ "type": "Feature", "properties": { "grid_id": "HYD_1190" }, "geometry": { "type": "Polygon", "coordinates": [ [ [ 78.567833132342841, 17.248233508590715 ], [ 78.577231796925858, 17.248347031376206 ], [ 78.577349675323788, 17.239315825053399 ], [ 78.567951466930467, 17.239202365318565 ], [ 78.567833132342841, 17.248233508590715 ] ] ] } },
{ "type": "Feature", "properties": { "grid_id": "HYD_1191" }, "geometry": { "type": "Polygon", "coordinates": [ [ [ 78.567951466930467, 17.239202365318565 ], [ 78.577349675323788, 17.239315825053399 ], [ 78.577467482404131, 17.230284609852276 ], [ 78.568069729924645, 17.230171213162205 ], [ 78.567951466930467, 17.239202365318565 ] ] ] } },
{ "type": "Feature", "properties": { "grid_id": "HYD_1192" }, "geometry": { "type": "Polygon", "coordinates": [ [ [ 78.568069729924645, 17.230171213162205 ], [ 78.577467482404131, 17.230284609852276 ], [ 78.577585218182989, 17.221253385777061 ], [ 78.56818792134159, 17.221140052125843 ], [ 78.568069729924645, 17.230171213162205 ] ] ] } },
{ "type": "Feature", "properties": { "grid_id": "HYD_1193" }, "geometry": { "type": "Polygon", "coordinates": [ [ [ 78.572820011383527, 17.58249538538518 ], [ 78.582235821411516, 17.582610797643746 ], [ 78.582355883555437, 17.573579859749689 ], [ 78.572940539983875, 17.573464510518683 ], [ 78.572820011383527, 17.58249538538518 ] ] ] } },
{ "type": "Feature", "properties": { "grid_id": "HYD_1194" }, "geometry": { "type": "Polygon", "coordinates": [ [ [ 78.572940539983875, 17.573464510518683 ], [ 78.582355883555437, 17.573579859749689 ], [ 78.582475874054651, 17.564548912827764 ], [ 78.573060996661326, 17.564433626618285 ], [ 78.572940539983875, 17.573464510518683 ] ] ] } },
{ "type": "Feature", "properties": { "grid_id": "HYD_1195" }, "geometry": { "type": "Polygon", "coordinates": [ [ [ 78.573060996661326, 17.564433626618285 ], [ 78.582475874054651, 17.564548912827764 ], [ 78.582595792925659, 17.555517956882163 ], [ 78.573181381432448, 17.555402733688197 ], [ 78.573060996661326, 17.564433626618285 ] ] ] } },
{ "type": "Feature", "properties": { "grid_id": "HYD_1196" }, "geometry": { "type": "Polygon", "coordinates": [ [ [ 78.573181381432448, 17.555402733688197 ], [ 78.582595792925659, 17.555517956882163 ], [ 78.582715640184944, 17.546486991917078 ], [ 78.573301694313827, 17.546371831732593 ], [ 78.573181381432448, 17.555402733688197 ] ] ] } },
{ "type": "Feature", "properties": { "grid_id": "HYD_1197" }, "geometry": { "type": "Polygon", "coordinates": [ [ [ 78.573301694313827, 17.546371831732593 ], [ 78.582715640184944, 17.546486991917078 ], [ 78.582835415849019, 17.537456017936695 ], [ 78.573421935321974, 17.537340920755685 ], [ 78.573301694313827, 17.546371831732593 ] ] ] } },
{ "type": "Feature", "properties": { "grid_id": "HYD_1198" }, "geometry": { "type": "Polygon", "coordinates": [ [ [ 78.573421935321974, 17.537340920755685 ], [ 78.582835415849019, 17.537456017936695 ], [ 78.582955119934326, 17.528425034945208 ], [ 78.573542104473447, 17.528310000761664 ], [ 78.573421935321974, 17.537340920755685 ] ] ] } },
{ "type": "Feature", "properties": { "grid_id": "HYD_1199" }, "geometry": { "type": "Polygon", "coordinates": [ [ [ 78.573542104473447, 17.528310000761664 ], [ 78.582955119934326, 17.528425034945208 ], [ 78.583074752457364, 17.519394042946811 ], [ 78.573662201784757, 17.51927907175472 ], [ 78.573542104473447, 17.528310000761664 ] ] ] } },
{ "type": "Feature", "properties": { "grid_id": "HYD_1200" }, "geometry": { "type": "Polygon", "coordinates": [ [ [ 78.573662201784757, 17.51927907175472 ], [ 78.583074752457364, 17.519394042946811 ], [ 78.583194313434532, 17.510363041945695 ], [ 78.573782227272432, 17.510248133739054 ], [ 78.573662201784757, 17.51927907175472 ] ] ] } },
{ "type": "Feature", "properties": { "grid_id": "HYD_1201" }, "geometry": { "type": "Polygon", "coordinates": [ [ [ 78.573782227272432, 17.510248133739054 ], [ 78.583194313434532, 17.510363041945695 ], [ 78.583313802882302, 17.501332031946042 ], [ 78.573902180952942, 17.501217186718854 ], [ 78.573782227272432, 17.510248133739054 ] ] ] } },
{ "type": "Feature", "properties": { "grid_id": "HYD_1202" }, "geometry": { "type": "Polygon", "coordinates": [ [ [ 78.573902180952942, 17.501217186718854 ], [ 78.583313802882302, 17.501332031946042 ], [ 78.583433220817085, 17.492301012952066 ], [ 78.574022062842801, 17.49218623069833 ], [ 78.573902180952942, 17.501217186718854 ] ] ] } },
{ "type": "Feature", "properties": { "grid_id": "HYD_1203" }, "geometry": { "type": "Polygon", "coordinates": [ [ [ 78.574022062842801, 17.49218623069833 ], [ 78.583433220817085, 17.492301012952066 ], [ 78.583552567255296, 17.483269984967951 ], [ 78.574141872958478, 17.483155265681681 ], [ 78.574022062842801, 17.49218623069833 ] ] ] } },
{ "type": "Feature", "properties": { "grid_id": "HYD_1204" }, "geometry": { "type": "Polygon", "coordinates": [ [ [ 78.574141872958478, 17.483155265681681 ], [ 78.583552567255296, 17.483269984967951 ], [ 78.583671842213334, 17.474238947997886 ], [ 78.574261611316444, 17.474124291673089 ], [ 78.574141872958478, 17.483155265681681 ] ] ] } },
{ "type": "Feature", "properties": { "grid_id": "HYD_1205" }, "geometry": { "type": "Polygon", "coordinates": [ [ [ 78.574261611316444, 17.474124291673089 ], [ 78.583671842213334, 17.474238947997886 ], [ 78.583791045707585, 17.465207902046075 ], [ 78.574381277933142, 17.465093308676774 ], [ 78.574261611316444, 17.474124291673089 ] ] ] } },
{ "type": "Feature", "properties": { "grid_id": "HYD_1206" }, "geometry": { "type": "Polygon", "coordinates": [ [ [ 78.574381277933142, 17.465093308676774 ], [ 78.583791045707585, 17.465207902046075 ], [ 78.583910177754433, 17.456176847116712 ], [ 78.574500872825013, 17.456062316696922 ], [ 78.574381277933142, 17.465093308676774 ] ] ] } },
{ "type": "Feature", "properties": { "grid_id": "HYD_1207" }, "geometry": { "type": "Polygon", "coordinates": [ [ [ 78.574500872825013, 17.456062316696922 ], [ 78.583910177754433, 17.456176847116712 ], [ 78.584029238370263, 17.447145783214001 ], [ 78.574620396008498, 17.447031315737743 ], [ 78.574500872825013, 17.456062316696922 ] ] ] } },
{ "type": "Feature", "properties": { "grid_id": "HYD_1208" }, "geometry": { "type": "Polygon", "coordinates": [ [ [ 78.574620396008498, 17.447031315737743 ], [ 78.584029238370263, 17.447145783214001 ], [ 78.58414822757139, 17.438114710342127 ], [ 78.574739847499998, 17.438000305803435 ], [ 78.574620396008498, 17.447031315737743 ] ] ] } },
{ "type": "Feature", "properties": { "grid_id": "HYD_1209" }, "geometry": { "type": "Polygon", "coordinates": [ [ [ 78.574739847499998, 17.438000305803435 ], [ 78.58414822757139, 17.438114710342127 ], [ 78.58426714537417, 17.4290836285053 ], [ 78.57485922731594, 17.428969286898202 ], [ 78.574739847499998, 17.438000305803435 ] ] ] } },
{ "type": "Feature", "properties": { "grid_id": "HYD_1210" }, "geometry": { "type": "Polygon", "coordinates": [ [ [ 78.57485922731594, 17.428969286898202 ], [ 78.58426714537417, 17.4290836285053 ], [ 78.58438599179496, 17.420052537707704 ], [ 78.574978535472695, 17.419938259026239 ], [ 78.57485922731594, 17.428969286898202 ] ] ] } },
{ "type": "Feature", "properties": { "grid_id": "HYD_1211" }, "geometry": { "type": "Polygon", "coordinates": [ [ [ 78.574978535472695, 17.419938259026239 ], [ 78.58438599179496, 17.420052537707704 ], [ 78.584504766850046, 17.411021437953551 ], [ 78.575097771986648, 17.41090722219176 ], [ 78.574978535472695, 17.419938259026239 ] ] ] } },
{ "type": "Feature", "properties": { "grid_id": "HYD_1212" }, "geometry": { "type": "Polygon", "coordinates": [ [ [ 78.575097771986648, 17.41090722219176 ], [ 78.584504766850046, 17.411021437953551 ], [ 78.584623470555755, 17.401990329247045 ], [ 78.575216936874185, 17.401876176398964 ], [ 78.575097771986648, 17.41090722219176 ] ] ] } },
{ "type": "Feature", "properties": { "grid_id": "HYD_1213" }, "geometry": { "type": "Polygon", "coordinates": [ [ [ 78.575216936874185, 17.401876176398964 ], [ 78.584623470555755, 17.401990329247045 ], [ 78.584742102928374, 17.392959211592384 ], [ 78.575336030151661, 17.392845121652059 ], [ 78.575216936874185, 17.401876176398964 ] ] ] } },
{ "type": "Feature", "properties": { "grid_id": "HYD_1214" }, "geometry": { "type": "Polygon", "coordinates": [ [ [ 78.575336030151661, 17.392845121652059 ], [ 78.584742102928374, 17.392959211592384 ], [ 78.584860663984188, 17.383928084993759 ], [ 78.575455051835405, 17.383814057955249 ], [ 78.575336030151661, 17.392845121652059 ] ] ] } },
{ "type": "Feature", "properties": { "grid_id": "HYD_1215" }, "geometry": { "type": "Polygon", "coordinates": [ [ [ 78.575455051835405, 17.383814057955249 ], [ 78.584860663984188, 17.383928084993759 ], [ 78.584979153739482, 17.374896949455383 ], [ 78.575574001941789, 17.374782985312741 ], [ 78.575455051835405, 17.383814057955249 ] ] ] } },
{ "type": "Feature", "properties": { "grid_id": "HYD_1216" }, "geometry": { "type": "Polygon", "coordinates": [ [ [ 78.575574001941789, 17.374782985312741 ], [ 78.584979153739482, 17.374896949455383 ], [ 78.585097572210486, 17.36586580498145 ], [ 78.575692880487097, 17.365751903728736 ], [ 78.575574001941789, 17.374782985312741 ] ] ] } },
{ "type": "Feature", "properties": { "grid_id": "HYD_1217" }, "geometry": { "type": "Polygon", "coordinates": [ [ [ 78.575692880487097, 17.365751903728736 ], [ 78.585097572210486, 17.36586580498145 ], [ 78.585215919413486, 17.356834651576175 ], [ 78.575811687487672, 17.356720813207446 ], [ 78.575692880487097, 17.365751903728736 ] ] ] } },
{ "type": "Feature", "properties": { "grid_id": "HYD_1218" }, "geometry": { "type": "Polygon", "coordinates": [ [ [ 78.575811687487672, 17.356720813207446 ], [ 78.585215919413486, 17.356834651576175 ], [ 78.585334195364695, 17.347803489243756 ], [ 78.575930422959786, 17.347689713753088 ], [ 78.575811687487672, 17.356720813207446 ] ] ] } },
{ "type": "Feature", "properties": { "grid_id": "HYD_1219" }, "geometry": { "type": "Polygon", "coordinates": [ [ [ 78.575930422959786, 17.347689713753088 ], [ 78.585334195364695, 17.347803489243756 ], [ 78.585452400080342, 17.338772317988393 ], [ 78.576049086919753, 17.338658605369851 ], [ 78.575930422959786, 17.347689713753088 ] ] ] } },
{ "type": "Feature", "properties": { "grid_id": "HYD_1220" }, "geometry": { "type": "Polygon", "coordinates": [ [ [ 78.576049086919753, 17.338658605369851 ], [ 78.585452400080342, 17.338772317988393 ], [ 78.585570533576657, 17.329741137814306 ], [ 78.576167679383829, 17.329627488061959 ], [ 78.576049086919753, 17.338658605369851 ] ] ] } },
{ "type": "Feature", "properties": { "grid_id": "HYD_1221" }, "geometry": { "type": "Polygon", "coordinates": [ [ [ 78.576167679383829, 17.329627488061959 ], [ 78.585570533576657, 17.329741137814306 ], [ 78.585688595869826, 17.320709948725689 ], [ 78.576286200368301, 17.320596361833626 ], [ 78.576167679383829, 17.329627488061959 ] ] ] } },
{ "type": "Feature", "properties": { "grid_id": "HYD_1222" }, "geometry": { "type": "Polygon", "coordinates": [ [ [ 78.576286200368301, 17.320596361833626 ], [ 78.585688595869826, 17.320709948725689 ], [ 78.585806586976048, 17.311678750726752 ], [ 78.576404649889412, 17.311565226689044 ], [ 78.576286200368301, 17.320596361833626 ] ] ] } },
{ "type": "Feature", "properties": { "grid_id": "HYD_1223" }, "geometry": { "type": "Polygon", "coordinates": [ [ [ 78.576404649889412, 17.311565226689044 ], [ 78.585806586976048, 17.311678750726752 ], [ 78.585924506911496, 17.302647543821703 ], [ 78.57652302796339, 17.302534082632448 ], [ 78.576404649889412, 17.311565226689044 ] ] ] } },
{ "type": "Feature", "properties": { "grid_id": "HYD_1224" }, "geometry": { "type": "Polygon", "coordinates": [ [ [ 78.57652302796339, 17.302534082632448 ], [ 78.585924506911496, 17.302647543821703 ], [ 78.586042355692342, 17.29361632801475 ], [ 78.576641334606478, 17.293502929668026 ], [ 78.57652302796339, 17.302534082632448 ] ] ] } },
{ "type": "Feature", "properties": { "grid_id": "HYD_1225" }, "geometry": { "type": "Polygon", "coordinates": [ [ [ 78.576641334606478, 17.293502929668026 ], [ 78.586042355692342, 17.29361632801475 ], [ 78.586160133334744, 17.2845851033101 ], [ 78.576759569834906, 17.28447176780001 ], [ 78.576641334606478, 17.293502929668026 ] ] ] } },
{ "type": "Feature", "properties": { "grid_id": "HYD_1226" }, "geometry": { "type": "Polygon", "coordinates": [ [ [ 78.576759569834906, 17.28447176780001 ], [ 78.586160133334744, 17.2845851033101 ], [ 78.586277839854844, 17.275553869711967 ], [ 78.576877733664858, 17.275440597032613 ], [ 78.576759569834906, 17.28447176780001 ] ] ] } },
{ "type": "Feature", "properties": { "grid_id": "HYD_1227" }, "geometry": { "type": "Polygon", "coordinates": [ [ [ 78.576877733664858, 17.275440597032613 ], [ 78.586277839854844, 17.275553869711967 ], [ 78.586395475268773, 17.266522627224557 ], [ 78.576995826112551, 17.266409417370028 ], [ 78.576877733664858, 17.275440597032613 ] ] ] } },
{ "type": "Feature", "properties": { "grid_id": "HYD_1228" }, "geometry": { "type": "Polygon", "coordinates": [ [ [ 78.576995826112551, 17.266409417370028 ], [ 78.586395475268773, 17.266522627224557 ], [ 78.58651303959266, 17.25749137585208 ], [ 78.577113847194155, 17.257378228816485 ], [ 78.576995826112551, 17.266409417370028 ] ] ] } },
{ "type": "Feature", "properties": { "grid_id": "HYD_1229" }, "geometry": { "type": "Polygon", "coordinates": [ [ [ 78.577113847194155, 17.257378228816485 ], [ 78.58651303959266, 17.25749137585208 ], [ 78.586630532842605, 17.24846011559875 ], [ 78.577231796925858, 17.248347031376206 ], [ 78.577113847194155, 17.257378228816485 ] ] ] } },
{ "type": "Feature", "properties": { "grid_id": "HYD_1230" }, "geometry": { "type": "Polygon", "coordinates": [ [ [ 78.577231796925858, 17.248347031376206 ], [ 78.586630532842605, 17.24846011559875 ], [ 78.586747955034724, 17.239428846468787 ], [ 78.577349675323788, 17.239315825053399 ], [ 78.577231796925858, 17.248347031376206 ] ] ] } },
{ "type": "Feature", "properties": { "grid_id": "HYD_1231" }, "geometry": { "type": "Polygon", "coordinates": [ [ [ 78.577349675323788, 17.239315825053399 ], [ 78.586747955034724, 17.239428846468787 ], [ 78.586865306185075, 17.230397568466387 ], [ 78.577467482404131, 17.230284609852276 ], [ 78.577349675323788, 17.239315825053399 ] ] ] } },
{ "type": "Feature", "properties": { "grid_id": "HYD_1232" }, "geometry": { "type": "Polygon", "coordinates": [ [ [ 78.582235821411516, 17.582610797643746 ], [ 78.591651703100737, 17.582725762298629 ], [ 78.591771298771718, 17.573694761621372 ], [ 78.582355883555437, 17.573579859749689 ], [ 78.582235821411516, 17.582610797643746 ] ] ] } },
{ "type": "Feature", "properties": { "grid_id": "HYD_1233" }, "geometry": { "type": "Polygon", "coordinates": [ [ [ 78.582355883555437, 17.573579859749689 ], [ 78.591771298771718, 17.573694761621372 ], [ 78.59189082307617, 17.564663751922257 ], [ 78.582475874054651, 17.564548912827764 ], [ 78.582355883555437, 17.573579859749689 ] ] ] } },
{ "type": "Feature", "properties": { "grid_id": "HYD_1234" }, "geometry": { "type": "Polygon", "coordinates": [ [ [ 78.582475874054651, 17.564548912827764 ], [ 78.59189082307617, 17.564663751922257 ], [ 78.59201027603055, 17.555632733205474 ], [ 78.582595792925659, 17.555517956882163 ], [ 78.582475874054651, 17.564548912827764 ] ] ] } },
{ "type": "Feature", "properties": { "grid_id": "HYD_1235" }, "geometry": { "type": "Polygon", "coordinates": [ [ [ 78.582595792925659, 17.555517956882163 ], [ 78.59201027603055, 17.555632733205474 ], [ 78.592129657651299, 17.54660170547519 ], [ 78.582715640184944, 17.546486991917078 ], [ 78.582595792925659, 17.555517956882163 ] ] ] } },
{ "type": "Feature", "properties": { "grid_id": "HYD_1236" }, "geometry": { "type": "Polygon", "coordinates": [ [ [ 78.582715640184944, 17.546486991917078 ], [ 78.592129657651299, 17.54660170547519 ], [ 78.592248967954816, 17.537570668735604 ], [ 78.582835415849019, 17.537456017936695 ], [ 78.582715640184944, 17.546486991917078 ] ] ] } },
{ "type": "Feature", "properties": { "grid_id": "HYD_1237" }, "geometry": { "type": "Polygon", "coordinates": [ [ [ 78.582835415849019, 17.537456017936695 ], [ 78.592248967954816, 17.537570668735604 ], [ 78.592368206957516, 17.528539622990902 ], [ 78.582955119934326, 17.528425034945208 ], [ 78.582835415849019, 17.537456017936695 ] ] ] } },
{ "type": "Feature", "properties": { "grid_id": "HYD_1238" }, "geometry": { "type": "Polygon", "coordinates": [ [ [ 78.582955119934326, 17.528425034945208 ], [ 78.592368206957516, 17.528539622990902 ], [ 78.592487374675798, 17.519508568245271 ], [ 78.583074752457364, 17.519394042946811 ], [ 78.582955119934326, 17.528425034945208 ] ] ] } },
{ "type": "Feature", "properties": { "grid_id": "HYD_1239" }, "geometry": { "type": "Polygon", "coordinates": [ [ [ 78.583074752457364, 17.519394042946811 ], [ 78.592487374675798, 17.519508568245271 ], [ 78.592606471126047, 17.510477504502902 ], [ 78.583194313434532, 17.510363041945695 ], [ 78.583074752457364, 17.519394042946811 ] ] ] } },
{ "type": "Feature", "properties": { "grid_id": "HYD_1240" }, "geometry": { "type": "Polygon", "coordinates": [ [ [ 78.583194313434532, 17.510363041945695 ], [ 78.592606471126047, 17.510477504502902 ], [ 78.592725496324633, 17.501446431767981 ], [ 78.583313802882302, 17.501332031946042 ], [ 78.583194313434532, 17.510363041945695 ] ] ] } },
{ "type": "Feature", "properties": { "grid_id": "HYD_1241" }, "geometry": { "type": "Polygon", "coordinates": [ [ [ 78.583313802882302, 17.501332031946042 ], [ 78.592725496324633, 17.501446431767981 ], [ 78.592844450287927, 17.492415350044702 ], [ 78.583433220817085, 17.492301012952066 ], [ 78.583313802882302, 17.501332031946042 ] ] ] } },
{ "type": "Feature", "properties": { "grid_id": "HYD_1242" }, "geometry": { "type": "Polygon", "coordinates": [ [ [ 78.583433220817085, 17.492301012952066 ], [ 78.592844450287927, 17.492415350044702 ], [ 78.592963333032259, 17.483384259337253 ], [ 78.583552567255296, 17.483269984967951 ], [ 78.583433220817085, 17.492301012952066 ] ] ] } },
{ "type": "Feature", "properties": { "grid_id": "HYD_1243" }, "geometry": { "type": "Polygon", "coordinates": [ [ [ 78.583552567255296, 17.483269984967951 ], [ 78.592963333032259, 17.483384259337253 ], [ 78.593082144573998, 17.474353159649823 ], [ 78.583671842213334, 17.474238947997886 ], [ 78.583552567255296, 17.483269984967951 ] ] ] } },
{ "type": "Feature", "properties": { "grid_id": "HYD_1244" }, "geometry": { "type": "Polygon", "coordinates": [ [ [ 78.583671842213334, 17.474238947997886 ], [ 78.593082144573998, 17.474353159649823 ], [ 78.593200884929431, 17.4653220509866 ], [ 78.583791045707585, 17.465207902046075 ], [ 78.583671842213334, 17.474238947997886 ] ] ] } },
{ "type": "Feature", "properties": { "grid_id": "HYD_1245" }, "geometry": { "type": "Polygon", "coordinates": [ [ [ 78.583791045707585, 17.465207902046075 ], [ 78.593200884929431, 17.4653220509866 ], [ 78.593319554114885, 17.456290933351791 ], [ 78.583910177754433, 17.456176847116712 ], [ 78.583791045707585, 17.465207902046075 ] ] ] } },
{ "type": "Feature", "properties": { "grid_id": "HYD_1246" }, "geometry": { "type": "Polygon", "coordinates": [ [ [ 78.583910177754433, 17.456176847116712 ], [ 78.593319554114885, 17.456290933351791 ], [ 78.593438152146703, 17.447259806749582 ], [ 78.584029238370263, 17.447145783214001 ], [ 78.583910177754433, 17.456176847116712 ] ] ] } },
{ "type": "Feature", "properties": { "grid_id": "HYD_1247" }, "geometry": { "type": "Polygon", "coordinates": [ [ [ 78.584029238370263, 17.447145783214001 ], [ 78.593438152146703, 17.447259806749582 ], [ 78.593556679041114, 17.438228671184159 ], [ 78.58414822757139, 17.438114710342127 ], [ 78.584029238370263, 17.447145783214001 ] ] ] } },
{ "type": "Feature", "properties": { "grid_id": "HYD_1248" }, "geometry": { "type": "Polygon", "coordinates": [ [ [ 78.58414822757139, 17.438114710342127 ], [ 78.593556679041114, 17.438228671184159 ], [ 78.593675134814418, 17.429197526659724 ], [ 78.58426714537417, 17.4290836285053 ], [ 78.58414822757139, 17.438114710342127 ] ] ] } },
{ "type": "Feature", "properties": { "grid_id": "HYD_1249" }, "geometry": { "type": "Polygon", "coordinates": [ [ [ 78.58426714537417, 17.4290836285053 ], [ 78.593675134814418, 17.429197526659724 ], [ 78.593793519482915, 17.420166373180471 ], [ 78.58438599179496, 17.420052537707704 ], [ 78.58426714537417, 17.4290836285053 ] ] ] } },
{ "type": "Feature", "properties": { "grid_id": "HYD_1250" }, "geometry": { "type": "Polygon", "coordinates": [ [ [ 78.58438599179496, 17.420052537707704 ], [ 78.593793519482915, 17.420166373180471 ], [ 78.593911833062833, 17.411135210750601 ], [ 78.584504766850046, 17.411021437953551 ], [ 78.58438599179496, 17.420052537707704 ] ] ] } },
{ "type": "Feature", "properties": { "grid_id": "HYD_1251" }, "geometry": { "type": "Polygon", "coordinates": [ [ [ 78.584504766850046, 17.411021437953551 ], [ 78.593911833062833, 17.411135210750601 ], [ 78.594030075570402, 17.402104039374301 ], [ 78.584623470555755, 17.401990329247045 ], [ 78.584504766850046, 17.411021437953551 ] ] ] } },
{ "type": "Feature", "properties": { "grid_id": "HYD_1252" }, "geometry": { "type": "Polygon", "coordinates": [ [ [ 78.584623470555755, 17.401990329247045 ], [ 78.594030075570402, 17.402104039374301 ], [ 78.594148247021892, 17.393072859055774 ], [ 78.584742102928374, 17.392959211592384 ], [ 78.584623470555755, 17.401990329247045 ] ] ] } },
{ "type": "Feature", "properties": { "grid_id": "HYD_1253" }, "geometry": { "type": "Polygon", "coordinates": [ [ [ 78.584742102928374, 17.392959211592384 ], [ 78.594148247021892, 17.393072859055774 ], [ 78.594266347433489, 17.384041669799217 ], [ 78.584860663984188, 17.383928084993759 ], [ 78.584742102928374, 17.392959211592384 ] ] ] } },
{ "type": "Feature", "properties": { "grid_id": "HYD_1254" }, "geometry": { "type": "Polygon", "coordinates": [ [ [ 78.584860663984188, 17.383928084993759 ], [ 78.594266347433489, 17.384041669799217 ], [ 78.594384376821438, 17.375010471608835 ], [ 78.584979153739482, 17.374896949455383 ], [ 78.584860663984188, 17.383928084993759 ] ] ] } },
{ "type": "Feature", "properties": { "grid_id": "HYD_1255" }, "geometry": { "type": "Polygon", "coordinates": [ [ [ 78.584979153739482, 17.374896949455383 ], [ 78.594384376821438, 17.375010471608835 ], [ 78.594502335201895, 17.365979264488807 ], [ 78.585097572210486, 17.36586580498145 ], [ 78.584979153739482, 17.374896949455383 ] ] ] } },
{ "type": "Feature", "properties": { "grid_id": "HYD_1256" }, "geometry": { "type": "Polygon", "coordinates": [ [ [ 78.585097572210486, 17.36586580498145 ], [ 78.594502335201895, 17.365979264488807 ], [ 78.594620222591075, 17.356948048443353 ], [ 78.585215919413486, 17.356834651576175 ], [ 78.585097572210486, 17.36586580498145 ] ] ] } },
{ "type": "Feature", "properties": { "grid_id": "HYD_1257" }, "geometry": { "type": "Polygon", "coordinates": [ [ [ 78.585215919413486, 17.356834651576175 ], [ 78.594620222591075, 17.356948048443353 ], [ 78.594738039005151, 17.347916823476663 ], [ 78.585334195364695, 17.347803489243756 ], [ 78.585215919413486, 17.356834651576175 ] ] ] } },
{ "type": "Feature", "properties": { "grid_id": "HYD_1258" }, "geometry": { "type": "Polygon", "coordinates": [ [ [ 78.585334195364695, 17.347803489243756 ], [ 78.594738039005151, 17.347916823476663 ], [ 78.594855784460279, 17.338885589592937 ], [ 78.585452400080342, 17.338772317988393 ], [ 78.585334195364695, 17.347803489243756 ] ] ] } },
{ "type": "Feature", "properties": { "grid_id": "HYD_1259" }, "geometry": { "type": "Polygon", "coordinates": [ [ [ 78.585452400080342, 17.338772317988393 ], [ 78.594855784460279, 17.338885589592937 ], [ 78.594973458972618, 17.329854346796392 ], [ 78.585570533576657, 17.329741137814306 ], [ 78.585452400080342, 17.338772317988393 ] ] ] } },
{ "type": "Feature", "properties": { "grid_id": "HYD_1260" }, "geometry": { "type": "Polygon", "coordinates": [ [ [ 78.585570533576657, 17.329741137814306 ], [ 78.594973458972618, 17.329854346796392 ], [ 78.595091062558311, 17.320823095091214 ], [ 78.585688595869826, 17.320709948725689 ], [ 78.585570533576657, 17.329741137814306 ] ] ] } },
{ "type": "Feature", "properties": { "grid_id": "HYD_1261" }, "geometry": { "type": "Polygon", "coordinates": [ [ [ 78.585688595869826, 17.320709948725689 ], [ 78.595091062558311, 17.320823095091214 ], [ 78.595208595233458, 17.311791834481603 ], [ 78.585806586976048, 17.311678750726752 ], [ 78.585688595869826, 17.320709948725689 ] ] ] } },
{ "type": "Feature", "properties": { "grid_id": "HYD_1262" }, "geometry": { "type": "Polygon", "coordinates": [ [ [ 78.585806586976048, 17.311678750726752 ], [ 78.595208595233458, 17.311791834481603 ], [ 78.595326057014205, 17.302760564971784 ], [ 78.585924506911496, 17.302647543821703 ], [ 78.585806586976048, 17.311678750726752 ] ] ] } },
{ "type": "Feature", "properties": { "grid_id": "HYD_1263" }, "geometry": { "type": "Polygon", "coordinates": [ [ [ 78.585924506911496, 17.302647543821703 ], [ 78.595326057014205, 17.302760564971784 ], [ 78.595443447916651, 17.293729286565938 ], [ 78.586042355692342, 17.29361632801475 ], [ 78.585924506911496, 17.302647543821703 ] ] ] } },
{ "type": "Feature", "properties": { "grid_id": "HYD_1264" }, "geometry": { "type": "Polygon", "coordinates": [ [ [ 78.586042355692342, 17.29361632801475 ], [ 78.595443447916651, 17.293729286565938 ], [ 78.595560767956897, 17.284697999268278 ], [ 78.586160133334744, 17.2845851033101 ], [ 78.586042355692342, 17.29361632801475 ] ] ] } },
{ "type": "Feature", "properties": { "grid_id": "HYD_1265" }, "geometry": { "type": "Polygon", "coordinates": [ [ [ 78.586160133334744, 17.2845851033101 ], [ 78.595560767956897, 17.284697999268278 ], [ 78.595678017150988, 17.275666703083026 ], [ 78.586277839854844, 17.275553869711967 ], [ 78.586160133334744, 17.2845851033101 ] ] ] } },
{ "type": "Feature", "properties": { "grid_id": "HYD_1266" }, "geometry": { "type": "Polygon", "coordinates": [ [ [ 78.586277839854844, 17.275553869711967 ], [ 78.595678017150988, 17.275666703083026 ], [ 78.595795195515038, 17.266635398014373 ], [ 78.586395475268773, 17.266522627224557 ], [ 78.586277839854844, 17.275553869711967 ] ] ] } },
{ "type": "Feature", "properties": { "grid_id": "HYD_1267" }, "geometry": { "type": "Polygon", "coordinates": [ [ [ 78.586395475268773, 17.266522627224557 ], [ 78.595795195515038, 17.266635398014373 ], [ 78.595912303065091, 17.257604084066511 ], [ 78.58651303959266, 17.25749137585208 ], [ 78.586395475268773, 17.266522627224557 ] ] ] } },
{ "type": "Feature", "properties": { "grid_id": "HYD_1268" }, "geometry": { "type": "Polygon", "coordinates": [ [ [ 78.58651303959266, 17.25749137585208 ], [ 78.595912303065091, 17.257604084066511 ], [ 78.596029339817193, 17.248572761243675 ], [ 78.586630532842605, 17.24846011559875 ], [ 78.58651303959266, 17.25749137585208 ] ] ] } },
{ "type": "Feature", "properties": { "grid_id": "HYD_1269" }, "geometry": { "type": "Polygon", "coordinates": [ [ [ 78.586630532842605, 17.24846011559875 ], [ 78.596029339817193, 17.248572761243675 ], [ 78.5961463057874, 17.239541429550059 ], [ 78.586747955034724, 17.239428846468787 ], [ 78.586630532842605, 17.24846011559875 ] ] ] } },
{ "type": "Feature", "properties": { "grid_id": "HYD_1270" }, "geometry": { "type": "Polygon", "coordinates": [ [ [ 78.586747955034724, 17.239428846468787 ], [ 78.5961463057874, 17.239541429550059 ], [ 78.596263200991686, 17.230510088989877 ], [ 78.586865306185075, 17.230397568466387 ], [ 78.586747955034724, 17.239428846468787 ] ] ] } },
{ "type": "Feature", "properties": { "grid_id": "HYD_1271" }, "geometry": { "type": "Polygon", "coordinates": [ [ [ 78.591651703100737, 17.582725762298629 ], [ 78.60106765617293, 17.582840279334881 ], [ 78.6011867853545, 17.573809216118804 ], [ 78.591771298771718, 17.573694761621372 ], [ 78.591651703100737, 17.582725762298629 ] ] ] } },
{ "type": "Feature", "properties": { "grid_id": "HYD_1272" }, "geometry": { "type": "Polygon", "coordinates": [ [ [ 78.591771298771718, 17.573694761621372 ], [ 78.6011867853545, 17.573809216118804 ], [ 78.601305843447761, 17.564778143886848 ], [ 78.59189082307617, 17.564663751922257 ], [ 78.591771298771718, 17.573694761621372 ] ] ] } },
{ "type": "Feature", "properties": { "grid_id": "HYD_1273" }, "geometry": { "type": "Polygon", "coordinates": [ [ [ 78.59189082307617, 17.564663751922257 ], [ 78.601305843447761, 17.564778143886848 ], [ 78.601424830469085, 17.555747062643185 ], [ 78.59201027603055, 17.555632733205474 ], [ 78.59189082307617, 17.564663751922257 ] ] ] } },
{ "type": "Feature", "properties": { "grid_id": "HYD_1274" }, "geometry": { "type": "Polygon", "coordinates": [ [ [ 78.59201027603055, 17.555632733205474 ], [ 78.601424830469085, 17.555747062643185 ], [ 78.601543746434857, 17.546715972392015 ], [ 78.592129657651299, 17.54660170547519 ], [ 78.59201027603055, 17.555632733205474 ] ] ] } },
{ "type": "Feature", "properties": { "grid_id": "HYD_1275" }, "geometry": { "type": "Polygon", "coordinates": [ [ [ 78.592129657651299, 17.54660170547519 ], [ 78.601543746434857, 17.546715972392015 ], [ 78.601662591361418, 17.537684873137501 ], [ 78.592248967954816, 17.537570668735604 ], [ 78.592129657651299, 17.54660170547519 ] ] ] } },
{ "type": "Feature", "properties": { "grid_id": "HYD_1276" }, "geometry": { "type": "Polygon", "coordinates": [ [ [ 78.592248967954816, 17.537570668735604 ], [ 78.601662591361418, 17.537684873137501 ], [ 78.601781365265111, 17.528653764883842 ], [ 78.592368206957516, 17.528539622990902 ], [ 78.592248967954816, 17.537570668735604 ] ] ] } },
{ "type": "Feature", "properties": { "grid_id": "HYD_1277" }, "geometry": { "type": "Polygon", "coordinates": [ [ [ 78.592368206957516, 17.528539622990902 ], [ 78.601781365265111, 17.528653764883842 ], [ 78.60190006816228, 17.519622647635217 ], [ 78.592487374675798, 17.519508568245271 ], [ 78.592368206957516, 17.528539622990902 ] ] ] } },
{ "type": "Feature", "properties": { "grid_id": "HYD_1278" }, "geometry": { "type": "Polygon", "coordinates": [ [ [ 78.592487374675798, 17.519508568245271 ], [ 78.60190006816228, 17.519622647635217 ], [ 78.602018700069237, 17.510591521395803 ], [ 78.592606471126047, 17.510477504502902 ], [ 78.592487374675798, 17.519508568245271 ] ] ] } },
{ "type": "Feature", "properties": { "grid_id": "HYD_1279" }, "geometry": { "type": "Polygon", "coordinates": [ [ [ 78.592606471126047, 17.510477504502902 ], [ 78.602018700069237, 17.510591521395803 ], [ 78.602137261002284, 17.5015603861698 ], [ 78.592725496324633, 17.501446431767981 ], [ 78.592606471126047, 17.510477504502902 ] ] ] } },
{ "type": "Feature", "properties": { "grid_id": "HYD_1280" }, "geometry": { "type": "Polygon", "coordinates": [ [ [ 78.592725496324633, 17.501446431767981 ], [ 78.602137261002284, 17.5015603861698 ], [ 78.602255750977719, 17.492529241961378 ], [ 78.592844450287927, 17.492415350044702 ], [ 78.592725496324633, 17.501446431767981 ] ] ] } },
{ "type": "Feature", "properties": { "grid_id": "HYD_1281" }, "geometry": { "type": "Polygon", "coordinates": [ [ [ 78.592844450287927, 17.492415350044702 ], [ 78.602255750977719, 17.492529241961378 ], [ 78.602374170011856, 17.483498088774731 ], [ 78.592963333032259, 17.483384259337253 ], [ 78.592844450287927, 17.492415350044702 ] ] ] } },
{ "type": "Feature", "properties": { "grid_id": "HYD_1282" }, "geometry": { "type": "Polygon", "coordinates": [ [ [ 78.592963333032259, 17.483384259337253 ], [ 78.602374170011856, 17.483498088774731 ], [ 78.602492518120954, 17.474466926614049 ], [ 78.593082144573998, 17.474353159649823 ], [ 78.592963333032259, 17.483384259337253 ] ] ] } },
{ "type": "Feature", "properties": { "grid_id": "HYD_1283" }, "geometry": { "type": "Polygon", "coordinates": [ [ [ 78.593082144573998, 17.474353159649823 ], [ 78.602492518120954, 17.474466926614049 ], [ 78.60261079532124, 17.465435755483515 ], [ 78.593200884929431, 17.4653220509866 ], [ 78.593082144573998, 17.474353159649823 ] ] ] } },
{ "type": "Feature", "properties": { "grid_id": "HYD_1284" }, "geometry": { "type": "Polygon", "coordinates": [ [ [ 78.593200884929431, 17.4653220509866 ], [ 78.60261079532124, 17.465435755483515 ], [ 78.602729001629029, 17.456404575387328 ], [ 78.593319554114885, 17.456290933351791 ], [ 78.593200884929431, 17.4653220509866 ] ] ] } },
{ "type": "Feature", "properties": { "grid_id": "HYD_1285" }, "geometry": { "type": "Polygon", "coordinates": [ [ [ 78.593319554114885, 17.456290933351791 ], [ 78.602729001629029, 17.456404575387328 ], [ 78.602847137060522, 17.447373386329666 ], [ 78.593438152146703, 17.447259806749582 ], [ 78.593319554114885, 17.456290933351791 ] ] ] } },
{ "type": "Feature", "properties": { "grid_id": "HYD_1286" }, "geometry": { "type": "Polygon", "coordinates": [ [ [ 78.593438152146703, 17.447259806749582 ], [ 78.602847137060522, 17.447373386329666 ], [ 78.602965201631946, 17.438342188314724 ], [ 78.593556679041114, 17.438228671184159 ], [ 78.593438152146703, 17.447259806749582 ] ] ] } },
{ "type": "Feature", "properties": { "grid_id": "HYD_1287" }, "geometry": { "type": "Polygon", "coordinates": [ [ [ 78.593556679041114, 17.438228671184159 ], [ 78.602965201631946, 17.438342188314724 ], [ 78.603083195359517, 17.429310981346696 ], [ 78.593675134814418, 17.429197526659724 ], [ 78.593556679041114, 17.438228671184159 ] ] ] } },
{ "type": "Feature", "properties": { "grid_id": "HYD_1288" }, "geometry": { "type": "Polygon", "coordinates": [ [ [ 78.593675134814418, 17.429197526659724 ], [ 78.603083195359517, 17.429310981346696 ], [ 78.603201118259449, 17.420279765429754 ], [ 78.593793519482915, 17.420166373180471 ], [ 78.593675134814418, 17.429197526659724 ] ] ] } },
{ "type": "Feature", "properties": { "grid_id": "HYD_1289" }, "geometry": { "type": "Polygon", "coordinates": [ [ [ 78.593793519482915, 17.420166373180471 ], [ 78.603201118259449, 17.420279765429754 ], [ 78.603318970347928, 17.411248540568113 ], [ 78.593911833062833, 17.411135210750601 ], [ 78.593793519482915, 17.420166373180471 ] ] ] } },
{ "type": "Feature", "properties": { "grid_id": "HYD_1290" }, "geometry": { "type": "Polygon", "coordinates": [ [ [ 78.593911833062833, 17.411135210750601 ], [ 78.603318970347928, 17.411248540568113 ], [ 78.603436751641155, 17.402217306765955 ], [ 78.594030075570402, 17.402104039374301 ], [ 78.593911833062833, 17.411135210750601 ] ] ] } },
{ "type": "Feature", "properties": { "grid_id": "HYD_1291" }, "geometry": { "type": "Polygon", "coordinates": [ [ [ 78.594030075570402, 17.402104039374301 ], [ 78.603436751641155, 17.402217306765955 ], [ 78.603554462155287, 17.393186064027482 ], [ 78.594148247021892, 17.393072859055774 ], [ 78.594030075570402, 17.402104039374301 ] ] ] } },
{ "type": "Feature", "properties": { "grid_id": "HYD_1292" }, "geometry": { "type": "Polygon", "coordinates": [ [ [ 78.594148247021892, 17.393072859055774 ], [ 78.603554462155287, 17.393186064027482 ], [ 78.603672101906454, 17.384154812356879 ], [ 78.594266347433489, 17.384041669799217 ], [ 78.594148247021892, 17.393072859055774 ] ] ] } },
{ "type": "Feature", "properties": { "grid_id": "HYD_1293" }, "geometry": { "type": "Polygon", "coordinates": [ [ [ 78.594266347433489, 17.384041669799217 ], [ 78.603672101906454, 17.384154812356879 ], [ 78.603789670910857, 17.375123551758339 ], [ 78.594384376821438, 17.375010471608835 ], [ 78.594266347433489, 17.384041669799217 ] ] ] } },
{ "type": "Feature", "properties": { "grid_id": "HYD_1294" }, "geometry": { "type": "Polygon", "coordinates": [ [ [ 78.594384376821438, 17.375010471608835 ], [ 78.603789670910857, 17.375123551758339 ], [ 78.603907169184581, 17.366092282236057 ], [ 78.594502335201895, 17.365979264488807 ], [ 78.594384376821438, 17.375010471608835 ] ] ] } },
{ "type": "Feature", "properties": { "grid_id": "HYD_1295" }, "geometry": { "type": "Polygon", "coordinates": [ [ [ 78.594502335201895, 17.365979264488807 ], [ 78.603907169184581, 17.366092282236057 ], [ 78.604024596743784, 17.357061003794247 ], [ 78.594620222591075, 17.356948048443353 ], [ 78.594502335201895, 17.365979264488807 ] ] ] } },
{ "type": "Feature", "properties": { "grid_id": "HYD_1296" }, "geometry": { "type": "Polygon", "coordinates": [ [ [ 78.594620222591075, 17.356948048443353 ], [ 78.604024596743784, 17.357061003794247 ], [ 78.604141953604568, 17.348029716437075 ], [ 78.594738039005151, 17.347916823476663 ], [ 78.594620222591075, 17.356948048443353 ] ] ] } },
{ "type": "Feature", "properties": { "grid_id": "HYD_1297" }, "geometry": { "type": "Polygon", "coordinates": [ [ [ 78.594738039005151, 17.347916823476663 ], [ 78.604141953604568, 17.348029716437075 ], [ 78.604259239783019, 17.338998420168764 ], [ 78.594855784460279, 17.338885589592937 ], [ 78.594738039005151, 17.347916823476663 ] ] ] } },
{ "type": "Feature", "properties": { "grid_id": "HYD_1298" }, "geometry": { "type": "Polygon", "coordinates": [ [ [ 78.594855784460279, 17.338885589592937 ], [ 78.604259239783019, 17.338998420168764 ], [ 78.604376455295238, 17.329967114993508 ], [ 78.594973458972618, 17.329854346796392 ], [ 78.594855784460279, 17.338885589592937 ] ] ] } },
{ "type": "Feature", "properties": { "grid_id": "HYD_1299" }, "geometry": { "type": "Polygon", "coordinates": [ [ [ 78.594973458972618, 17.329854346796392 ], [ 78.604376455295238, 17.329967114993508 ], [ 78.604493600157312, 17.320935800915493 ], [ 78.595091062558311, 17.320823095091214 ], [ 78.594973458972618, 17.329854346796392 ] ] ] } },
{ "type": "Feature", "properties": { "grid_id": "HYD_1300" }, "geometry": { "type": "Polygon", "coordinates": [ [ [ 78.595091062558311, 17.320823095091214 ], [ 78.604493600157312, 17.320935800915493 ], [ 78.604610674385285, 17.311904477938924 ], [ 78.595208595233458, 17.311791834481603 ], [ 78.595091062558311, 17.320823095091214 ] ] ] } },
{ "type": "Feature", "properties": { "grid_id": "HYD_1301" }, "geometry": { "type": "Polygon", "coordinates": [ [ [ 78.595208595233458, 17.311791834481603 ], [ 78.604610674385285, 17.311904477938924 ], [ 78.604727677995228, 17.302873146068006 ], [ 78.595326057014205, 17.302760564971784 ], [ 78.595208595233458, 17.311791834481603 ] ] ] } },
{ "type": "Feature", "properties": { "grid_id": "HYD_1302" }, "geometry": { "type": "Polygon", "coordinates": [ [ [ 78.595326057014205, 17.302760564971784 ], [ 78.604727677995228, 17.302873146068006 ], [ 78.604844611003173, 17.293841805306933 ], [ 78.595443447916651, 17.293729286565938 ], [ 78.595326057014205, 17.302760564971784 ] ] ] } },
{ "type": "Feature", "properties": { "grid_id": "HYD_1303" }, "geometry": { "type": "Polygon", "coordinates": [ [ [ 78.595443447916651, 17.293729286565938 ], [ 78.604844611003173, 17.293841805306933 ], [ 78.604961473425163, 17.284810455659912 ], [ 78.595560767956897, 17.284697999268278 ], [ 78.595443447916651, 17.293729286565938 ] ] ] } },
{ "type": "Feature", "properties": { "grid_id": "HYD_1304" }, "geometry": { "type": "Polygon", "coordinates": [ [ [ 78.595560767956897, 17.284697999268278 ], [ 78.604961473425163, 17.284810455659912 ], [ 78.6050782652772, 17.275779097131139 ], [ 78.595678017150988, 17.275666703083026 ], [ 78.595560767956897, 17.284697999268278 ] ] ] } },
{ "type": "Feature", "properties": { "grid_id": "HYD_1305" }, "geometry": { "type": "Polygon", "coordinates": [ [ [ 78.595678017150988, 17.275666703083026 ], [ 78.6050782652772, 17.275779097131139 ], [ 78.605194986575313, 17.26674772972482 ], [ 78.595795195515038, 17.266635398014373 ], [ 78.595678017150988, 17.275666703083026 ] ] ] } },
{ "type": "Feature", "properties": { "grid_id": "HYD_1306" }, "geometry": { "type": "Polygon", "coordinates": [ [ [ 78.595795195515038, 17.266635398014373 ], [ 78.605194986575313, 17.26674772972482 ], [ 78.60531163733549, 17.257716353445151 ], [ 78.595912303065091, 17.257604084066511 ], [ 78.595795195515038, 17.266635398014373 ] ] ] } },
{ "type": "Feature", "properties": { "grid_id": "HYD_1307" }, "geometry": { "type": "Polygon", "coordinates": [ [ [ 78.595912303065091, 17.257604084066511 ], [ 78.60531163733549, 17.257716353445151 ], [ 78.605428217573717, 17.248684968296349 ], [ 78.596029339817193, 17.248572761243675 ], [ 78.595912303065091, 17.257604084066511 ] ] ] } },
{ "type": "Feature", "properties": { "grid_id": "HYD_1308" }, "geometry": { "type": "Polygon", "coordinates": [ [ [ 78.596029339817193, 17.248572761243675 ], [ 78.605428217573717, 17.248684968296349 ], [ 78.605544727305954, 17.23965357428261 ], [ 78.5961463057874, 17.239541429550059 ], [ 78.596029339817193, 17.248572761243675 ] ] ] } },
{ "type": "Feature", "properties": { "grid_id": "HYD_1309" }, "geometry": { "type": "Polygon", "coordinates": [ [ [ 78.60106765617293, 17.582840279334881 ], [ 78.610483680349816, 17.582954348737598 ], [ 78.61060234302559, 17.57392322322708 ], [ 78.6011867853545, 17.573809216118804 ], [ 78.60106765617293, 17.582840279334881 ] ] ] } },
{ "type": "Feature", "properties": { "grid_id": "HYD_1310" }, "geometry": { "type": "Polygon", "coordinates": [ [ [ 78.6011867853545, 17.573809216118804 ], [ 78.61060234302559, 17.57392322322708 ], [ 78.610720934891276, 17.564892088706635 ], [ 78.601305843447761, 17.564778143886848 ], [ 78.6011867853545, 17.573809216118804 ] ] ] } },
{ "type": "Feature", "properties": { "grid_id": "HYD_1311" }, "geometry": { "type": "Polygon", "coordinates": [ [ [ 78.601305843447761, 17.564778143886848 ], [ 78.610720934891276, 17.564892088706635 ], [ 78.610839455963188, 17.555860945180445 ], [ 78.601424830469085, 17.555747062643185 ], [ 78.601305843447761, 17.564778143886848 ] ] ] } },
{ "type": "Feature", "properties": { "grid_id": "HYD_1312" }, "geometry": { "type": "Polygon", "coordinates": [ [ [ 78.601424830469085, 17.555747062643185 ], [ 78.610839455963188, 17.555860945180445 ], [ 78.610957906257639, 17.546829792652691 ], [ 78.601543746434857, 17.546715972392015 ], [ 78.601424830469085, 17.555747062643185 ] ] ] } },
{ "type": "Feature", "properties": { "grid_id": "HYD_1313" }, "geometry": { "type": "Polygon", "coordinates": [ [ [ 78.601543746434857, 17.546715972392015 ], [ 78.610957906257639, 17.546829792652691 ], [ 78.611076285790872, 17.53779863112754 ], [ 78.601662591361418, 17.537684873137501 ], [ 78.601543746434857, 17.546715972392015 ] ] ] } },
{ "type": "Feature", "properties": { "grid_id": "HYD_1314" }, "geometry": { "type": "Polygon", "coordinates": [ [ [ 78.601662591361418, 17.537684873137501 ], [ 78.611076285790872, 17.53779863112754 ], [ 78.611194594579231, 17.528767460609185 ], [ 78.601781365265111, 17.528653764883842 ], [ 78.601662591361418, 17.537684873137501 ] ] ] } },
{ "type": "Feature", "properties": { "grid_id": "HYD_1315" }, "geometry": { "type": "Polygon", "coordinates": [ [ [ 78.601781365265111, 17.528653764883842 ], [ 78.611194594579231, 17.528767460609185 ], [ 78.611312832638959, 17.519736281101803 ], [ 78.60190006816228, 17.519622647635217 ], [ 78.601781365265111, 17.528653764883842 ] ] ] } },
{ "type": "Feature", "properties": { "grid_id": "HYD_1316" }, "geometry": { "type": "Polygon", "coordinates": [ [ [ 78.60190006816228, 17.519622647635217 ], [ 78.611312832638959, 17.519736281101803 ], [ 78.611430999986297, 17.51070509260957 ], [ 78.602018700069237, 17.510591521395803 ], [ 78.60190006816228, 17.519622647635217 ] ] ] } },
{ "type": "Feature", "properties": { "grid_id": "HYD_1317" }, "geometry": { "type": "Polygon", "coordinates": [ [ [ 78.602018700069237, 17.510591521395803 ], [ 78.611430999986297, 17.51070509260957 ], [ 78.611549096637518, 17.501673895136669 ], [ 78.602137261002284, 17.5015603861698 ], [ 78.602018700069237, 17.510591521395803 ] ] ] } },
{ "type": "Feature", "properties": { "grid_id": "HYD_1318" }, "geometry": { "type": "Polygon", "coordinates": [ [ [ 78.602137261002284, 17.5015603861698 ], [ 78.611549096637518, 17.501673895136669 ], [ 78.611667122608836, 17.49264268868728 ], [ 78.602255750977719, 17.492529241961378 ], [ 78.602137261002284, 17.5015603861698 ] ] ] } },
{ "type": "Feature", "properties": { "grid_id": "HYD_1319" }, "geometry": { "type": "Polygon", "coordinates": [ [ [ 78.602255750977719, 17.492529241961378 ], [ 78.611667122608836, 17.49264268868728 ], [ 78.61178507791648, 17.483611473265597 ], [ 78.602374170011856, 17.483498088774731 ], [ 78.602255750977719, 17.492529241961378 ] ] ] } },
{ "type": "Feature", "properties": { "grid_id": "HYD_1320" }, "geometry": { "type": "Polygon", "coordinates": [ [ [ 78.602374170011856, 17.483498088774731 ], [ 78.61178507791648, 17.483611473265597 ], [ 78.611902962576664, 17.474580248875785 ], [ 78.602492518120954, 17.474466926614049 ], [ 78.602374170011856, 17.483498088774731 ] ] ] } },
{ "type": "Feature", "properties": { "grid_id": "HYD_1321" }, "geometry": { "type": "Polygon", "coordinates": [ [ [ 78.602492518120954, 17.474466926614049 ], [ 78.611902962576664, 17.474580248875785 ], [ 78.61202077660559, 17.465549015522043 ], [ 78.60261079532124, 17.465435755483515 ], [ 78.602492518120954, 17.474466926614049 ] ] ] } },
{ "type": "Feature", "properties": { "grid_id": "HYD_1322" }, "geometry": { "type": "Polygon", "coordinates": [ [ [ 78.60261079532124, 17.465435755483515 ], [ 78.61202077660559, 17.465549015522043 ], [ 78.612138520019442, 17.456517773208557 ], [ 78.602729001629029, 17.456404575387328 ], [ 78.60261079532124, 17.465435755483515 ] ] ] } },
{ "type": "Feature", "properties": { "grid_id": "HYD_1323" }, "geometry": { "type": "Polygon", "coordinates": [ [ [ 78.602729001629029, 17.456404575387328 ], [ 78.612138520019442, 17.456517773208557 ], [ 78.612256192834394, 17.447486521939499 ], [ 78.602847137060522, 17.447373386329666 ], [ 78.602729001629029, 17.456404575387328 ] ] ] } },
{ "type": "Feature", "properties": { "grid_id": "HYD_1324" }, "geometry": { "type": "Polygon", "coordinates": [ [ [ 78.602847137060522, 17.447373386329666 ], [ 78.612256192834394, 17.447486521939499 ], [ 78.612373795066603, 17.438455261719064 ], [ 78.602965201631946, 17.438342188314724 ], [ 78.602847137060522, 17.447373386329666 ] ] ] } },
{ "type": "Feature", "properties": { "grid_id": "HYD_1325" }, "geometry": { "type": "Polygon", "coordinates": [ [ [ 78.602965201631946, 17.438342188314724 ], [ 78.612373795066603, 17.438455261719064 ], [ 78.61249132673224, 17.429423992551442 ], [ 78.603083195359517, 17.429310981346696 ], [ 78.602965201631946, 17.438342188314724 ] ] ] } },
{ "type": "Feature", "properties": { "grid_id": "HYD_1326" }, "geometry": { "type": "Polygon", "coordinates": [ [ [ 78.603083195359517, 17.429310981346696 ], [ 78.61249132673224, 17.429423992551442 ], [ 78.612608787847435, 17.420392714440808 ], [ 78.603201118259449, 17.420279765429754 ], [ 78.603083195359517, 17.429310981346696 ] ] ] } },
{ "type": "Feature", "properties": { "grid_id": "HYD_1327" }, "geometry": { "type": "Polygon", "coordinates": [ [ [ 78.603201118259449, 17.420279765429754 ], [ 78.612608787847435, 17.420392714440808 ], [ 78.612726178428318, 17.41136142739137 ], [ 78.603318970347928, 17.411248540568113 ], [ 78.603201118259449, 17.420279765429754 ] ] ] } },
{ "type": "Feature", "properties": { "grid_id": "HYD_1328" }, "geometry": { "type": "Polygon", "coordinates": [ [ [ 78.603318970347928, 17.411248540568113 ], [ 78.612726178428318, 17.41136142739137 ], [ 78.612843498491003, 17.4023301314073 ], [ 78.603436751641155, 17.402217306765955 ], [ 78.603318970347928, 17.411248540568113 ] ] ] } },
{ "type": "Feature", "properties": { "grid_id": "HYD_1329" }, "geometry": { "type": "Polygon", "coordinates": [ [ [ 78.603436751641155, 17.402217306765955 ], [ 78.612843498491003, 17.4023301314073 ], [ 78.612960748051606, 17.393298826492785 ], [ 78.603554462155287, 17.393186064027482 ], [ 78.603436751641155, 17.402217306765955 ] ] ] } },
{ "type": "Feature", "properties": { "grid_id": "HYD_1330" }, "geometry": { "type": "Polygon", "coordinates": [ [ [ 78.603554462155287, 17.393186064027482 ], [ 78.612960748051606, 17.393298826492785 ], [ 78.613077927126213, 17.384267512652031 ], [ 78.603672101906454, 17.384154812356879 ], [ 78.603554462155287, 17.393186064027482 ] ] ] } },
{ "type": "Feature", "properties": { "grid_id": "HYD_1331" }, "geometry": { "type": "Polygon", "coordinates": [ [ [ 78.603672101906454, 17.384154812356879 ], [ 78.613077927126213, 17.384267512652031 ], [ 78.613195035730925, 17.375236189889215 ], [ 78.603789670910857, 17.375123551758339 ], [ 78.603672101906454, 17.384154812356879 ] ] ] } },
{ "type": "Feature", "properties": { "grid_id": "HYD_1332" }, "geometry": { "type": "Polygon", "coordinates": [ [ [ 78.603789670910857, 17.375123551758339 ], [ 78.613195035730925, 17.375236189889215 ], [ 78.613312073881801, 17.366204858208537 ], [ 78.603907169184581, 17.366092282236057 ], [ 78.603789670910857, 17.375123551758339 ] ] ] } },
{ "type": "Feature", "properties": { "grid_id": "HYD_1333" }, "geometry": { "type": "Polygon", "coordinates": [ [ [ 78.603907169184581, 17.366092282236057 ], [ 78.613312073881801, 17.366204858208537 ], [ 78.613429041594898, 17.357173517614186 ], [ 78.604024596743784, 17.357061003794247 ], [ 78.603907169184581, 17.366092282236057 ] ] ] } },
{ "type": "Feature", "properties": { "grid_id": "HYD_1334" }, "geometry": { "type": "Polygon", "coordinates": [ [ [ 78.604024596743784, 17.357061003794247 ], [ 78.613429041594898, 17.357173517614186 ], [ 78.61354593888629, 17.34814216811035 ], [ 78.604141953604568, 17.348029716437075 ], [ 78.604024596743784, 17.357061003794247 ] ] ] } },
{ "type": "Feature", "properties": { "grid_id": "HYD_1335" }, "geometry": { "type": "Polygon", "coordinates": [ [ [ 78.604141953604568, 17.348029716437075 ], [ 78.61354593888629, 17.34814216811035 ], [ 78.613662765771977, 17.339110809701225 ], [ 78.604259239783019, 17.338998420168764 ], [ 78.604141953604568, 17.348029716437075 ] ] ] } },
{ "type": "Feature", "properties": { "grid_id": "HYD_1336" }, "geometry": { "type": "Polygon", "coordinates": [ [ [ 78.604259239783019, 17.338998420168764 ], [ 78.613662765771977, 17.339110809701225 ], [ 78.613779522268004, 17.330079442391018 ], [ 78.604376455295238, 17.329967114993508 ], [ 78.604259239783019, 17.338998420168764 ] ] ] } },
{ "type": "Feature", "properties": { "grid_id": "HYD_1337" }, "geometry": { "type": "Polygon", "coordinates": [ [ [ 78.604376455295238, 17.329967114993508 ], [ 78.613779522268004, 17.330079442391018 ], [ 78.6138962083904, 17.321048066183902 ], [ 78.604493600157312, 17.320935800915493 ], [ 78.604376455295238, 17.329967114993508 ] ] ] } },
{ "type": "Feature", "properties": { "grid_id": "HYD_1338" }, "geometry": { "type": "Polygon", "coordinates": [ [ [ 78.604493600157312, 17.320935800915493 ], [ 78.6138962083904, 17.321048066183902 ], [ 78.614012824155139, 17.312016681084085 ], [ 78.604610674385285, 17.311904477938924 ], [ 78.604493600157312, 17.320935800915493 ] ] ] } },
{ "type": "Feature", "properties": { "grid_id": "HYD_1339" }, "geometry": { "type": "Polygon", "coordinates": [ [ [ 78.604610674385285, 17.311904477938924 ], [ 78.614012824155139, 17.312016681084085 ], [ 78.614129369578222, 17.302985287095758 ], [ 78.604727677995228, 17.302873146068006 ], [ 78.604610674385285, 17.311904477938924 ] ] ] } },
{ "type": "Feature", "properties": { "grid_id": "HYD_1340" }, "geometry": { "type": "Polygon", "coordinates": [ [ [ 78.604727677995228, 17.302873146068006 ], [ 78.614129369578222, 17.302985287095758 ], [ 78.614245844675651, 17.293953884223122 ], [ 78.604844611003173, 17.293841805306933 ], [ 78.604727677995228, 17.302873146068006 ] ] ] } },
{ "type": "Feature", "properties": { "grid_id": "HYD_1341" }, "geometry": { "type": "Polygon", "coordinates": [ [ [ 78.604844611003173, 17.293841805306933 ], [ 78.614245844675651, 17.293953884223122 ], [ 78.614362249463369, 17.284922472470374 ], [ 78.604961473425163, 17.284810455659912 ], [ 78.604844611003173, 17.293841805306933 ] ] ] } },
{ "type": "Feature", "properties": { "grid_id": "HYD_1342" }, "geometry": { "type": "Polygon", "coordinates": [ [ [ 78.604961473425163, 17.284810455659912 ], [ 78.614362249463369, 17.284922472470374 ], [ 78.614478583957336, 17.275891051841711 ], [ 78.6050782652772, 17.275779097131139 ], [ 78.604961473425163, 17.284810455659912 ] ] ] } },
{ "type": "Feature", "properties": { "grid_id": "HYD_1343" }, "geometry": { "type": "Polygon", "coordinates": [ [ [ 78.6050782652772, 17.275779097131139 ], [ 78.614478583957336, 17.275891051841711 ], [ 78.614594848173525, 17.266859622341329 ], [ 78.605194986575313, 17.26674772972482 ], [ 78.6050782652772, 17.275779097131139 ] ] ] } },
{ "type": "Feature", "properties": { "grid_id": "HYD_1344" }, "geometry": { "type": "Polygon", "coordinates": [ [ [ 78.605194986575313, 17.26674772972482 ], [ 78.614594848173525, 17.266859622341329 ], [ 78.614711042127837, 17.257828183973427 ], [ 78.60531163733549, 17.257716353445151 ], [ 78.605194986575313, 17.26674772972482 ] ] ] } },
{ "type": "Feature", "properties": { "grid_id": "HYD_1345" }, "geometry": { "type": "Polygon", "coordinates": [ [ [ 78.60531163733549, 17.257716353445151 ], [ 78.614711042127837, 17.257828183973427 ], [ 78.614827165836189, 17.248796736742214 ], [ 78.605428217573717, 17.248684968296349 ], [ 78.60531163733549, 17.257716353445151 ] ] ] } },
{ "type": "Feature", "properties": { "grid_id": "HYD_1346" }, "geometry": { "type": "Polygon", "coordinates": [ [ [ 78.605428217573717, 17.248684968296349 ], [ 78.614827165836189, 17.248796736742214 ], [ 78.61494321931454, 17.239765280651877 ], [ 78.605544727305954, 17.23965357428261 ], [ 78.605428217573717, 17.248684968296349 ] ] ] } },
{ "type": "Feature", "properties": { "grid_id": "HYD_1347" }, "geometry": { "type": "Polygon", "coordinates": [ [ [ 78.61060234302559, 17.57392322322708 ], [ 78.620017971506783, 17.574036782931369 ], [ 78.620136097128579, 17.565005586366812 ], [ 78.610720934891276, 17.564892088706635 ], [ 78.61060234302559, 17.57392322322708 ] ] ] } },
{ "type": "Feature", "properties": { "grid_id": "HYD_1348" }, "geometry": { "type": "Polygon", "coordinates": [ [ [ 78.610720934891276, 17.564892088706635 ], [ 78.620136097128579, 17.565005586366812 ], [ 78.620254152234764, 17.555974380802429 ], [ 78.610839455963188, 17.555860945180445 ], [ 78.610720934891276, 17.564892088706635 ] ] ] } },
{ "type": "Feature", "properties": { "grid_id": "HYD_1349" }, "geometry": { "type": "Polygon", "coordinates": [ [ [ 78.610839455963188, 17.555860945180445 ], [ 78.620254152234764, 17.555974380802429 ], [ 78.620372136841581, 17.546943166242414 ], [ 78.610957906257639, 17.546829792652691 ], [ 78.610839455963188, 17.555860945180445 ] ] ] } },
{ "type": "Feature", "properties": { "grid_id": "HYD_1350" }, "geometry": { "type": "Polygon", "coordinates": [ [ [ 78.610957906257639, 17.546829792652691 ], [ 78.620372136841581, 17.546943166242414 ], [ 78.620490050965245, 17.537911942690926 ], [ 78.611076285790872, 17.53779863112754 ], [ 78.610957906257639, 17.546829792652691 ] ] ] } },
{ "type": "Feature", "properties": { "grid_id": "HYD_1351" }, "geometry": { "type": "Polygon", "coordinates": [ [ [ 78.611076285790872, 17.53779863112754 ], [ 78.620490050965245, 17.537911942690926 ], [ 78.620607894621998, 17.528880710152148 ], [ 78.611194594579231, 17.528767460609185 ], [ 78.611076285790872, 17.53779863112754 ] ] ] } },
{ "type": "Feature", "properties": { "grid_id": "HYD_1352" }, "geometry": { "type": "Polygon", "coordinates": [ [ [ 78.611194594579231, 17.528767460609185 ], [ 78.620607894621998, 17.528880710152148 ], [ 78.620725667828012, 17.519849468630255 ], [ 78.611312832638959, 17.519736281101803 ], [ 78.611194594579231, 17.528767460609185 ] ] ] } },
{ "type": "Feature", "properties": { "grid_id": "HYD_1353" }, "geometry": { "type": "Polygon", "coordinates": [ [ [ 78.611312832638959, 17.519736281101803 ], [ 78.620725667828012, 17.519849468630255 ], [ 78.620843370599502, 17.51081821812943 ], [ 78.611430999986297, 17.51070509260957 ], [ 78.611312832638959, 17.519736281101803 ] ] ] } },
{ "type": "Feature", "properties": { "grid_id": "HYD_1354" }, "geometry": { "type": "Polygon", "coordinates": [ [ [ 78.611430999986297, 17.51070509260957 ], [ 78.620843370599502, 17.51081821812943 ], [ 78.620961002952654, 17.501786958653838 ], [ 78.611549096637518, 17.501673895136669 ], [ 78.611430999986297, 17.51070509260957 ] ] ] } },
{ "type": "Feature", "properties": { "grid_id": "HYD_1355" }, "geometry": { "type": "Polygon", "coordinates": [ [ [ 78.611549096637518, 17.501673895136669 ], [ 78.620961002952654, 17.501786958653838 ], [ 78.621078564903613, 17.492755690207666 ], [ 78.611667122608836, 17.49264268868728 ], [ 78.611549096637518, 17.501673895136669 ] ] ] } },
{ "type": "Feature", "properties": { "grid_id": "HYD_1356" }, "geometry": { "type": "Polygon", "coordinates": [ [ [ 78.611667122608836, 17.49264268868728 ], [ 78.621078564903613, 17.492755690207666 ], [ 78.621196056468577, 17.483724412795095 ], [ 78.61178507791648, 17.483611473265597 ], [ 78.611667122608836, 17.49264268868728 ] ] ] } },
{ "type": "Feature", "properties": { "grid_id": "HYD_1357" }, "geometry": { "type": "Polygon", "coordinates": [ [ [ 78.61178507791648, 17.483611473265597 ], [ 78.621196056468577, 17.483724412795095 ], [ 78.621313477663662, 17.474693126420295 ], [ 78.611902962576664, 17.474580248875785 ], [ 78.61178507791648, 17.483611473265597 ] ] ] } },
{ "type": "Feature", "properties": { "grid_id": "HYD_1358" }, "geometry": { "type": "Polygon", "coordinates": [ [ [ 78.611902962576664, 17.474580248875785 ], [ 78.621313477663662, 17.474693126420295 ], [ 78.621430828504998, 17.465661831087456 ], [ 78.61202077660559, 17.465549015522043 ], [ 78.611902962576664, 17.474580248875785 ] ] ] } },
{ "type": "Feature", "properties": { "grid_id": "HYD_1359" }, "geometry": { "type": "Polygon", "coordinates": [ [ [ 78.61202077660559, 17.465549015522043 ], [ 78.621430828504998, 17.465661831087456 ], [ 78.621548109008756, 17.456630526800748 ], [ 78.612138520019442, 17.456517773208557 ], [ 78.61202077660559, 17.465549015522043 ] ] ] } },
{ "type": "Feature", "properties": { "grid_id": "HYD_1360" }, "geometry": { "type": "Polygon", "coordinates": [ [ [ 78.612138520019442, 17.456517773208557 ], [ 78.621548109008756, 17.456630526800748 ], [ 78.62166531919101, 17.44759921356437 ], [ 78.612256192834394, 17.447486521939499 ], [ 78.612138520019442, 17.456517773208557 ] ] ] } },
{ "type": "Feature", "properties": { "grid_id": "HYD_1361" }, "geometry": { "type": "Polygon", "coordinates": [ [ [ 78.612256192834394, 17.447486521939499 ], [ 78.62166531919101, 17.44759921356437 ], [ 78.621782459067845, 17.438567891382494 ], [ 78.612373795066603, 17.438455261719064 ], [ 78.612256192834394, 17.447486521939499 ] ] ] } },
{ "type": "Feature", "properties": { "grid_id": "HYD_1362" }, "geometry": { "type": "Polygon", "coordinates": [ [ [ 78.612373795066603, 17.438455261719064 ], [ 78.621782459067845, 17.438567891382494 ], [ 78.621899528655405, 17.42953656025929 ], [ 78.61249132673224, 17.429423992551442 ], [ 78.612373795066603, 17.438455261719064 ] ] ] } },
{ "type": "Feature", "properties": { "grid_id": "HYD_1363" }, "geometry": { "type": "Polygon", "coordinates": [ [ [ 78.61249132673224, 17.429423992551442 ], [ 78.621899528655405, 17.42953656025929 ], [ 78.62201652796972, 17.420505220198965 ], [ 78.612608787847435, 17.420392714440808 ], [ 78.61249132673224, 17.429423992551442 ] ] ] } },
{ "type": "Feature", "properties": { "grid_id": "HYD_1364" }, "geometry": { "type": "Polygon", "coordinates": [ [ [ 78.612608787847435, 17.420392714440808 ], [ 78.62201652796972, 17.420505220198965 ], [ 78.622133457026877, 17.411473871205693 ], [ 78.612726178428318, 17.41136142739137 ], [ 78.612608787847435, 17.420392714440808 ] ] ] } },
{ "type": "Feature", "properties": { "grid_id": "HYD_1365" }, "geometry": { "type": "Polygon", "coordinates": [ [ [ 78.612726178428318, 17.41136142739137 ], [ 78.622133457026877, 17.411473871205693 ], [ 78.622250315842933, 17.402442513283653 ], [ 78.612843498491003, 17.4023301314073 ], [ 78.612726178428318, 17.41136142739137 ] ] ] } },
{ "type": "Feature", "properties": { "grid_id": "HYD_1366" }, "geometry": { "type": "Polygon", "coordinates": [ [ [ 78.612843498491003, 17.4023301314073 ], [ 78.622250315842933, 17.402442513283653 ], [ 78.62236710443392, 17.393411146437039 ], [ 78.612960748051606, 17.393298826492785 ], [ 78.612843498491003, 17.4023301314073 ] ] ] } },
{ "type": "Feature", "properties": { "grid_id": "HYD_1367" }, "geometry": { "type": "Polygon", "coordinates": [ [ [ 78.612960748051606, 17.393298826492785 ], [ 78.62236710443392, 17.393411146437039 ], [ 78.62248382281588, 17.384379770670044 ], [ 78.613077927126213, 17.384267512652031 ], [ 78.612960748051606, 17.393298826492785 ] ] ] } },
{ "type": "Feature", "properties": { "grid_id": "HYD_1368" }, "geometry": { "type": "Polygon", "coordinates": [ [ [ 78.613077927126213, 17.384267512652031 ], [ 78.62248382281588, 17.384379770670044 ], [ 78.622600471004844, 17.375348385986833 ], [ 78.613195035730925, 17.375236189889215 ], [ 78.613077927126213, 17.384267512652031 ] ] ] } },
{ "type": "Feature", "properties": { "grid_id": "HYD_1369" }, "geometry": { "type": "Polygon", "coordinates": [ [ [ 78.613195035730925, 17.375236189889215 ], [ 78.622600471004844, 17.375348385986833 ], [ 78.622717049016799, 17.366316992391607 ], [ 78.613312073881801, 17.366204858208537 ], [ 78.613195035730925, 17.375236189889215 ] ] ] } },
{ "type": "Feature", "properties": { "grid_id": "HYD_1370" }, "geometry": { "type": "Polygon", "coordinates": [ [ [ 78.613312073881801, 17.366204858208537 ], [ 78.622717049016799, 17.366316992391607 ], [ 78.622833556867761, 17.357285589888551 ], [ 78.613429041594898, 17.357173517614186 ], [ 78.613312073881801, 17.366204858208537 ] ] ] } },
{ "type": "Feature", "properties": { "grid_id": "HYD_1371" }, "geometry": { "type": "Polygon", "coordinates": [ [ [ 78.613429041594898, 17.357173517614186 ], [ 78.622833556867761, 17.357285589888551 ], [ 78.622949994573702, 17.348254178481863 ], [ 78.61354593888629, 17.34814216811035 ], [ 78.613429041594898, 17.357173517614186 ] ] ] } },
{ "type": "Feature", "properties": { "grid_id": "HYD_1372" }, "geometry": { "type": "Polygon", "coordinates": [ [ [ 78.61354593888629, 17.34814216811035 ], [ 78.622949994573702, 17.348254178481863 ], [ 78.623066362150595, 17.339222758175726 ], [ 78.613662765771977, 17.339110809701225 ], [ 78.61354593888629, 17.34814216811035 ] ] ] } },
{ "type": "Feature", "properties": { "grid_id": "HYD_1373" }, "geometry": { "type": "Polygon", "coordinates": [ [ [ 78.613662765771977, 17.339110809701225 ], [ 78.623066362150595, 17.339222758175726 ], [ 78.623182659614429, 17.330191328974326 ], [ 78.613779522268004, 17.330079442391018 ], [ 78.613662765771977, 17.339110809701225 ] ] ] } },
{ "type": "Feature", "properties": { "grid_id": "HYD_1374" }, "geometry": { "type": "Polygon", "coordinates": [ [ [ 78.613779522268004, 17.330079442391018 ], [ 78.623182659614429, 17.330191328974326 ], [ 78.623298886981132, 17.321159890881855 ], [ 78.6138962083904, 17.321048066183902 ], [ 78.613779522268004, 17.330079442391018 ] ] ] } },
{ "type": "Feature", "properties": { "grid_id": "HYD_1375" }, "geometry": { "type": "Polygon", "coordinates": [ [ [ 78.6138962083904, 17.321048066183902 ], [ 78.623298886981132, 17.321159890881855 ], [ 78.623415044266636, 17.312128443902512 ], [ 78.614012824155139, 17.312016681084085 ], [ 78.6138962083904, 17.321048066183902 ] ] ] } },
{ "type": "Feature", "properties": { "grid_id": "HYD_1376" }, "geometry": { "type": "Polygon", "coordinates": [ [ [ 78.614012824155139, 17.312016681084085 ], [ 78.623415044266636, 17.312128443902512 ], [ 78.623531131486899, 17.30309698804048 ], [ 78.614129369578222, 17.302985287095758 ], [ 78.614012824155139, 17.312016681084085 ] ] ] } },
{ "type": "Feature", "properties": { "grid_id": "HYD_1377" }, "geometry": { "type": "Polygon", "coordinates": [ [ [ 78.614129369578222, 17.302985287095758 ], [ 78.623531131486899, 17.30309698804048 ], [ 78.623647148657824, 17.29406552329996 ], [ 78.614245844675651, 17.293953884223122 ], [ 78.614129369578222, 17.302985287095758 ] ] ] } },
{ "type": "Feature", "properties": { "grid_id": "HYD_1378" }, "geometry": { "type": "Polygon", "coordinates": [ [ [ 78.614245844675651, 17.293953884223122 ], [ 78.623647148657824, 17.29406552329996 ], [ 78.623763095795326, 17.285034049685134 ], [ 78.614362249463369, 17.284922472470374 ], [ 78.614245844675651, 17.293953884223122 ] ] ] } },
{ "type": "Feature", "properties": { "grid_id": "HYD_1379" }, "geometry": { "type": "Polygon", "coordinates": [ [ [ 78.614362249463369, 17.284922472470374 ], [ 78.623763095795326, 17.285034049685134 ], [ 78.623878972915278, 17.276002567200216 ], [ 78.614478583957336, 17.275891051841711 ], [ 78.614362249463369, 17.284922472470374 ] ] ] } },
{ "type": "Feature", "properties": { "grid_id": "HYD_1380" }, "geometry": { "type": "Polygon", "coordinates": [ [ [ 78.614478583957336, 17.275891051841711 ], [ 78.623878972915278, 17.276002567200216 ], [ 78.623994780033584, 17.266971075849376 ], [ 78.614594848173525, 17.266859622341329 ], [ 78.614478583957336, 17.275891051841711 ] ] ] } },
{ "type": "Feature", "properties": { "grid_id": "HYD_1381" }, "geometry": { "type": "Polygon", "coordinates": [ [ [ 78.614594848173525, 17.266859622341329 ], [ 78.623994780033584, 17.266971075849376 ], [ 78.624110517166102, 17.257939575636829 ], [ 78.614711042127837, 17.257828183973427 ], [ 78.614594848173525, 17.266859622341329 ] ] ] } },
{ "type": "Feature", "properties": { "grid_id": "HYD_1382" }, "geometry": { "type": "Polygon", "coordinates": [ [ [ 78.614711042127837, 17.257828183973427 ], [ 78.624110517166102, 17.257939575636829 ], [ 78.624226184328705, 17.248908066566759 ], [ 78.614827165836189, 17.248796736742214 ], [ 78.614711042127837, 17.257828183973427 ] ] ] } },
{ "type": "Feature", "properties": { "grid_id": "HYD_1383" }, "geometry": { "type": "Polygon", "coordinates": [ [ [ 78.620017971506783, 17.574036782931369 ], [ 78.62943367051983, 17.574149895216912 ], [ 78.629551329881494, 17.565118636852606 ], [ 78.620136097128579, 17.565005586366812 ], [ 78.620017971506783, 17.574036782931369 ] ] ] } },
{ "type": "Feature", "properties": { "grid_id": "HYD_1384" }, "geometry": { "type": "Polygon", "coordinates": [ [ [ 78.620136097128579, 17.565005586366812 ], [ 78.629551329881494, 17.565118636852606 ], [ 78.629668919005709, 17.556087369494396 ], [ 78.620254152234764, 17.555974380802429 ], [ 78.620136097128579, 17.565005586366812 ] ] ] } },
{ "type": "Feature", "properties": { "grid_id": "HYD_1385" }, "geometry": { "type": "Polygon", "coordinates": [ [ [ 78.620254152234764, 17.555974380802429 ], [ 78.629668919005709, 17.556087369494396 ], [ 78.629786437908677, 17.547056093146441 ], [ 78.620372136841581, 17.546943166242414 ], [ 78.620254152234764, 17.555974380802429 ] ] ] } },
{ "type": "Feature", "properties": { "grid_id": "HYD_1386" }, "geometry": { "type": "Polygon", "coordinates": [ [ [ 78.620372136841581, 17.546943166242414 ], [ 78.629786437908677, 17.547056093146441 ], [ 78.629903886606542, 17.538024807812917 ], [ 78.620490050965245, 17.537911942690926 ], [ 78.620372136841581, 17.546943166242414 ] ] ] } },
{ "type": "Feature", "properties": { "grid_id": "HYD_1387" }, "geometry": { "type": "Polygon", "coordinates": [ [ [ 78.620490050965245, 17.537911942690926 ], [ 78.629903886606542, 17.538024807812917 ], [ 78.630021265115474, 17.528993513498001 ], [ 78.620607894621998, 17.528880710152148 ], [ 78.620490050965245, 17.537911942690926 ] ] ] } },
{ "type": "Feature", "properties": { "grid_id": "HYD_1388" }, "geometry": { "type": "Polygon", "coordinates": [ [ [ 78.620607894621998, 17.528880710152148 ], [ 78.630021265115474, 17.528993513498001 ], [ 78.630138573451603, 17.519962210205861 ], [ 78.620725667828012, 17.519849468630255 ], [ 78.620607894621998, 17.528880710152148 ] ] ] } },
{ "type": "Feature", "properties": { "grid_id": "HYD_1389" }, "geometry": { "type": "Polygon", "coordinates": [ [ [ 78.620725667828012, 17.519849468630255 ], [ 78.630138573451603, 17.519962210205861 ], [ 78.630255811631059, 17.510930897940671 ], [ 78.620843370599502, 17.51081821812943 ], [ 78.620725667828012, 17.519849468630255 ] ] ] } },
{ "type": "Feature", "properties": { "grid_id": "HYD_1390" }, "geometry": { "type": "Polygon", "coordinates": [ [ [ 78.620843370599502, 17.51081821812943 ], [ 78.630255811631059, 17.510930897940671 ], [ 78.630372979669957, 17.501899576706613 ], [ 78.620961002952654, 17.501786958653838 ], [ 78.620843370599502, 17.51081821812943 ] ] ] } },
{ "type": "Feature", "properties": { "grid_id": "HYD_1391" }, "geometry": { "type": "Polygon", "coordinates": [ [ [ 78.620961002952654, 17.501786958653838 ], [ 78.630372979669957, 17.501899576706613 ], [ 78.630490077584412, 17.492868246507843 ], [ 78.621078564903613, 17.492755690207666 ], [ 78.620961002952654, 17.501786958653838 ] ] ] } },
{ "type": "Feature", "properties": { "grid_id": "HYD_1392" }, "geometry": { "type": "Polygon", "coordinates": [ [ [ 78.621078564903613, 17.492755690207666 ], [ 78.630490077584412, 17.492868246507843 ], [ 78.630607105390538, 17.483836907348547 ], [ 78.621196056468577, 17.483724412795095 ], [ 78.621078564903613, 17.492755690207666 ] ] ] } },
{ "type": "Feature", "properties": { "grid_id": "HYD_1393" }, "geometry": { "type": "Polygon", "coordinates": [ [ [ 78.621196056468577, 17.483724412795095 ], [ 78.630607105390538, 17.483836907348547 ], [ 78.630724063104381, 17.474805559232902 ], [ 78.621313477663662, 17.474693126420295 ], [ 78.621196056468577, 17.483724412795095 ] ] ] } },
{ "type": "Feature", "properties": { "grid_id": "HYD_1394" }, "geometry": { "type": "Polygon", "coordinates": [ [ [ 78.621313477663662, 17.474693126420295 ], [ 78.630724063104381, 17.474805559232902 ], [ 78.630840950742041, 17.465774202165083 ], [ 78.621430828504998, 17.465661831087456 ], [ 78.621313477663662, 17.474693126420295 ] ] ] } },
{ "type": "Feature", "properties": { "grid_id": "HYD_1395" }, "geometry": { "type": "Polygon", "coordinates": [ [ [ 78.621430828504998, 17.465661831087456 ], [ 78.630840950742041, 17.465774202165083 ], [ 78.630957768319561, 17.456742836149271 ], [ 78.621548109008756, 17.456630526800748 ], [ 78.621430828504998, 17.465661831087456 ] ] ] } },
{ "type": "Feature", "properties": { "grid_id": "HYD_1396" }, "geometry": { "type": "Polygon", "coordinates": [ [ [ 78.621548109008756, 17.456630526800748 ], [ 78.630957768319561, 17.456742836149271 ], [ 78.631074515853001, 17.447711461189638 ], [ 78.62166531919101, 17.44759921356437 ], [ 78.621548109008756, 17.456630526800748 ] ] ] } },
{ "type": "Feature", "properties": { "grid_id": "HYD_1397" }, "geometry": { "type": "Polygon", "coordinates": [ [ [ 78.62166531919101, 17.44759921356437 ], [ 78.631074515853001, 17.447711461189638 ], [ 78.63119119335839, 17.438680077290357 ], [ 78.621782459067845, 17.438567891382494 ], [ 78.62166531919101, 17.44759921356437 ] ] ] } },
{ "type": "Feature", "properties": { "grid_id": "HYD_1398" }, "geometry": { "type": "Polygon", "coordinates": [ [ [ 78.621782459067845, 17.438567891382494 ], [ 78.63119119335839, 17.438680077290357 ], [ 78.631307800851786, 17.429648684455625 ], [ 78.621899528655405, 17.42953656025929 ], [ 78.621782459067845, 17.438567891382494 ] ] ] } },
{ "type": "Feature", "properties": { "grid_id": "HYD_1399" }, "geometry": { "type": "Polygon", "coordinates": [ [ [ 78.621899528655405, 17.42953656025929 ], [ 78.631307800851786, 17.429648684455625 ], [ 78.631424338349163, 17.420617282689602 ], [ 78.62201652796972, 17.420505220198965 ], [ 78.621899528655405, 17.42953656025929 ] ] ] } },
{ "type": "Feature", "properties": { "grid_id": "HYD_1400" }, "geometry": { "type": "Polygon", "coordinates": [ [ [ 78.62201652796972, 17.420505220198965 ], [ 78.631424338349163, 17.420617282689602 ], [ 78.63154080586655, 17.411585871996479 ], [ 78.622133457026877, 17.411473871205693 ], [ 78.62201652796972, 17.420505220198965 ] ] ] } },
{ "type": "Feature", "properties": { "grid_id": "HYD_1401" }, "geometry": { "type": "Polygon", "coordinates": [ [ [ 78.622133457026877, 17.411473871205693 ], [ 78.63154080586655, 17.411585871996479 ], [ 78.63165720341992, 17.402554452380439 ], [ 78.622250315842933, 17.402442513283653 ], [ 78.622133457026877, 17.411473871205693 ] ] ] } },
{ "type": "Feature", "properties": { "grid_id": "HYD_1402" }, "geometry": { "type": "Polygon", "coordinates": [ [ [ 78.622250315842933, 17.402442513283653 ], [ 78.63165720341992, 17.402554452380439 ], [ 78.63177353102526, 17.393523023845653 ], [ 78.62236710443392, 17.393411146437039 ], [ 78.622250315842933, 17.402442513283653 ] ] ] } },
{ "type": "Feature", "properties": { "grid_id": "HYD_1403" }, "geometry": { "type": "Polygon", "coordinates": [ [ [ 78.62236710443392, 17.393411146437039 ], [ 78.63177353102526, 17.393523023845653 ], [ 78.631889788698558, 17.384491586396319 ], [ 78.62248382281588, 17.384379770670044 ], [ 78.62236710443392, 17.393411146437039 ] ] ] } },
{ "type": "Feature", "properties": { "grid_id": "HYD_1404" }, "geometry": { "type": "Polygon", "coordinates": [ [ [ 78.62248382281588, 17.384379770670044 ], [ 78.631889788698558, 17.384491586396319 ], [ 78.632005976455758, 17.375460140036608 ], [ 78.622600471004844, 17.375348385986833 ], [ 78.62248382281588, 17.384379770670044 ] ] ] } },
{ "type": "Feature", "properties": { "grid_id": "HYD_1405" }, "geometry": { "type": "Polygon", "coordinates": [ [ [ 78.622600471004844, 17.375348385986833 ], [ 78.632005976455758, 17.375460140036608 ], [ 78.632122094312791, 17.366428684770707 ], [ 78.622717049016799, 17.366316992391607 ], [ 78.622600471004844, 17.375348385986833 ] ] ] } },
{ "type": "Feature", "properties": { "grid_id": "HYD_1406" }, "geometry": { "type": "Polygon", "coordinates": [ [ [ 78.622717049016799, 17.366316992391607 ], [ 78.632122094312791, 17.366428684770707 ], [ 78.632238142285615, 17.357397220602806 ], [ 78.622833556867761, 17.357285589888551 ], [ 78.622717049016799, 17.366316992391607 ] ] ] } },
{ "type": "Feature", "properties": { "grid_id": "HYD_1407" }, "geometry": { "type": "Polygon", "coordinates": [ [ [ 78.622833556867761, 17.357285589888551 ], [ 78.632238142285615, 17.357397220602806 ], [ 78.632354120390147, 17.348365747537073 ], [ 78.622949994573702, 17.348254178481863 ], [ 78.622833556867761, 17.357285589888551 ] ] ] } },
{ "type": "Feature", "properties": { "grid_id": "HYD_1408" }, "geometry": { "type": "Polygon", "coordinates": [ [ [ 78.622949994573702, 17.348254178481863 ], [ 78.632354120390147, 17.348365747537073 ], [ 78.632470028642302, 17.339334265577708 ], [ 78.623066362150595, 17.339222758175726 ], [ 78.622949994573702, 17.348254178481863 ] ] ] } },
{ "type": "Feature", "properties": { "grid_id": "HYD_1409" }, "geometry": { "type": "Polygon", "coordinates": [ [ [ 78.623066362150595, 17.339222758175726 ], [ 78.632470028642302, 17.339334265577708 ], [ 78.632585867057955, 17.330302774728903 ], [ 78.623182659614429, 17.330191328974326 ], [ 78.623066362150595, 17.339222758175726 ] ] ] } },
{ "type": "Feature", "properties": { "grid_id": "HYD_1410" }, "geometry": { "type": "Polygon", "coordinates": [ [ [ 78.623182659614429, 17.330191328974326 ], [ 78.632585867057955, 17.330302774728903 ], [ 78.632701635653035, 17.321271274994832 ], [ 78.623298886981132, 17.321159890881855 ], [ 78.623182659614429, 17.330191328974326 ] ] ] } },
{ "type": "Feature", "properties": { "grid_id": "HYD_1411" }, "geometry": { "type": "Polygon", "coordinates": [ [ [ 78.623298886981132, 17.321159890881855 ], [ 78.632701635653035, 17.321271274994832 ], [ 78.632817334443402, 17.31223976637969 ], [ 78.623415044266636, 17.312128443902512 ], [ 78.623298886981132, 17.321159890881855 ] ] ] } },
{ "type": "Feature", "properties": { "grid_id": "HYD_1412" }, "geometry": { "type": "Polygon", "coordinates": [ [ [ 78.623415044266636, 17.312128443902512 ], [ 78.632817334443402, 17.31223976637969 ], [ 78.632932963444901, 17.303208248887664 ], [ 78.623531131486899, 17.30309698804048 ], [ 78.623415044266636, 17.312128443902512 ] ] ] } },
{ "type": "Feature", "properties": { "grid_id": "HYD_1413" }, "geometry": { "type": "Polygon", "coordinates": [ [ [ 78.623531131486899, 17.30309698804048 ], [ 78.632932963444901, 17.303208248887664 ], [ 78.633048522673434, 17.294176722522941 ], [ 78.623647148657824, 17.29406552329996 ], [ 78.623531131486899, 17.30309698804048 ] ] ] } },
{ "type": "Feature", "properties": { "grid_id": "HYD_1414" }, "geometry": { "type": "Polygon", "coordinates": [ [ [ 78.623647148657824, 17.29406552329996 ], [ 78.633048522673434, 17.294176722522941 ], [ 78.633164012144803, 17.285145187289704 ], [ 78.623763095795326, 17.285034049685134 ], [ 78.623647148657824, 17.29406552329996 ] ] ] } },
{ "type": "Feature", "properties": { "grid_id": "HYD_1415" }, "geometry": { "type": "Polygon", "coordinates": [ [ [ 78.623763095795326, 17.285034049685134 ], [ 78.633164012144803, 17.285145187289704 ], [ 78.633279431874868, 17.276113643192161 ], [ 78.623878972915278, 17.276002567200216 ], [ 78.623763095795326, 17.285034049685134 ] ] ] } },
{ "type": "Feature", "properties": { "grid_id": "HYD_1416" }, "geometry": { "type": "Polygon", "coordinates": [ [ [ 78.623878972915278, 17.276002567200216 ], [ 78.633279431874868, 17.276113643192161 ], [ 78.633394781879431, 17.267082090234489 ], [ 78.623994780033584, 17.266971075849376 ], [ 78.623878972915278, 17.276002567200216 ] ] ] } },
{ "type": "Feature", "properties": { "grid_id": "HYD_1417" }, "geometry": { "type": "Polygon", "coordinates": [ [ [ 78.623994780033584, 17.266971075849376 ], [ 78.633394781879431, 17.267082090234489 ], [ 78.633510062174309, 17.258050528420881 ], [ 78.624110517166102, 17.257939575636829 ], [ 78.623994780033584, 17.266971075849376 ] ] ] } },
{ "type": "Feature", "properties": { "grid_id": "HYD_1418" }, "geometry": { "type": "Polygon", "coordinates": [ [ [ 78.629668919005709, 17.556087369494396 ], [ 78.639083755997916, 17.556199911241634 ], [ 78.639200809180849, 17.547168573350085 ], [ 78.629786437908677, 17.547056093146441 ], [ 78.629668919005709, 17.556087369494396 ] ] ] } },
{ "type": "Feature", "properties": { "grid_id": "HYD_1419" }, "geometry": { "type": "Polygon", "coordinates": [ [ [ 78.629786437908677, 17.547056093146441 ], [ 78.639200809180849, 17.547168573350085 ], [ 78.639317792436771, 17.538137226478842 ], [ 78.629903886606542, 17.538024807812917 ], [ 78.629786437908677, 17.547056093146441 ] ] ] } },
{ "type": "Feature", "properties": { "grid_id": "HYD_1420" }, "geometry": { "type": "Polygon", "coordinates": [ [ [ 78.629903886606542, 17.538024807812917 ], [ 78.639317792436771, 17.538137226478842 ], [ 78.639434705781738, 17.529105870632076 ], [ 78.630021265115474, 17.528993513498001 ], [ 78.629903886606542, 17.538024807812917 ] ] ] } },
{ "type": "Feature", "properties": { "grid_id": "HYD_1421" }, "geometry": { "type": "Polygon", "coordinates": [ [ [ 78.630021265115474, 17.528993513498001 ], [ 78.639434705781738, 17.529105870632076 ], [ 78.63955154923184, 17.520074505813962 ], [ 78.630138573451603, 17.519962210205861 ], [ 78.630021265115474, 17.528993513498001 ] ] ] } },
{ "type": "Feature", "properties": { "grid_id": "HYD_1422" }, "geometry": { "type": "Polygon", "coordinates": [ [ [ 78.630138573451603, 17.519962210205861 ], [ 78.63955154923184, 17.520074505813962 ], [ 78.639668322803146, 17.511043132028657 ], [ 78.630255811631059, 17.510930897940671 ], [ 78.630138573451603, 17.519962210205861 ] ] ] } },
{ "type": "Feature", "properties": { "grid_id": "HYD_1423" }, "geometry": { "type": "Polygon", "coordinates": [ [ [ 78.630255811631059, 17.510930897940671 ], [ 78.639668322803146, 17.511043132028657 ], [ 78.639785026511703, 17.502011749280342 ], [ 78.630372979669957, 17.501899576706613 ], [ 78.630255811631059, 17.510930897940671 ] ] ] } },
{ "type": "Feature", "properties": { "grid_id": "HYD_1424" }, "geometry": { "type": "Polygon", "coordinates": [ [ [ 78.630372979669957, 17.501899576706613 ], [ 78.639785026511703, 17.502011749280342 ], [ 78.639901660373567, 17.492980357573174 ], [ 78.630490077584412, 17.492868246507843 ], [ 78.630372979669957, 17.501899576706613 ] ] ] } },
{ "type": "Feature", "properties": { "grid_id": "HYD_1425" }, "geometry": { "type": "Polygon", "coordinates": [ [ [ 78.630490077584412, 17.492868246507843 ], [ 78.639901660373567, 17.492980357573174 ], [ 78.640018224404756, 17.483948956911338 ], [ 78.630607105390538, 17.483836907348547 ], [ 78.630490077584412, 17.492868246507843 ] ] ] } },
{ "type": "Feature", "properties": { "grid_id": "HYD_1426" }, "geometry": { "type": "Polygon", "coordinates": [ [ [ 78.630607105390538, 17.483836907348547 ], [ 78.640018224404756, 17.483948956911338 ], [ 78.640134718621297, 17.474917547298997 ], [ 78.630724063104381, 17.474805559232902 ], [ 78.630607105390538, 17.483836907348547 ] ] ] } },
{ "type": "Feature", "properties": { "grid_id": "HYD_1427" }, "geometry": { "type": "Polygon", "coordinates": [ [ [ 78.630724063104381, 17.474805559232902 ], [ 78.640134718621297, 17.474917547298997 ], [ 78.640251143039194, 17.465886128740333 ], [ 78.630840950742041, 17.465774202165083 ], [ 78.630724063104381, 17.474805559232902 ] ] ] } },
{ "type": "Feature", "properties": { "grid_id": "HYD_1428" }, "geometry": { "type": "Polygon", "coordinates": [ [ [ 78.630840950742041, 17.465774202165083 ], [ 78.640251143039194, 17.465886128740333 ], [ 78.640367497674447, 17.456854701239511 ], [ 78.630957768319561, 17.456742836149271 ], [ 78.630840950742041, 17.465774202165083 ] ] ] } },
{ "type": "Feature", "properties": { "grid_id": "HYD_1429" }, "geometry": { "type": "Polygon", "coordinates": [ [ [ 78.630957768319561, 17.456742836149271 ], [ 78.640367497674447, 17.456854701239511 ], [ 78.640483782543043, 17.447823264800704 ], [ 78.631074515853001, 17.447711461189638 ], [ 78.630957768319561, 17.456742836149271 ] ] ] } },
{ "type": "Feature", "properties": { "grid_id": "HYD_1430" }, "geometry": { "type": "Polygon", "coordinates": [ [ [ 78.631074515853001, 17.447711461189638 ], [ 78.640483782543043, 17.447823264800704 ], [ 78.640599997660971, 17.438791819428097 ], [ 78.63119119335839, 17.438680077290357 ], [ 78.631074515853001, 17.447711461189638 ] ] ] } },
{ "type": "Feature", "properties": { "grid_id": "HYD_1431" }, "geometry": { "type": "Polygon", "coordinates": [ [ [ 78.63119119335839, 17.438680077290357 ], [ 78.640599997660971, 17.438791819428097 ], [ 78.640716143044159, 17.429760365125851 ], [ 78.631307800851786, 17.429648684455625 ], [ 78.63119119335839, 17.438680077290357 ] ] ] } },
{ "type": "Feature", "properties": { "grid_id": "HYD_1432" }, "geometry": { "type": "Polygon", "coordinates": [ [ [ 78.631307800851786, 17.429648684455625 ], [ 78.640716143044159, 17.429760365125851 ], [ 78.64083221870861, 17.420728901898151 ], [ 78.631424338349163, 17.420617282689602 ], [ 78.631307800851786, 17.429648684455625 ] ] ] } },
{ "type": "Feature", "properties": { "grid_id": "HYD_1433" }, "geometry": { "type": "Polygon", "coordinates": [ [ [ 78.631424338349163, 17.420617282689602 ], [ 78.64083221870861, 17.420728901898151 ], [ 78.640948224670211, 17.411697429749175 ], [ 78.63154080586655, 17.411585871996479 ], [ 78.631424338349163, 17.420617282689602 ] ] ] } },
{ "type": "Feature", "properties": { "grid_id": "HYD_1434" }, "geometry": { "type": "Polygon", "coordinates": [ [ [ 78.63154080586655, 17.411585871996479 ], [ 78.640948224670211, 17.411697429749175 ], [ 78.641064160944921, 17.402665948683097 ], [ 78.63165720341992, 17.402554452380439 ], [ 78.63154080586655, 17.411585871996479 ] ] ] } },
{ "type": "Feature", "properties": { "grid_id": "HYD_1435" }, "geometry": { "type": "Polygon", "coordinates": [ [ [ 78.63165720341992, 17.402554452380439 ], [ 78.641064160944921, 17.402665948683097 ], [ 78.641180027548657, 17.393634458704092 ], [ 78.63177353102526, 17.393523023845653 ], [ 78.63165720341992, 17.402554452380439 ] ] ] } },
{ "type": "Feature", "properties": { "grid_id": "HYD_1436" }, "geometry": { "type": "Polygon", "coordinates": [ [ [ 78.63177353102526, 17.393523023845653 ], [ 78.641180027548657, 17.393634458704092 ], [ 78.641295824497334, 17.384602959816341 ], [ 78.631889788698558, 17.384491586396319 ], [ 78.63177353102526, 17.393523023845653 ] ] ] } },
{ "type": "Feature", "properties": { "grid_id": "HYD_1437" }, "geometry": { "type": "Polygon", "coordinates": [ [ [ 78.631889788698558, 17.384491586396319 ], [ 78.641295824497334, 17.384602959816341 ], [ 78.641411551806812, 17.37557145202403 ], [ 78.632005976455758, 17.375460140036608 ], [ 78.631889788698558, 17.384491586396319 ] ] ] } },
{ "type": "Feature", "properties": { "grid_id": "HYD_1438" }, "geometry": { "type": "Polygon", "coordinates": [ [ [ 78.632005976455758, 17.375460140036608 ], [ 78.641411551806812, 17.37557145202403 ], [ 78.641527209492992, 17.366539935331328 ], [ 78.632122094312791, 17.366428684770707 ], [ 78.632005976455758, 17.375460140036608 ] ] ] } },
{ "type": "Feature", "properties": { "grid_id": "HYD_1439" }, "geometry": { "type": "Polygon", "coordinates": [ [ [ 78.632122094312791, 17.366428684770707 ], [ 78.641527209492992, 17.366539935331328 ], [ 78.641642797571762, 17.357508409742419 ], [ 78.632238142285615, 17.357397220602806 ], [ 78.632122094312791, 17.366428684770707 ] ] ] } },
{ "type": "Feature", "properties": { "grid_id": "HYD_1440" }, "geometry": { "type": "Polygon", "coordinates": [ [ [ 78.632238142285615, 17.357397220602806 ], [ 78.641642797571762, 17.357508409742419 ], [ 78.641758316058969, 17.348476875261493 ], [ 78.632354120390147, 17.348365747537073 ], [ 78.632238142285615, 17.357397220602806 ] ] ] } },
{ "type": "Feature", "properties": { "grid_id": "HYD_1441" }, "geometry": { "type": "Polygon", "coordinates": [ [ [ 78.632354120390147, 17.348365747537073 ], [ 78.641758316058969, 17.348476875261493 ], [ 78.64187376497047, 17.339445331892716 ], [ 78.632470028642302, 17.339334265577708 ], [ 78.632354120390147, 17.348365747537073 ] ] ] } },
{ "type": "Feature", "properties": { "grid_id": "HYD_1442" }, "geometry": { "type": "Polygon", "coordinates": [ [ [ 78.632470028642302, 17.339334265577708 ], [ 78.64187376497047, 17.339445331892716 ], [ 78.641989144322096, 17.330413779640288 ], [ 78.632585867057955, 17.330302774728903 ], [ 78.632470028642302, 17.339334265577708 ] ] ] } },
{ "type": "Feature", "properties": { "grid_id": "HYD_1443" }, "geometry": { "type": "Polygon", "coordinates": [ [ [ 78.632585867057955, 17.330302774728903 ], [ 78.641989144322096, 17.330413779640288 ], [ 78.642104454129665, 17.321382218508379 ], [ 78.632701635653035, 17.321271274994832 ], [ 78.632585867057955, 17.330302774728903 ] ] ] } },
{ "type": "Feature", "properties": { "grid_id": "HYD_1444" }, "geometry": { "type": "Polygon", "coordinates": [ [ [ 78.632701635653035, 17.321271274994832 ], [ 78.642104454129665, 17.321382218508379 ], [ 78.642219694409008, 17.312350648501173 ], [ 78.632817334443402, 17.31223976637969 ], [ 78.632701635653035, 17.321271274994832 ] ] ] } },
{ "type": "Feature", "properties": { "grid_id": "HYD_1445" }, "geometry": { "type": "Polygon", "coordinates": [ [ [ 78.632817334443402, 17.31223976637969 ], [ 78.642219694409008, 17.312350648501173 ], [ 78.642334865175911, 17.303319069622862 ], [ 78.632932963444901, 17.303208248887664 ], [ 78.632817334443402, 17.31223976637969 ] ] ] } },
{ "type": "Feature", "properties": { "grid_id": "HYD_1446" }, "geometry": { "type": "Polygon", "coordinates": [ [ [ 78.632932963444901, 17.303208248887664 ], [ 78.642334865175911, 17.303319069622862 ], [ 78.642449966446193, 17.294287481877628 ], [ 78.633048522673434, 17.294176722522941 ], [ 78.632932963444901, 17.303208248887664 ] ] ] } },
{ "type": "Feature", "properties": { "grid_id": "HYD_1447" }, "geometry": { "type": "Polygon", "coordinates": [ [ [ 78.633048522673434, 17.294176722522941 ], [ 78.642449966446193, 17.294287481877628 ], [ 78.642564998235613, 17.28525588526966 ], [ 78.633164012144803, 17.285145187289704 ], [ 78.633048522673434, 17.294176722522941 ] ] ] } },
{ "type": "Feature", "properties": { "grid_id": "HYD_1448" }, "geometry": { "type": "Polygon", "coordinates": [ [ [ 78.633164012144803, 17.285145187289704 ], [ 78.642564998235613, 17.28525588526966 ], [ 78.642679960559946, 17.276224279803142 ], [ 78.633279431874868, 17.276113643192161 ], [ 78.633164012144803, 17.285145187289704 ] ] ] } },
{ "type": "Feature", "properties": { "grid_id": "HYD_1449" }, "geometry": { "type": "Polygon", "coordinates": [ [ [ 78.633279431874868, 17.276113643192161 ], [ 78.642679960559946, 17.276224279803142 ], [ 78.64279485343495, 17.267192665482256 ], [ 78.633394781879431, 17.267082090234489 ], [ 78.633279431874868, 17.276113643192161 ] ] ] } },
{ "type": "Feature", "properties": { "grid_id": "HYD_1450" }, "geometry": { "type": "Polygon", "coordinates": [ [ [ 78.639434705781738, 17.529105870632076 ], [ 78.64884821634287, 17.529217781539764 ], [ 78.648964594890884, 17.520186355439947 ], [ 78.63955154923184, 17.520074505813962 ], [ 78.639434705781738, 17.529105870632076 ] ] ] } },
{ "type": "Feature", "properties": { "grid_id": "HYD_1451" }, "geometry": { "type": "Polygon", "coordinates": [ [ [ 78.63955154923184, 17.520074505813962 ], [ 78.648964594890884, 17.520186355439947 ], [ 78.649080903837984, 17.511154920378786 ], [ 78.639668322803146, 17.511043132028657 ], [ 78.63955154923184, 17.520074505813962 ] ] ] } },
{ "type": "Feature", "properties": { "grid_id": "HYD_1452" }, "geometry": { "type": "Polygon", "coordinates": [ [ [ 78.639668322803146, 17.511043132028657 ], [ 78.649080903837984, 17.511154920378786 ], [ 78.649197143200155, 17.502123476360442 ], [ 78.639785026511703, 17.502011749280342 ], [ 78.639668322803146, 17.511043132028657 ] ] ] } },
{ "type": "Feature", "properties": { "grid_id": "HYD_1453" }, "geometry": { "type": "Polygon", "coordinates": [ [ [ 78.639785026511703, 17.502011749280342 ], [ 78.649197143200155, 17.502123476360442 ], [ 78.649313312993371, 17.493092023389092 ], [ 78.639901660373567, 17.492980357573174 ], [ 78.639785026511703, 17.502011749280342 ] ] ] } },
{ "type": "Feature", "properties": { "grid_id": "HYD_1454" }, "geometry": { "type": "Polygon", "coordinates": [ [ [ 78.639901660373567, 17.492980357573174 ], [ 78.649313312993371, 17.493092023389092 ], [ 78.649429413233619, 17.484060561468898 ], [ 78.640018224404756, 17.483948956911338 ], [ 78.639901660373567, 17.492980357573174 ] ] ] } },
{ "type": "Feature", "properties": { "grid_id": "HYD_1455" }, "geometry": { "type": "Polygon", "coordinates": [ [ [ 78.640018224404756, 17.483948956911338 ], [ 78.649429413233619, 17.484060561468898 ], [ 78.64954544393683, 17.475029090604025 ], [ 78.640134718621297, 17.474917547298997 ], [ 78.640018224404756, 17.483948956911338 ] ] ] } },
{ "type": "Feature", "properties": { "grid_id": "HYD_1456" }, "geometry": { "type": "Polygon", "coordinates": [ [ [ 78.640134718621297, 17.474917547298997 ], [ 78.64954544393683, 17.475029090604025 ], [ 78.649661405118977, 17.465997610798642 ], [ 78.640251143039194, 17.465886128740333 ], [ 78.640134718621297, 17.474917547298997 ] ] ] } },
{ "type": "Feature", "properties": { "grid_id": "HYD_1457" }, "geometry": { "type": "Polygon", "coordinates": [ [ [ 78.640251143039194, 17.465886128740333 ], [ 78.649661405118977, 17.465997610798642 ], [ 78.649777296795975, 17.456966122056926 ], [ 78.640367497674447, 17.456854701239511 ], [ 78.640251143039194, 17.465886128740333 ] ] ] } },
{ "type": "Feature", "properties": { "grid_id": "HYD_1458" }, "geometry": { "type": "Polygon", "coordinates": [ [ [ 78.640367497674447, 17.456854701239511 ], [ 78.649777296795975, 17.456966122056926 ], [ 78.649893118983769, 17.447934624383048 ], [ 78.640483782543043, 17.447823264800704 ], [ 78.640367497674447, 17.456854701239511 ] ] ] } },
{ "type": "Feature", "properties": { "grid_id": "HYD_1459" }, "geometry": { "type": "Polygon", "coordinates": [ [ [ 78.640483782543043, 17.447823264800704 ], [ 78.649893118983769, 17.447934624383048 ], [ 78.650008871698248, 17.438903117781173 ], [ 78.640599997660971, 17.438791819428097 ], [ 78.640483782543043, 17.447823264800704 ] ] ] } },
{ "type": "Feature", "properties": { "grid_id": "HYD_1460" }, "geometry": { "type": "Polygon", "coordinates": [ [ [ 78.640599997660971, 17.438791819428097 ], [ 78.650008871698248, 17.438903117781173 ], [ 78.650124554955312, 17.429871602255471 ], [ 78.640716143044159, 17.429760365125851 ], [ 78.640599997660971, 17.438791819428097 ] ] ] } },
{ "type": "Feature", "properties": { "grid_id": "HYD_1461" }, "geometry": { "type": "Polygon", "coordinates": [ [ [ 78.640716143044159, 17.429760365125851 ], [ 78.650124554955312, 17.429871602255471 ], [ 78.650240168770864, 17.420840077810109 ], [ 78.64083221870861, 17.420728901898151 ], [ 78.640716143044159, 17.429760365125851 ] ] ] } },
{ "type": "Feature", "properties": { "grid_id": "HYD_1462" }, "geometry": { "type": "Polygon", "coordinates": [ [ [ 78.64083221870861, 17.420728901898151 ], [ 78.650240168770864, 17.420840077810109 ], [ 78.650355713160792, 17.411808544449283 ], [ 78.640948224670211, 17.411697429749175 ], [ 78.64083221870861, 17.420728901898151 ] ] ] } },
{ "type": "Feature", "properties": { "grid_id": "HYD_1463" }, "geometry": { "type": "Polygon", "coordinates": [ [ [ 78.640948224670211, 17.411697429749175 ], [ 78.650355713160792, 17.411808544449283 ], [ 78.650471188140912, 17.402777002177142 ], [ 78.641064160944921, 17.402665948683097 ], [ 78.640948224670211, 17.411697429749175 ] ] ] } },
{ "type": "Feature", "properties": { "grid_id": "HYD_1464" }, "geometry": { "type": "Polygon", "coordinates": [ [ [ 78.641064160944921, 17.402665948683097 ], [ 78.650471188140912, 17.402777002177142 ], [ 78.650586593727127, 17.393745450997873 ], [ 78.641180027548657, 17.393634458704092 ], [ 78.641064160944921, 17.402665948683097 ] ] ] } },
{ "type": "Feature", "properties": { "grid_id": "HYD_1465" }, "geometry": { "type": "Polygon", "coordinates": [ [ [ 78.641180027548657, 17.393634458704092 ], [ 78.650586593727127, 17.393745450997873 ], [ 78.650701929935266, 17.384713890915645 ], [ 78.641295824497334, 17.384602959816341 ], [ 78.641180027548657, 17.393634458704092 ] ] ] } },
{ "type": "Feature", "properties": { "grid_id": "HYD_1466" }, "geometry": { "type": "Polygon", "coordinates": [ [ [ 78.641295824497334, 17.384602959816341 ], [ 78.650701929935266, 17.384713890915645 ], [ 78.650817196781162, 17.375682321934633 ], [ 78.641411551806812, 17.37557145202403 ], [ 78.641295824497334, 17.384602959816341 ] ] ] } },
{ "type": "Feature", "properties": { "grid_id": "HYD_1467" }, "geometry": { "type": "Polygon", "coordinates": [ [ [ 78.641411551806812, 17.37557145202403 ], [ 78.650817196781162, 17.375682321934633 ], [ 78.65093239428063, 17.366650744059015 ], [ 78.641527209492992, 17.366539935331328 ], [ 78.641411551806812, 17.37557145202403 ] ] ] } },
{ "type": "Feature", "properties": { "grid_id": "HYD_1468" }, "geometry": { "type": "Polygon", "coordinates": [ [ [ 78.641527209492992, 17.366539935331328 ], [ 78.65093239428063, 17.366650744059015 ], [ 78.651047522449474, 17.357619157292977 ], [ 78.641642797571762, 17.357508409742419 ], [ 78.641527209492992, 17.366539935331328 ] ] ] } },
{ "type": "Feature", "properties": { "grid_id": "HYD_1469" }, "geometry": { "type": "Polygon", "coordinates": [ [ [ 78.641642797571762, 17.357508409742419 ], [ 78.651047522449474, 17.357619157292977 ], [ 78.65116258130351, 17.348587561640681 ], [ 78.641758316058969, 17.348476875261493 ], [ 78.641642797571762, 17.357508409742419 ] ] ] } },
{ "type": "Feature", "properties": { "grid_id": "HYD_1470" }, "geometry": { "type": "Polygon", "coordinates": [ [ [ 78.641758316058969, 17.348476875261493 ], [ 78.65116258130351, 17.348587561640681 ], [ 78.651277570858511, 17.339555957106306 ], [ 78.64187376497047, 17.339445331892716 ], [ 78.641758316058969, 17.348476875261493 ] ] ] } },
{ "type": "Feature", "properties": { "grid_id": "HYD_1471" }, "geometry": { "type": "Polygon", "coordinates": [ [ [ 78.64187376497047, 17.339445331892716 ], [ 78.651277570858511, 17.339555957106306 ], [ 78.651392491130267, 17.330524343694048 ], [ 78.641989144322096, 17.330413779640288 ], [ 78.64187376497047, 17.339445331892716 ] ] ] } },
{ "type": "Feature", "properties": { "grid_id": "HYD_1472" }, "geometry": { "type": "Polygon", "coordinates": [ [ [ 78.641989144322096, 17.330413779640288 ], [ 78.651392491130267, 17.330524343694048 ], [ 78.651507342134522, 17.321492721408074 ], [ 78.642104454129665, 17.321382218508379 ], [ 78.641989144322096, 17.330413779640288 ] ] ] } },
{ "type": "Feature", "properties": { "grid_id": "HYD_1473" }, "geometry": { "type": "Polygon", "coordinates": [ [ [ 78.642104454129665, 17.321382218508379 ], [ 78.651507342134522, 17.321492721408074 ], [ 78.651622123887023, 17.312461090252555 ], [ 78.642219694409008, 17.312350648501173 ], [ 78.642104454129665, 17.321382218508379 ] ] ] } },
{ "type": "Feature", "properties": { "grid_id": "HYD_1474" }, "geometry": { "type": "Polygon", "coordinates": [ [ [ 78.642219694409008, 17.312350648501173 ], [ 78.651622123887023, 17.312461090252555 ], [ 78.651736836403543, 17.30342945023169 ], [ 78.642334865175911, 17.303319069622862 ], [ 78.642219694409008, 17.312350648501173 ] ] ] } },
{ "type": "Feature", "properties": { "grid_id": "HYD_1475" }, "geometry": { "type": "Polygon", "coordinates": [ [ [ 78.642334865175911, 17.303319069622862 ], [ 78.651736836403543, 17.30342945023169 ], [ 78.651851479699786, 17.294397801349653 ], [ 78.642449966446193, 17.294287481877628 ], [ 78.642334865175911, 17.303319069622862 ] ] ] } },
{ "type": "Feature", "properties": { "grid_id": "HYD_1476" }, "geometry": { "type": "Polygon", "coordinates": [ [ [ 78.642449966446193, 17.294287481877628 ], [ 78.651851479699786, 17.294397801349653 ], [ 78.651966053791497, 17.28536614361062 ], [ 78.642564998235613, 17.28525588526966 ], [ 78.642449966446193, 17.294287481877628 ] ] ] } },
{ "type": "Feature", "properties": { "grid_id": "HYD_1477" }, "geometry": { "type": "Polygon", "coordinates": [ [ [ 78.642564998235613, 17.28525588526966 ], [ 78.651966053791497, 17.28536614361062 ], [ 78.652080558694351, 17.276334477018786 ], [ 78.642679960559946, 17.276224279803142 ], [ 78.642564998235613, 17.28525588526966 ] ] ] } },
{ "type": "Feature", "properties": { "grid_id": "HYD_1478" }, "geometry": { "type": "Polygon", "coordinates": [ [ [ 78.648964594890884, 17.520186355439947 ], [ 78.658377710150859, 17.520297759069276 ], [ 78.658493554457749, 17.511266262976513 ], [ 78.649080903837984, 17.511154920378786 ], [ 78.648964594890884, 17.520186355439947 ] ] ] } },
{ "type": "Feature", "properties": { "grid_id": "HYD_1479" }, "geometry": { "type": "Polygon", "coordinates": [ [ [ 78.649080903837984, 17.511154920378786 ], [ 78.658493554457749, 17.511266262976513 ], [ 78.658609329457548, 17.502234757932392 ], [ 78.649197143200155, 17.502123476360442 ], [ 78.649080903837984, 17.511154920378786 ] ] ] } },
{ "type": "Feature", "properties": { "grid_id": "HYD_1480" }, "geometry": { "type": "Polygon", "coordinates": [ [ [ 78.649197143200155, 17.502123476360442 ], [ 78.658609329457548, 17.502234757932392 ], [ 78.658725035166157, 17.493203243941068 ], [ 78.649313312993371, 17.493092023389092 ], [ 78.649197143200155, 17.502123476360442 ] ] ] } },
{ "type": "Feature", "properties": { "grid_id": "HYD_1481" }, "geometry": { "type": "Polygon", "coordinates": [ [ [ 78.649313312993371, 17.493092023389092 ], [ 78.658725035166157, 17.493203243941068 ], [ 78.658840671599506, 17.484171721006707 ], [ 78.649429413233619, 17.484060561468898 ], [ 78.649313312993371, 17.493092023389092 ] ] ] } },
{ "type": "Feature", "properties": { "grid_id": "HYD_1482" }, "geometry": { "type": "Polygon", "coordinates": [ [ [ 78.649429413233619, 17.484060561468898 ], [ 78.658840671599506, 17.484171721006707 ], [ 78.658956238773456, 17.475140189133469 ], [ 78.64954544393683, 17.475029090604025 ], [ 78.649429413233619, 17.484060561468898 ] ] ] } },
{ "type": "Feature", "properties": { "grid_id": "HYD_1483" }, "geometry": { "type": "Polygon", "coordinates": [ [ [ 78.64954544393683, 17.475029090604025 ], [ 78.658956238773456, 17.475140189133469 ], [ 78.659071736703908, 17.46610864832553 ], [ 78.649661405118977, 17.465997610798642 ], [ 78.64954544393683, 17.475029090604025 ] ] ] } },
{ "type": "Feature", "properties": { "grid_id": "HYD_1484" }, "geometry": { "type": "Polygon", "coordinates": [ [ [ 78.649661405118977, 17.465997610798642 ], [ 78.659071736703908, 17.46610864832553 ], [ 78.659187165406735, 17.45707709858705 ], [ 78.649777296795975, 17.456966122056926 ], [ 78.649661405118977, 17.465997610798642 ] ] ] } },
{ "type": "Feature", "properties": { "grid_id": "HYD_1485" }, "geometry": { "type": "Polygon", "coordinates": [ [ [ 78.649777296795975, 17.456966122056926 ], [ 78.659187165406735, 17.45707709858705 ], [ 78.659302524897797, 17.448045539922187 ], [ 78.649893118983769, 17.447934624383048 ], [ 78.649777296795975, 17.456966122056926 ] ] ] } },
{ "type": "Feature", "properties": { "grid_id": "HYD_1486" }, "geometry": { "type": "Polygon", "coordinates": [ [ [ 78.649893118983769, 17.447934624383048 ], [ 78.659302524897797, 17.448045539922187 ], [ 78.659417815192938, 17.439013972335129 ], [ 78.650008871698248, 17.438903117781173 ], [ 78.649893118983769, 17.447934624383048 ] ] ] } },
{ "type": "Feature", "properties": { "grid_id": "HYD_1487" }, "geometry": { "type": "Polygon", "coordinates": [ [ [ 78.650008871698248, 17.438903117781173 ], [ 78.659417815192938, 17.439013972335129 ], [ 78.659533036307977, 17.42998239583002 ], [ 78.650124554955312, 17.429871602255471 ], [ 78.650008871698248, 17.438903117781173 ] ] ] } },
{ "type": "Feature", "properties": { "grid_id": "HYD_1488" }, "geometry": { "type": "Polygon", "coordinates": [ [ [ 78.650124554955312, 17.429871602255471 ], [ 78.659533036307977, 17.42998239583002 ], [ 78.659648188258771, 17.420950810411036 ], [ 78.650240168770864, 17.420840077810109 ], [ 78.650124554955312, 17.429871602255471 ] ] ] } },
{ "type": "Feature", "properties": { "grid_id": "HYD_1489" }, "geometry": { "type": "Polygon", "coordinates": [ [ [ 78.650240168770864, 17.420840077810109 ], [ 78.659648188258771, 17.420950810411036 ], [ 78.659763271061109, 17.41191921608236 ], [ 78.650355713160792, 17.411808544449283 ], [ 78.650240168770864, 17.420840077810109 ] ] ] } },
{ "type": "Feature", "properties": { "grid_id": "HYD_1490" }, "geometry": { "type": "Polygon", "coordinates": [ [ [ 78.650355713160792, 17.411808544449283 ], [ 78.659763271061109, 17.41191921608236 ], [ 78.659878284730823, 17.402887612848147 ], [ 78.650471188140912, 17.402777002177142 ], [ 78.650355713160792, 17.411808544449283 ] ] ] } },
{ "type": "Feature", "properties": { "grid_id": "HYD_1491" }, "geometry": { "type": "Polygon", "coordinates": [ [ [ 78.650471188140912, 17.402777002177142 ], [ 78.659878284730823, 17.402887612848147 ], [ 78.659993229283671, 17.393856000712571 ], [ 78.650586593727127, 17.393745450997873 ], [ 78.650471188140912, 17.402777002177142 ] ] ] } },
{ "type": "Feature", "properties": { "grid_id": "HYD_1492" }, "geometry": { "type": "Polygon", "coordinates": [ [ [ 78.650586593727127, 17.393745450997873 ], [ 78.659993229283671, 17.393856000712571 ], [ 78.660108104735443, 17.384824379679802 ], [ 78.650701929935266, 17.384713890915645 ], [ 78.650586593727127, 17.393745450997873 ] ] ] } },
{ "type": "Feature", "properties": { "grid_id": "HYD_1493" }, "geometry": { "type": "Polygon", "coordinates": [ [ [ 78.650701929935266, 17.384713890915645 ], [ 78.660108104735443, 17.384824379679802 ], [ 78.660222911101926, 17.375792749754019 ], [ 78.650817196781162, 17.375682321934633 ], [ 78.650701929935266, 17.384713890915645 ] ] ] } },
{ "type": "Feature", "properties": { "grid_id": "HYD_1494" }, "geometry": { "type": "Polygon", "coordinates": [ [ [ 78.650817196781162, 17.375682321934633 ], [ 78.660222911101926, 17.375792749754019 ], [ 78.660337648398865, 17.366761110939382 ], [ 78.65093239428063, 17.366650744059015 ], [ 78.650817196781162, 17.375682321934633 ] ] ] } },
{ "type": "Feature", "properties": { "grid_id": "HYD_1495" }, "geometry": { "type": "Polygon", "coordinates": [ [ [ 78.65093239428063, 17.366650744059015 ], [ 78.660337648398865, 17.366761110939382 ], [ 78.660452316642008, 17.357729463240069 ], [ 78.651047522449474, 17.357619157292977 ], [ 78.65093239428063, 17.366650744059015 ] ] ] } },
{ "type": "Feature", "properties": { "grid_id": "HYD_1496" }, "geometry": { "type": "Polygon", "coordinates": [ [ [ 78.651047522449474, 17.357619157292977 ], [ 78.660452316642008, 17.357729463240069 ], [ 78.660566915847085, 17.348697806660258 ], [ 78.65116258130351, 17.348587561640681 ], [ 78.651047522449474, 17.357619157292977 ] ] ] } },
{ "type": "Feature", "properties": { "grid_id": "HYD_1497" }, "geometry": { "type": "Polygon", "coordinates": [ [ [ 78.65116258130351, 17.348587561640681 ], [ 78.660566915847085, 17.348697806660258 ], [ 78.660681446029812, 17.339666141204116 ], [ 78.651277570858511, 17.339555957106306 ], [ 78.65116258130351, 17.348587561640681 ] ] ] } },
{ "type": "Feature", "properties": { "grid_id": "HYD_1498" }, "geometry": { "type": "Polygon", "coordinates": [ [ [ 78.651277570858511, 17.339555957106306 ], [ 78.660681446029812, 17.339666141204116 ], [ 78.660795907205923, 17.330634466875825 ], [ 78.651392491130267, 17.330524343694048 ], [ 78.651277570858511, 17.339555957106306 ] ] ] } },
{ "type": "Feature", "properties": { "grid_id": "HYD_1499" }, "geometry": { "type": "Polygon", "coordinates": [ [ [ 78.651392491130267, 17.330524343694048 ], [ 78.660795907205923, 17.330634466875825 ], [ 78.660910299391105, 17.321602783679563 ], [ 78.651507342134522, 17.321492721408074 ], [ 78.651392491130267, 17.330524343694048 ] ] ] } },
{ "type": "Feature", "properties": { "grid_id": "HYD_1500" }, "geometry": { "type": "Polygon", "coordinates": [ [ [ 78.651507342134522, 17.321492721408074 ], [ 78.660910299391105, 17.321602783679563 ], [ 78.661024622601062, 17.312571091619496 ], [ 78.651622123887023, 17.312461090252555 ], [ 78.651507342134522, 17.321492721408074 ] ] ] } },
{ "type": "Feature", "properties": { "grid_id": "HYD_1501" }, "geometry": { "type": "Polygon", "coordinates": [ [ [ 78.651622123887023, 17.312461090252555 ], [ 78.661024622601062, 17.312571091619496 ], [ 78.661138876851453, 17.303539390699804 ], [ 78.651736836403543, 17.30342945023169 ], [ 78.651622123887023, 17.312461090252555 ] ] ] } },
{ "type": "Feature", "properties": { "grid_id": "HYD_1502" }, "geometry": { "type": "Polygon", "coordinates": [ [ [ 78.651736836403543, 17.30342945023169 ], [ 78.661138876851453, 17.303539390699804 ], [ 78.661253062157954, 17.294507680924674 ], [ 78.651851479699786, 17.294397801349653 ], [ 78.651736836403543, 17.30342945023169 ] ] ] } },
{ "type": "Feature", "properties": { "grid_id": "HYD_1503" }, "geometry": { "type": "Polygon", "coordinates": [ [ [ 78.651851479699786, 17.294397801349653 ], [ 78.661253062157954, 17.294507680924674 ], [ 78.66136717853621, 17.285475962298271 ], [ 78.651966053791497, 17.28536614361062 ], [ 78.651851479699786, 17.294397801349653 ] ] ] } },
{ "type": "Feature", "properties": { "grid_id": "HYD_1504" }, "geometry": { "type": "Polygon", "coordinates": [ [ [ 78.658609329457548, 17.502234757932392 ], [ 78.668021585006116, 17.502345593981715 ], [ 78.66813682661423, 17.493314019214644 ], [ 78.658725035166157, 17.493203243941068 ], [ 78.658609329457548, 17.502234757932392 ] ] ] } },
{ "type": "Feature", "properties": { "grid_id": "HYD_1505" }, "geometry": { "type": "Polygon", "coordinates": [ [ [ 78.658725035166157, 17.493203243941068 ], [ 78.66813682661423, 17.493314019214644 ], [ 78.668251999224779, 17.484282435510323 ], [ 78.658840671599506, 17.484171721006707 ], [ 78.658725035166157, 17.493203243941068 ] ] ] } },
{ "type": "Feature", "properties": { "grid_id": "HYD_1506" }, "geometry": { "type": "Polygon", "coordinates": [ [ [ 78.658840671599506, 17.484171721006707 ], [ 78.668251999224779, 17.484282435510323 ], [ 78.66836710285358, 17.475250842872903 ], [ 78.658956238773456, 17.475140189133469 ], [ 78.658840671599506, 17.484171721006707 ] ] ] } },
{ "type": "Feature", "properties": { "grid_id": "HYD_1507" }, "geometry": { "type": "Polygon", "coordinates": [ [ [ 78.658956238773456, 17.475140189133469 ], [ 78.66836710285358, 17.475250842872903 ], [ 78.668482137516477, 17.466219241306554 ], [ 78.659071736703908, 17.46610864832553 ], [ 78.658956238773456, 17.475140189133469 ] ] ] } },
{ "type": "Feature", "properties": { "grid_id": "HYD_1508" }, "geometry": { "type": "Polygon", "coordinates": [ [ [ 78.659071736703908, 17.46610864832553 ], [ 78.668482137516477, 17.466219241306554 ], [ 78.668597103229274, 17.457187630815437 ], [ 78.659187165406735, 17.45707709858705 ], [ 78.659071736703908, 17.46610864832553 ] ] ] } },
{ "type": "Feature", "properties": { "grid_id": "HYD_1509" }, "geometry": { "type": "Polygon", "coordinates": [ [ [ 78.659187165406735, 17.45707709858705 ], [ 78.668597103229274, 17.457187630815437 ], [ 78.668712000007744, 17.448156011403714 ], [ 78.659302524897797, 17.448045539922187 ], [ 78.659187165406735, 17.45707709858705 ] ] ] } },
{ "type": "Feature", "properties": { "grid_id": "HYD_1510" }, "geometry": { "type": "Polygon", "coordinates": [ [ [ 78.659302524897797, 17.448045539922187 ], [ 78.668712000007744, 17.448156011403714 ], [ 78.668826827867704, 17.439124383075548 ], [ 78.659417815192938, 17.439013972335129 ], [ 78.659302524897797, 17.448045539922187 ] ] ] } },
{ "type": "Feature", "properties": { "grid_id": "HYD_1511" }, "geometry": { "type": "Polygon", "coordinates": [ [ [ 78.659417815192938, 17.439013972335129 ], [ 78.668826827867704, 17.439124383075548 ], [ 78.668941586824914, 17.430092745835108 ], [ 78.659533036307977, 17.42998239583002 ], [ 78.659417815192938, 17.439013972335129 ] ] ] } },
{ "type": "Feature", "properties": { "grid_id": "HYD_1512" }, "geometry": { "type": "Polygon", "coordinates": [ [ [ 78.659533036307977, 17.42998239583002 ], [ 78.668941586824914, 17.430092745835108 ], [ 78.66905627689512, 17.421061099686543 ], [ 78.659648188258771, 17.420950810411036 ], [ 78.659533036307977, 17.42998239583002 ] ] ] } },
{ "type": "Feature", "properties": { "grid_id": "HYD_1513" }, "geometry": { "type": "Polygon", "coordinates": [ [ [ 78.659648188258771, 17.420950810411036 ], [ 78.66905627689512, 17.421061099686543 ], [ 78.669170898094094, 17.412029444634033 ], [ 78.659763271061109, 17.41191921608236 ], [ 78.659648188258771, 17.420950810411036 ] ] ] } },
{ "type": "Feature", "properties": { "grid_id": "HYD_1514" }, "geometry": { "type": "Polygon", "coordinates": [ [ [ 78.659763271061109, 17.41191921608236 ], [ 78.669170898094094, 17.412029444634033 ], [ 78.66928545043757, 17.402997780681737 ], [ 78.659878284730823, 17.402887612848147 ], [ 78.659763271061109, 17.41191921608236 ] ] ] } },
{ "type": "Feature", "properties": { "grid_id": "HYD_1515" }, "geometry": { "type": "Polygon", "coordinates": [ [ [ 78.659878284730823, 17.402887612848147 ], [ 78.66928545043757, 17.402997780681737 ], [ 78.669399933941293, 17.393966107833833 ], [ 78.659993229283671, 17.393856000712571 ], [ 78.659878284730823, 17.402887612848147 ] ] ] } },
{ "type": "Feature", "properties": { "grid_id": "HYD_1516" }, "geometry": { "type": "Polygon", "coordinates": [ [ [ 78.659993229283671, 17.393856000712571 ], [ 78.669399933941293, 17.393966107833833 ], [ 78.66951434862095, 17.384934426094475 ], [ 78.660108104735443, 17.384824379679802 ], [ 78.659993229283671, 17.393856000712571 ] ] ] } },
{ "type": "Feature", "properties": { "grid_id": "HYD_1517" }, "geometry": { "type": "Polygon", "coordinates": [ [ [ 78.660108104735443, 17.384824379679802 ], [ 78.66951434862095, 17.384934426094475 ], [ 78.66962869449226, 17.375902735467832 ], [ 78.660222911101926, 17.375792749754019 ], [ 78.660108104735443, 17.384824379679802 ] ] ] } },
{ "type": "Feature", "properties": { "grid_id": "HYD_1518" }, "geometry": { "type": "Polygon", "coordinates": [ [ [ 78.660222911101926, 17.375792749754019 ], [ 78.66962869449226, 17.375902735467832 ], [ 78.669742971570912, 17.366871035958077 ], [ 78.660337648398865, 17.366761110939382 ], [ 78.660222911101926, 17.375792749754019 ] ] ] } },
{ "type": "Feature", "properties": { "grid_id": "HYD_1519" }, "geometry": { "type": "Polygon", "coordinates": [ [ [ 78.660337648398865, 17.366761110939382 ], [ 78.669742971570912, 17.366871035958077 ], [ 78.669857179872594, 17.357839327569383 ], [ 78.660452316642008, 17.357729463240069 ], [ 78.660337648398865, 17.366761110939382 ] ] ] } },
{ "type": "Feature", "properties": { "grid_id": "HYD_1520" }, "geometry": { "type": "Polygon", "coordinates": [ [ [ 78.660452316642008, 17.357729463240069 ], [ 78.669857179872594, 17.357839327569383 ], [ 78.66997131941298, 17.348807610305911 ], [ 78.660566915847085, 17.348697806660258 ], [ 78.660452316642008, 17.357729463240069 ] ] ] } },
{ "type": "Feature", "properties": { "grid_id": "HYD_1521" }, "geometry": { "type": "Polygon", "coordinates": [ [ [ 78.660566915847085, 17.348697806660258 ], [ 78.66997131941298, 17.348807610305911 ], [ 78.670085390207731, 17.339775884171832 ], [ 78.660681446029812, 17.339666141204116 ], [ 78.660566915847085, 17.348697806660258 ] ] ] } },
{ "type": "Feature", "properties": { "grid_id": "HYD_1522" }, "geometry": { "type": "Polygon", "coordinates": [ [ [ 78.668251999224779, 17.484282435510323 ], [ 78.677663395831772, 17.484392704965348 ], [ 78.677778035899621, 17.475361051807926 ], [ 78.66836710285358, 17.475250842872903 ], [ 78.668251999224779, 17.484282435510323 ] ] ] } },
{ "type": "Feature", "properties": { "grid_id": "HYD_1523" }, "geometry": { "type": "Polygon", "coordinates": [ [ [ 78.66836710285358, 17.475250842872903 ], [ 78.677778035899621, 17.475361051807926 ], [ 78.677892607279148, 17.466329389727342 ], [ 78.668482137516477, 17.466219241306554 ], [ 78.66836710285358, 17.475250842872903 ] ] ] } },
{ "type": "Feature", "properties": { "grid_id": "HYD_1524" }, "geometry": { "type": "Polygon", "coordinates": [ [ [ 78.668482137516477, 17.466219241306554 ], [ 78.677892607279148, 17.466329389727342 ], [ 78.678007109986098, 17.45729771872773 ], [ 78.668597103229274, 17.457187630815437 ], [ 78.668482137516477, 17.466219241306554 ] ] ] } },
{ "type": "Feature", "properties": { "grid_id": "HYD_1525" }, "geometry": { "type": "Polygon", "coordinates": [ [ [ 78.668597103229274, 17.457187630815437 ], [ 78.678007109986098, 17.45729771872773 ], [ 78.67812154403623, 17.448266038813262 ], [ 78.668712000007744, 17.448156011403714 ], [ 78.668597103229274, 17.457187630815437 ] ] ] } },
{ "type": "Feature", "properties": { "grid_id": "HYD_1526" }, "geometry": { "type": "Polygon", "coordinates": [ [ [ 78.668712000007744, 17.448156011403714 ], [ 78.67812154403623, 17.448266038813262 ], [ 78.67823590944522, 17.439234349988094 ], [ 78.668826827867704, 17.439124383075548 ], [ 78.668712000007744, 17.448156011403714 ] ] ] } },
{ "type": "Feature", "properties": { "grid_id": "HYD_1527" }, "geometry": { "type": "Polygon", "coordinates": [ [ [ 78.668826827867704, 17.439124383075548 ], [ 78.67823590944522, 17.439234349988094 ], [ 78.678350206228828, 17.430202652256373 ], [ 78.668941586824914, 17.430092745835108 ], [ 78.668826827867704, 17.439124383075548 ] ] ] } },
{ "type": "Feature", "properties": { "grid_id": "HYD_1528" }, "geometry": { "type": "Polygon", "coordinates": [ [ [ 78.668941586824914, 17.430092745835108 ], [ 78.678350206228828, 17.430202652256373 ], [ 78.678464434402713, 17.421170945622279 ], [ 78.66905627689512, 17.421061099686543 ], [ 78.668941586824914, 17.430092745835108 ] ] ] } },
{ "type": "Feature", "properties": { "grid_id": "HYD_1529" }, "geometry": { "type": "Polygon", "coordinates": [ [ [ 78.66905627689512, 17.421061099686543 ], [ 78.678464434402713, 17.421170945622279 ], [ 78.678578593982579, 17.412139230089974 ], [ 78.669170898094094, 17.412029444634033 ], [ 78.66905627689512, 17.421061099686543 ] ] ] } },
{ "type": "Feature", "properties": { "grid_id": "HYD_1530" }, "geometry": { "type": "Polygon", "coordinates": [ [ [ 78.669170898094094, 17.412029444634033 ], [ 78.678578593982579, 17.412139230089974 ], [ 78.6786926849841, 17.403107505663602 ], [ 78.66928545043757, 17.402997780681737 ], [ 78.669170898094094, 17.412029444634033 ] ] ] } },
{ "type": "Feature", "properties": { "grid_id": "HYD_1531" }, "geometry": { "type": "Polygon", "coordinates": [ [ [ 78.66928545043757, 17.402997780681737 ], [ 78.6786926849841, 17.403107505663602 ], [ 78.67880670742295, 17.394075772347342 ], [ 78.669399933941293, 17.393966107833833 ], [ 78.66928545043757, 17.402997780681737 ] ] ] } },
{ "type": "Feature", "properties": { "grid_id": "HYD_1532" }, "geometry": { "type": "Polygon", "coordinates": [ [ [ 78.669399933941293, 17.393966107833833 ], [ 78.67880670742295, 17.394075772347342 ], [ 78.678920661314763, 17.385044030145352 ], [ 78.66951434862095, 17.384934426094475 ], [ 78.669399933941293, 17.393966107833833 ] ] ] } },
{ "type": "Feature", "properties": { "grid_id": "HYD_1533" }, "geometry": { "type": "Polygon", "coordinates": [ [ [ 78.66951434862095, 17.384934426094475 ], [ 78.678920661314763, 17.385044030145352 ], [ 78.679034546675211, 17.37601227906179 ], [ 78.66962869449226, 17.375902735467832 ], [ 78.66951434862095, 17.384934426094475 ] ] ] } },
{ "type": "Feature", "properties": { "grid_id": "HYD_1534" }, "geometry": { "type": "Polygon", "coordinates": [ [ [ 78.66962869449226, 17.375902735467832 ], [ 78.679034546675211, 17.37601227906179 ], [ 78.679148363519914, 17.366980519100832 ], [ 78.669742971570912, 17.366871035958077 ], [ 78.66962869449226, 17.375902735467832 ] ] ] } },
{ "type": "Feature", "properties": { "grid_id": "HYD_1535" }, "geometry": { "type": "Polygon", "coordinates": [ [ [ 78.669742971570912, 17.366871035958077 ], [ 78.679148363519914, 17.366980519100832 ], [ 78.679262111864475, 17.357948750266633 ], [ 78.669857179872594, 17.357839327569383 ], [ 78.669742971570912, 17.366871035958077 ] ] ] } },
{ "type": "Feature", "properties": { "grid_id": "HYD_1536" }, "geometry": { "type": "Polygon", "coordinates": [ [ [ 78.669857179872594, 17.357839327569383 ], [ 78.679262111864475, 17.357948750266633 ], [ 78.679375791724524, 17.348916972563373 ], [ 78.66997131941298, 17.348807610305911 ], [ 78.669857179872594, 17.357839327569383 ] ] ] } },
{ "type": "Feature", "properties": { "grid_id": "HYD_1537" }, "geometry": { "type": "Polygon", "coordinates": [ [ [ 78.678464434402713, 17.421170945622279 ], [ 78.687872660504311, 17.42128034820399 ], [ 78.687986358449393, 17.412248572435907 ], [ 78.678578593982579, 17.412139230089974 ], [ 78.678464434402713, 17.421170945622279 ] ] ] } },
{ "type": "Feature", "properties": { "grid_id": "HYD_1538" }, "geometry": { "type": "Polygon", "coordinates": [ [ [ 78.678578593982579, 17.412139230089974 ], [ 78.687986358449393, 17.412248572435907 ], [ 78.688099988093299, 17.403216787779481 ], [ 78.6786926849841, 17.403107505663602 ], [ 78.678578593982579, 17.412139230089974 ] ] ] } },
{ "type": "Feature", "properties": { "grid_id": "HYD_1539" }, "geometry": { "type": "Polygon", "coordinates": [ [ [ 78.6786926849841, 17.403107505663602 ], [ 78.688099988093299, 17.403216787779481 ], [ 78.688213549451632, 17.394184994238856 ], [ 78.67880670742295, 17.394075772347342 ], [ 78.6786926849841, 17.403107505663602 ] ] ] } },
{ "type": "Feature", "properties": { "grid_id": "HYD_1540" }, "geometry": { "type": "Polygon", "coordinates": [ [ [ 78.67880670742295, 17.394075772347342 ], [ 78.688213549451632, 17.394184994238856 ], [ 78.688327042539981, 17.385153191818194 ], [ 78.678920661314763, 17.385044030145352 ], [ 78.67880670742295, 17.394075772347342 ] ] ] } },
{ "type": "Feature", "properties": { "grid_id": "HYD_1541" }, "geometry": { "type": "Polygon", "coordinates": [ [ [ 78.678920661314763, 17.385044030145352 ], [ 78.688327042539981, 17.385153191818194 ], [ 78.688440467373923, 17.376121380521663 ], [ 78.679034546675211, 17.37601227906179 ], [ 78.678920661314763, 17.385044030145352 ] ] ] } },
{ "type": "Feature", "properties": { "grid_id": "HYD_1542" }, "geometry": { "type": "Polygon", "coordinates": [ [ [ 78.679034546675211, 17.37601227906179 ], [ 78.688440467373923, 17.376121380521663 ], [ 78.688553823969045, 17.367089560353417 ], [ 78.679148363519914, 17.366980519100832 ], [ 78.679034546675211, 17.37601227906179 ] ] ] } },
{ "type": "Feature", "properties": { "grid_id": "HYD_1543" }, "geometry": { "type": "Polygon", "coordinates": [ [ [ 78.679148363519914, 17.366980519100832 ], [ 78.688553823969045, 17.367089560353417 ], [ 78.68866711234088, 17.358057731317622 ], [ 78.679262111864475, 17.357948750266633 ], [ 78.679148363519914, 17.366980519100832 ] ] ] } }
]
}
